family	status	logical_key	baseline_lookup_key_digest	current_lookup_key_digest	baseline_setup_fields	current_setup_fields	baseline_first_direct_setup_capacity	current_first_direct_setup_capacity	baseline_proof_bytes	current_proof_bytes	baseline_levels	current_levels	baseline_row_digest	current_row_digest	baseline_policy	current_policy
fp128_dense	changed	final=14:1;precommitted=	235fdc37cb4e83e243a17cafde8597967ef2316443a2656dee73a57dc55cac8e	235fdc37cb4e83e243a17cafde8597967ef2316443a2656dee73a57dc55cac8e	131072	163840	32768	32768	65074	76462	5	6	d3d4cd8a9d93b8cf23176c2675e7579b82d31c67b76b87da030a5c767bef6f13	2d0b8c5ecaee81974422cf2877d9bedad062f3ad27d3fa6c850450f3d16f1658	cutover=L2;L0[chunks=1@0,rel=quotient,qrm=0,cqrm=0,eor=0,in=16384,out=470976;witness=PACK,s=64,h=8,partial=64,quotient=64,src=canonical,dA=512,sec=Linf]/L1[chunks=1@0,rel=quotient,qrm=0,cqrm=0,eor=0,in=470976,out=288256;witness=PACK,s=64,h=1,partial=64,quotient=64,src=canonical,dA=64,sec=Linf]/L2[chunks=1@0,rel=reduced-evaluation,qrm=14336,cqrm=1536,eor=0,in=288256,out=210944;witness=ET,s=-,h=-,partial=-,quotient=-,src=canonical,dA=64,sec=Linf]/L3[chunks=1@0,rel=reduced-evaluation,qrm=9984,cqrm=0,eor=0,in=210944,out=112128;witness=ET,s=-,h=-,partial=-,quotient=-,src=canonical,dA=64,sec=L2]/T[method=ET,src=canonical,eor=0,input=112128,dA=64,sec=L2]	cutover=L2;L0[chunks=1@0,rel=quotient,qrm=0,cqrm=0,eor=0,in=16384,out=493504;witness=PACK,s=64,h=8,partial=64,quotient=64,src=canonical,dA=512,sec=Linf]/L1[chunks=1@0,rel=quotient,qrm=0,cqrm=0,eor=0,in=493504,out=390400;witness=PACK,s=128,h=2,partial=128,quotient=128,src=canonical,dA=256,sec=Linf]/L2[chunks=1@0,rel=reduced-evaluation,qrm=16384,cqrm=3072,eor=0,in=390400,out=270336;witness=ET,s=-,h=-,partial=-,quotient=-,src=canonical,dA=64,sec=Linf]/L3[chunks=1@0,rel=reduced-evaluation,qrm=11264,cqrm=0,eor=0,in=270336,out=128896;witness=ET,s=-,h=-,partial=-,quotient=-,src=canonical,dA=64,sec=L2]/L4[chunks=1@0,rel=reduced-evaluation,qrm=9856,cqrm=0,eor=0,in=128896,out=93696;witness=ET,s=-,h=-,partial=-,quotient=-,src=canonical,dA=64,sec=L2]/T[method=ET,src=canonical,eor=0,input=93696,dA=64,sec=L2]
fp128_dense	changed	final=15:2;precommitted=	c087e777d755574ba60cc3ed9d2768052d7510780d99c0fe235c0a00f0202e57	c087e777d755574ba60cc3ed9d2768052d7510780d99c0fe235c0a00f0202e57	165120	327680	65536	65536	67327	77038	6	6	dfc9329694b577eaffbcf304427b8e0a71764c75080498d535a877ba6e695ffc	ff5066e453a84acb1e3b0e0ce707950f0b22bfcd31276ce7d1e337de480c4d8b	cutover=L2;L0[chunks=1@0,rel=quotient,qrm=0,cqrm=0,eor=0,in=32768,out=812480;witness=PACK,s=64,h=8,partial=64,quotient=64,src=canonical,dA=512,sec=Linf]/L1[chunks=1@0,rel=quotient,qrm=0,cqrm=0,eor=0,in=812480,out=466816;witness=PACK,s=128,h=2,partial=128,quotient=128,src=canonical,dA=256,sec=Linf]/L2[chunks=1@0,rel=reduced-evaluation,qrm=19264,cqrm=2064,eor=0,in=466816,out=357952;witness=ET,s=-,h=-,partial=-,quotient=-,src=canonical,dA=64,sec=Linf]/L3[chunks=1@0,rel=reduced-evaluation,qrm=12288,cqrm=1536,eor=0,in=357952,out=208896;witness=ET,s=-,h=-,partial=-,quotient=-,src=canonical,dA=64,sec=L2]/L4[chunks=1@0,rel=reduced-evaluation,qrm=9984,cqrm=0,eor=0,in=208896,out=112128;witness=ET,s=-,h=-,partial=-,quotient=-,src=canonical,dA=64,sec=L2]/T[method=ET,src=canonical,eor=0,input=112128,dA=64,sec=L2]	cutover=L2;L0[chunks=1@0,rel=quotient,qrm=0,cqrm=0,eor=0,in=32768,out=851392;witness=PACK,s=64,h=8,partial=64,quotient=64,src=canonical,dA=512,sec=Linf]/L1[chunks=1@0,rel=quotient,qrm=0,cqrm=0,eor=0,in=851392,out=472960;witness=PACK,s=128,h=2,partial=128,quotient=128,src=canonical,dA=256,sec=Linf]/L2[chunks=1@0,rel=reduced-evaluation,qrm=13312,cqrm=2496,eor=0,in=472960,out=235520;witness=ET,s=-,h=-,partial=-,quotient=-,src=canonical,dA=64,sec=Linf]/L3[chunks=1@0,rel=reduced-evaluation,qrm=11264,cqrm=0,eor=0,in=235520,out=121856;witness=ET,s=-,h=-,partial=-,quotient=-,src=canonical,dA=64,sec=L2]/L4[chunks=1@0,rel=reduced-evaluation,qrm=9856,cqrm=0,eor=0,in=121856,out=93696;witness=ET,s=-,h=-,partial=-,quotient=-,src=canonical,dA=64,sec=L2]/T[method=ET,src=canonical,eor=0,input=93696,dA=64,sec=L2]
fp128_dense	changed	final=16:1;precommitted=	619d5acd56307a5aff5911635e36969a167028482b33cc55f9f90598a55554be	619d5acd56307a5aff5911635e36969a167028482b33cc55f9f90598a55554be	165120	327680	65536	65536	67325	77036	6	6	58e24a7c08e74913343e880b2cef69be35403e495c037db81c62569a05e379b5	3a5a1622551715e27bcaed86d1e240eae8e8f7555cf73fc7c8a959a71c845ba8	cutover=L2;L0[chunks=1@0,rel=quotient,qrm=0,cqrm=0,eor=0,in=65536,out=812480;witness=PACK,s=64,h=8,partial=64,quotient=64,src=canonical,dA=512,sec=Linf]/L1[chunks=1@0,rel=quotient,qrm=0,cqrm=0,eor=0,in=812480,out=466816;witness=PACK,s=128,h=2,partial=128,quotient=128,src=canonical,dA=256,sec=Linf]/L2[chunks=1@0,rel=reduced-evaluation,qrm=19264,cqrm=2064,eor=0,in=466816,out=357952;witness=ET,s=-,h=-,partial=-,quotient=-,src=canonical,dA=64,sec=Linf]/L3[chunks=1@0,rel=reduced-evaluation,qrm=12288,cqrm=1536,eor=0,in=357952,out=208896;witness=ET,s=-,h=-,partial=-,quotient=-,src=canonical,dA=64,sec=L2]/L4[chunks=1@0,rel=reduced-evaluation,qrm=9984,cqrm=0,eor=0,in=208896,out=112128;witness=ET,s=-,h=-,partial=-,quotient=-,src=canonical,dA=64,sec=L2]/T[method=ET,src=canonical,eor=0,input=112128,dA=64,sec=L2]	cutover=L2;L0[chunks=1@0,rel=quotient,qrm=0,cqrm=0,eor=0,in=65536,out=851392;witness=PACK,s=64,h=8,partial=64,quotient=64,src=canonical,dA=512,sec=Linf]/L1[chunks=1@0,rel=quotient,qrm=0,cqrm=0,eor=0,in=851392,out=472960;witness=PACK,s=128,h=2,partial=128,quotient=128,src=canonical,dA=256,sec=Linf]/L2[chunks=1@0,rel=reduced-evaluation,qrm=13312,cqrm=2496,eor=0,in=472960,out=235520;witness=ET,s=-,h=-,partial=-,quotient=-,src=canonical,dA=64,sec=Linf]/L3[chunks=1@0,rel=reduced-evaluation,qrm=11264,cqrm=0,eor=0,in=235520,out=121856;witness=ET,s=-,h=-,partial=-,quotient=-,src=canonical,dA=64,sec=L2]/L4[chunks=1@0,rel=reduced-evaluation,qrm=9856,cqrm=0,eor=0,in=121856,out=93696;witness=ET,s=-,h=-,partial=-,quotient=-,src=canonical,dA=64,sec=L2]/T[method=ET,src=canonical,eor=0,input=93696,dA=64,sec=L2]
fp128_dense	changed	final=16:1;precommitted=14:1	a3da7f0a3a79f4a27c26f420fd0989f140292fe95cf72a571abf1e95121e65db	5e8cc820e837ba71e8dcecb767b2a2f326973198d8ffadfa57c546eaf2ebde57	163840	327680	65536	65536	67929	77270	6	6	be41412341155cf94daefa12ed59d8abc47ebbb4eeb1ba315430c13609958849	ab3d0e98f87b7a27f0e47cdcfd8115beb1ce8a8f06e5eb0cc54cd66e82e5a4fb	cutover=L2;L0[chunks=1@0,rel=quotient,qrm=0,cqrm=0,eor=0,in=65536,out=1507328;witness=PACK,s=64,h=16,partial=64,quotient=64,src=canonical,dA=1024,sec=Linf;pre0=PACK,s=64,h=8,partial=64,quotient=64,src=canonical,dA=512,sec=Linf]/L1[chunks=1@0,rel=quotient,qrm=0,cqrm=0,eor=0,in=1507328,out=646912;witness=PACK,s=128,h=2,partial=128,quotient=128,src=canonical,dA=256,sec=Linf]/L2[chunks=1@0,rel=reduced-evaluation,qrm=14336,cqrm=1536,eor=0,in=646912,out=323584;witness=ET,s=-,h=-,partial=-,quotient=-,src=canonical,dA=64,sec=Linf]/L3[chunks=1@0,rel=reduced-evaluation,qrm=14336,cqrm=1536,eor=0,in=323584,out=221184;witness=ET,s=-,h=-,partial=-,quotient=-,src=canonical,dA=64,sec=Linf]/L4[chunks=1@0,rel=reduced-evaluation,qrm=9984,cqrm=0,eor=0,in=221184,out=112128;witness=ET,s=-,h=-,partial=-,quotient=-,src=canonical,dA=64,sec=L2]/T[method=ET,src=canonical,eor=0,input=112128,dA=64,sec=L2]	cutover=L2;L0[chunks=1@0,rel=quotient,qrm=0,cqrm=0,eor=0,in=65536,out=1532928;witness=PACK,s=64,h=16,partial=64,quotient=64,src=canonical,dA=1024,sec=Linf;pre0=PACK,s=64,h=8,partial=64,quotient=64,src=canonical,dA=512,sec=Linf]/L1[chunks=1@0,rel=quotient,qrm=0,cqrm=0,eor=0,in=1532928,out=653056;witness=PACK,s=128,h=2,partial=128,quotient=128,src=canonical,dA=256,sec=Linf]/L2[chunks=1@0,rel=reduced-evaluation,qrm=13312,cqrm=2496,eor=0,in=653056,out=255488;witness=ET,s=-,h=-,partial=-,quotient=-,src=canonical,dA=64,sec=Linf]/L3[chunks=1@0,rel=reduced-evaluation,qrm=11264,cqrm=0,eor=0,in=255488,out=121856;witness=ET,s=-,h=-,partial=-,quotient=-,src=canonical,dA=64,sec=L2]/L4[chunks=1@0,rel=reduced-evaluation,qrm=9856,cqrm=0,eor=0,in=121856,out=93696;witness=ET,s=-,h=-,partial=-,quotient=-,src=canonical,dA=64,sec=L2]/T[method=ET,src=canonical,eor=0,input=93696,dA=64,sec=L2]
fp128_dense	changed	final=16:2;precommitted=	1d3119b577401489425a46a52a8368829ffee0287db544156fcb790c4c1190e1	1d3119b577401489425a46a52a8368829ffee0287db544156fcb790c4c1190e1	209152	327680	131072	131072	67573	77270	6	6	fc08a02cb75b77a95e5f8a131e3914c55b084403587858a67910ede0b7196bdd	787bb3a3564a43ba46a2858c6dfcc6da94ac2312d74c4bacc5a212122fb19ca6	cutover=L2;L0[chunks=1@0,rel=quotient,qrm=0,cqrm=0,eor=0,in=65536,out=1055424;witness=PACK,s=64,h=8,partial=64,quotient=64,src=canonical,dA=512,sec=Linf]/L1[chunks=1@0,rel=quotient,qrm=0,cqrm=0,eor=0,in=1055424,out=598400;witness=PACK,s=128,h=2,partial=128,quotient=128,src=canonical,dA=256,sec=Linf]/L2[chunks=1@0,rel=reduced-evaluation,qrm=19264,cqrm=2064,eor=0,in=598400,out=412992;witness=ET,s=-,h=-,partial=-,quotient=-,src=canonical,dA=64,sec=Linf]/L3[chunks=1@0,rel=reduced-evaluation,qrm=12288,cqrm=1536,eor=0,in=412992,out=225280;witness=ET,s=-,h=-,partial=-,quotient=-,src=canonical,dA=64,sec=L2]/L4[chunks=1@0,rel=reduced-evaluation,qrm=9984,cqrm=0,eor=0,in=225280,out=112128;witness=ET,s=-,h=-,partial=-,quotient=-,src=canonical,dA=64,sec=L2]/T[method=ET,src=canonical,eor=0,input=112128,dA=64,sec=L2]	cutover=L2;L0[chunks=1@0,rel=quotient,qrm=0,cqrm=0,eor=0,in=65536,out=1127104;witness=PACK,s=64,h=8,partial=64,quotient=64,src=canonical,dA=512,sec=Linf]/L1[chunks=1@0,rel=quotient,qrm=0,cqrm=0,eor=0,in=1127104,out=592576;witness=PACK,s=128,h=2,partial=128,quotient=128,src=canonical,dA=256,sec=Linf]/L2[chunks=1@0,rel=reduced-evaluation,qrm=13312,cqrm=2496,eor=0,in=592576,out=255488;witness=ET,s=-,h=-,partial=-,quotient=-,src=canonical,dA=64,sec=Linf]/L3[chunks=1@0,rel=reduced-evaluation,qrm=11264,cqrm=0,eor=0,in=255488,out=121856;witness=ET,s=-,h=-,partial=-,quotient=-,src=canonical,dA=64,sec=L2]/L4[chunks=1@0,rel=reduced-evaluation,qrm=9856,cqrm=0,eor=0,in=121856,out=93696;witness=ET,s=-,h=-,partial=-,quotient=-,src=canonical,dA=64,sec=L2]/T[method=ET,src=canonical,eor=0,input=93696,dA=64,sec=L2]
fp128_dense	changed	final=17:4;precommitted=	b996d72cefb7a0a3262ac30ce0fd4e4200b27eff277fd1922a3c219011e6383f	b996d72cefb7a0a3262ac30ce0fd4e4200b27eff277fd1922a3c219011e6383f	204800	327680	262144	262144	68369	77568	6	6	e80322a20fd939e7a885c6a113596cc837ee30f869f884d1185b7381ebd7f4e6	4ca33e991eddf896833a4b77fbc9d40d59526b470c3b59cc9e8373faa6283b80	cutover=L2;L0[chunks=1@0,rel=quotient,qrm=0,cqrm=0,eor=0,in=131072,out=2170752;witness=PACK,s=128,h=4,partial=128,quotient=128,src=canonical,dA=512,sec=Linf]/L1[chunks=1@0,rel=quotient,qrm=0,cqrm=0,eor=0,in=2170752,out=817600;witness=PACK,s=256,h=1,partial=256,quotient=256,src=canonical,dA=256,sec=Linf]/L2[chunks=1@0,rel=reduced-evaluation,qrm=14336,cqrm=1536,eor=0,in=817600,out=374784;witness=ET,s=-,h=-,partial=-,quotient=-,src=canonical,dA=64,sec=Linf]/L3[chunks=1@0,rel=reduced-evaluation,qrm=12288,cqrm=1536,eor=0,in=374784,out=217088;witness=ET,s=-,h=-,partial=-,quotient=-,src=canonical,dA=64,sec=L2]/L4[chunks=1@0,rel=reduced-evaluation,qrm=9984,cqrm=0,eor=0,in=217088,out=112128;witness=ET,s=-,h=-,partial=-,quotient=-,src=canonical,dA=64,sec=L2]/T[method=ET,src=canonical,eor=0,input=112128,dA=64,sec=L2]	cutover=L2;L0[chunks=1@0,rel=quotient,qrm=0,cqrm=0,eor=0,in=131072,out=2307968;witness=PACK,s=128,h=4,partial=128,quotient=128,src=canonical,dA=512,sec=Linf]/L1[chunks=1@0,rel=quotient,qrm=0,cqrm=0,eor=0,in=2307968,out=845760;witness=PACK,s=256,h=1,partial=256,quotient=256,src=canonical,dA=256,sec=Linf]/L2[chunks=1@0,rel=reduced-evaluation,qrm=13312,cqrm=2496,eor=0,in=845760,out=285440;witness=ET,s=-,h=-,partial=-,quotient=-,src=canonical,dA=64,sec=Linf]/L3[chunks=1@0,rel=reduced-evaluation,qrm=11264,cqrm=0,eor=0,in=285440,out=128896;witness=ET,s=-,h=-,partial=-,quotient=-,src=canonical,dA=64,sec=L2]/L4[chunks=1@0,rel=reduced-evaluation,qrm=9856,cqrm=0,eor=0,in=128896,out=93696;witness=ET,s=-,h=-,partial=-,quotient=-,src=canonical,dA=64,sec=L2]/T[method=ET,src=canonical,eor=0,input=93696,dA=64,sec=L2]
fp128_dense	changed	final=24:1;precommitted=	94e7a14c6d0dc602c7ebc7e2d1dd26de309a4ccf1ba006bd7c284ecae724ca0d	94e7a14c6d0dc602c7ebc7e2d1dd26de309a4ccf1ba006bd7c284ecae724ca0d	786432	1048576	1048576	1048576	70995	81246	7	7	40762c7e9941ed4e145966528071ca9878c95dc86ef1064fa148b86973fa3ea5	d99c277db83a0f38f880356853508c592985503d36ebf680ece0236aa7ef30b1	cutover=L3;L0[chunks=1@0,rel=quotient,qrm=0,cqrm=0,eor=0,in=16777216,out=11975104;witness=PACK,s=64,h=8,partial=64,quotient=64,src=canonical,dA=512,sec=Linf]/L1[chunks=1@0,rel=quotient,qrm=0,cqrm=0,eor=0,in=11975104,out=2058688;witness=PACK,s=64,h=2,partial=64,quotient=64,src=canonical,dA=128,sec=Linf]/L2[chunks=1@0,rel=quotient,qrm=0,cqrm=0,eor=0,in=2058688,out=833088;witness=ET,s=-,h=-,partial=-,quotient=-,src=canonical,dA=64,sec=Linf]/L3[chunks=1@0,rel=reduced-evaluation,qrm=16512,cqrm=2064,eor=0,in=833088,out=425728;witness=ET,s=-,h=-,partial=-,quotient=-,src=canonical,dA=64,sec=L2]/L4[chunks=1@0,rel=reduced-evaluation,qrm=12288,cqrm=1536,eor=0,in=425728,out=225280;witness=ET,s=-,h=-,partial=-,quotient=-,src=canonical,dA=64,sec=L2]/L5[chunks=1@0,rel=reduced-evaluation,qrm=9984,cqrm=0,eor=0,in=225280,out=112128;witness=ET,s=-,h=-,partial=-,quotient=-,src=canonical,dA=64,sec=L2]/T[method=ET,src=canonical,eor=0,input=112128,dA=64,sec=L2]	cutover=L2;L0[chunks=1@0,rel=quotient,qrm=0,cqrm=0,eor=0,in=16777216,out=15583168;witness=PACK,s=64,h=16,partial=64,quotient=64,src=canonical,dA=1024,sec=Linf]/L1[chunks=1@0,rel=quotient,qrm=0,cqrm=0,eor=0,in=15583168,out=2670272;witness=PACK,s=64,h=8,partial=64,quotient=64,src=canonical,dA=512,sec=Linf]/L2[chunks=1@0,rel=reduced-evaluation,qrm=24768,cqrm=4128,eor=0,in=2670272,out=953408;witness=ET,s=-,h=-,partial=-,quotient=-,src=canonical,dA=64,sec=Linf]/L3[chunks=1@0,rel=reduced-evaluation,qrm=11648,cqrm=2496,eor=0,in=953408,out=280448;witness=ET,s=-,h=-,partial=-,quotient=-,src=canonical,dA=64,sec=L2]/L4[chunks=1@0,rel=reduced-evaluation,qrm=11264,cqrm=0,eor=0,in=280448,out=128896;witness=ET,s=-,h=-,partial=-,quotient=-,src=canonical,dA=64,sec=L2]/L5[chunks=1@0,rel=reduced-evaluation,qrm=9856,cqrm=0,eor=0,in=128896,out=93696;witness=ET,s=-,h=-,partial=-,quotient=-,src=canonical,dA=64,sec=L2]/T[method=ET,src=canonical,eor=0,input=93696,dA=64,sec=L2]
fp128_dense	changed	final=26:1;precommitted=	c93e949f727a2db762f7dbfe2fcdcdc29cf0a3b5fd10f76b3019de436810bc9b	c93e949f727a2db762f7dbfe2fcdcdc29cf0a3b5fd10f76b3019de436810bc9b	2097152	2097152	2097152	2097152	71567	82748	7	7	15b261ba207205cfd970c9a89eaa41303f22ff935ea6aad8f52332c22e4cc1d7	024e6c18e70ec9a21a6411a743bbf6528831e728b60105463d0a4b3c2ec8ec8d	cutover=L2;L0[chunks=1@0,rel=quotient,qrm=0,cqrm=0,eor=0,in=67108864,out=31002560;witness=PACK,s=64,h=16,partial=64,quotient=64,src=canonical,dA=1024,sec=Linf]/L1[chunks=1@0,rel=quotient,qrm=0,cqrm=0,eor=0,in=31002560,out=3668928;witness=PACK,s=64,h=8,partial=64,quotient=64,src=canonical,dA=512,sec=Linf]/L2[chunks=1@0,rel=reduced-evaluation,qrm=22016,cqrm=2064,eor=0,in=3668928,out=1007104;witness=ET,s=-,h=-,partial=-,quotient=-,src=canonical,dA=64,sec=Linf]/L3[chunks=1@0,rel=reduced-evaluation,qrm=16384,cqrm=1536,eor=0,in=1007104,out=413696;witness=ET,s=-,h=-,partial=-,quotient=-,src=canonical,dA=64,sec=Linf]/L4[chunks=1@0,rel=reduced-evaluation,qrm=12288,cqrm=1536,eor=0,in=413696,out=225280;witness=ET,s=-,h=-,partial=-,quotient=-,src=canonical,dA=64,sec=L2]/L5[chunks=1@0,rel=reduced-evaluation,qrm=9984,cqrm=0,eor=0,in=225280,out=112128;witness=ET,s=-,h=-,partial=-,quotient=-,src=canonical,dA=64,sec=L2]/T[method=ET,src=canonical,eor=0,input=112128,dA=64,sec=L2]	cutover=L2;L0[chunks=1@0,rel=quotient,qrm=0,cqrm=0,eor=0,in=67108864,out=31008704;witness=PACK,s=64,h=16,partial=64,quotient=64,src=canonical,dA=1024,sec=Linf]/L1[chunks=1@0,rel=quotient,qrm=0,cqrm=0,eor=0,in=31008704,out=4131584;witness=PACK,s=64,h=8,partial=64,quotient=64,src=canonical,dA=512,sec=Linf]/L2[chunks=1@0,rel=reduced-evaluation,qrm=14976,cqrm=2496,eor=0,in=4131584,out=614400;witness=ET,s=-,h=-,partial=-,quotient=-,src=canonical,dA=64,sec=Linf]/L3[chunks=1@0,rel=reduced-evaluation,qrm=11648,cqrm=2496,eor=0,in=614400,out=280960;witness=ET,s=-,h=-,partial=-,quotient=-,src=canonical,dA=64,sec=L2]/L4[chunks=1@0,rel=reduced-evaluation,qrm=11264,cqrm=0,eor=0,in=280960,out=128896;witness=ET,s=-,h=-,partial=-,quotient=-,src=canonical,dA=64,sec=L2]/L5[chunks=1@0,rel=reduced-evaluation,qrm=9856,cqrm=0,eor=0,in=128896,out=93696;witness=ET,s=-,h=-,partial=-,quotient=-,src=canonical,dA=64,sec=L2]/T[method=ET,src=canonical,eor=0,input=93696,dA=64,sec=L2]
fp128_dense	changed	final=28:1;precommitted=	a46de3bb37f42fa48a71b95f2322aad4c4e9c8626b40c631cd6537cb251072a1	a46de3bb37f42fa48a71b95f2322aad4c4e9c8626b40c631cd6537cb251072a1	4194304	4194304	4194304	4194304	71798	83244	7	7	059e2c14eea64824f0025264b680ab23b4916718a55fe1c2c2233e48d3ee68d9	608f0ca801450a1c8d5e3744f7619b479e0eedf491922afd141dd6b855203e9a	cutover=L2;L0[chunks=1@0,rel=quotient,qrm=0,cqrm=0,eor=0,in=268435456,out=61853632;witness=PACK,s=64,h=16,partial=64,quotient=64,src=canonical,dA=1024,sec=Linf]/L1[chunks=1@0,rel=quotient,qrm=0,cqrm=0,eor=0,in=61853632,out=4090176;witness=PACK,s=64,h=1,partial=64,quotient=64,src=canonical,dA=64,sec=Linf]/L2[chunks=1@0,rel=reduced-evaluation,qrm=22016,cqrm=2064,eor=0,in=4090176,out=1073152;witness=ET,s=-,h=-,partial=-,quotient=-,src=canonical,dA=64,sec=Linf]/L3[chunks=1@0,rel=reduced-evaluation,qrm=16384,cqrm=1536,eor=0,in=1073152,out=425984;witness=ET,s=-,h=-,partial=-,quotient=-,src=canonical,dA=64,sec=Linf]/L4[chunks=1@0,rel=reduced-evaluation,qrm=12288,cqrm=1536,eor=0,in=425984,out=225280;witness=ET,s=-,h=-,partial=-,quotient=-,src=canonical,dA=64,sec=L2]/L5[chunks=1@0,rel=reduced-evaluation,qrm=9984,cqrm=0,eor=0,in=225280,out=112128;witness=ET,s=-,h=-,partial=-,quotient=-,src=canonical,dA=64,sec=L2]/T[method=ET,src=canonical,eor=0,input=112128,dA=64,sec=L2]	cutover=L2;L0[chunks=1@0,rel=quotient,qrm=0,cqrm=0,eor=0,in=268435456,out=61859776;witness=PACK,s=64,h=16,partial=64,quotient=64,src=canonical,dA=1024,sec=Linf]/L1[chunks=1@0,rel=quotient,qrm=0,cqrm=0,eor=0,in=61859776,out=4434752;witness=PACK,s=64,h=2,partial=64,quotient=64,src=canonical,dA=128,sec=Linf]/L2[chunks=1@0,rel=reduced-evaluation,qrm=24768,cqrm=4128,eor=0,in=4434752,out=1203840;witness=ET,s=-,h=-,partial=-,quotient=-,src=canonical,dA=64,sec=Linf]/L3[chunks=1@0,rel=reduced-evaluation,qrm=11648,cqrm=0,eor=0,in=1203840,out=289152;witness=ET,s=-,h=-,partial=-,quotient=-,src=canonical,dA=64,sec=L2]/L4[chunks=1@0,rel=reduced-evaluation,qrm=11264,cqrm=0,eor=0,in=289152,out=128896;witness=ET,s=-,h=-,partial=-,quotient=-,src=canonical,dA=64,sec=L2]/L5[chunks=1@0,rel=reduced-evaluation,qrm=9856,cqrm=0,eor=0,in=128896,out=93696;witness=ET,s=-,h=-,partial=-,quotient=-,src=canonical,dA=64,sec=L2]/T[method=ET,src=canonical,eor=0,input=93696,dA=64,sec=L2]
fp128_dense	changed	final=30:1;precommitted=	0661c6ea7796b195873f4f0afc34e1f8ab8b773648907a24b0f5110247bb10d2	0661c6ea7796b195873f4f0afc34e1f8ab8b773648907a24b0f5110247bb10d2	8388608	11272192	8388608	16777216	72371	84362	7	8	f371bbb05c8224f3f9a34bfacaed89966e1de3cf1f225a659fd7bce93d6769df	9260c19683c32fe9ee297106fc75e94bf79bbabe0306aaf385a6cdbc95f542e9	cutover=L2;L0[chunks=1@0,rel=quotient,qrm=0,cqrm=0,eor=0,in=1073741824,out=123555776;witness=PACK,s=64,h=16,partial=64,quotient=64,src=canonical,dA=1024,sec=Linf]/L1[chunks=1@0,rel=quotient,qrm=0,cqrm=0,eor=0,in=123555776,out=7202624;witness=PACK,s=64,h=8,partial=64,quotient=64,src=canonical,dA=512,sec=Linf]/L2[chunks=1@0,rel=reduced-evaluation,qrm=22016,cqrm=2064,eor=0,in=7202624,out=1452928;witness=ET,s=-,h=-,partial=-,quotient=-,src=canonical,dA=64,sec=Linf]/L3[chunks=1@0,rel=reduced-evaluation,qrm=12288,cqrm=1536,eor=0,in=1452928,out=405504;witness=ET,s=-,h=-,partial=-,quotient=-,src=canonical,dA=64,sec=L2]/L4[chunks=1@0,rel=reduced-evaluation,qrm=12288,cqrm=1536,eor=0,in=405504,out=225280;witness=ET,s=-,h=-,partial=-,quotient=-,src=canonical,dA=64,sec=L2]/L5[chunks=1@0,rel=reduced-evaluation,qrm=9984,cqrm=0,eor=0,in=225280,out=112128;witness=ET,s=-,h=-,partial=-,quotient=-,src=canonical,dA=64,sec=L2]/T[method=ET,src=canonical,eor=0,input=112128,dA=64,sec=L2]	cutover=L2;L0[chunks=1@0,rel=quotient,qrm=0,cqrm=0,eor=0,in=1073741824,out=126393728;witness=PACK,s=128,h=8,partial=128,quotient=128,src=canonical,dA=1024,sec=Linf]/L1[chunks=1@0,rel=quotient,qrm=0,cqrm=0,eor=0,in=126393728,out=6845376;witness=PACK,s=64,h=2,partial=64,quotient=64,src=canonical,dA=128,sec=Linf]/L2[chunks=1@0,rel=reduced-evaluation,qrm=24768,cqrm=4128,eor=0,in=6845376,out=1569856;witness=ET,s=-,h=-,partial=-,quotient=-,src=canonical,dA=64,sec=Linf]/L3[chunks=1@0,rel=reduced-evaluation,qrm=22016,cqrm=4128,eor=0,in=1569856,out=683008;witness=ET,s=-,h=-,partial=-,quotient=-,src=canonical,dA=64,sec=Linf]/L4[chunks=1@0,rel=reduced-evaluation,qrm=13312,cqrm=2496,eor=0,in=683008,out=265472;witness=ET,s=-,h=-,partial=-,quotient=-,src=canonical,dA=64,sec=Linf]/L5[chunks=1@0,rel=reduced-evaluation,qrm=11264,cqrm=0,eor=0,in=265472,out=128896;witness=ET,s=-,h=-,partial=-,quotient=-,src=canonical,dA=64,sec=L2]/L6[chunks=1@0,rel=reduced-evaluation,qrm=9856,cqrm=0,eor=0,in=128896,out=93696;witness=ET,s=-,h=-,partial=-,quotient=-,src=canonical,dA=64,sec=L2]/T[method=ET,src=canonical,eor=0,input=93696,dA=64,sec=L2]
fp128_dense	changed	final=32:1;precommitted=	47272635f2438376271d1b13f43ae0fbb70effc54ee431f53fae213a90ff22bc	47272635f2438376271d1b13f43ae0fbb70effc54ee431f53fae213a90ff22bc	16777216	22544384	16777216	33554432	72486	84594	7	8	5a1b71911b2cc06eb1893de0df0c56508d17bdaae004f4e8db0f1d0a10028699	77a4239d93a5745ad57f4e83309585ac612362d82acbcd997f60256c9c977d32	cutover=L2;L0[chunks=1@0,rel=quotient,qrm=0,cqrm=0,eor=0,in=4294967296,out=252598912;witness=PACK,s=128,h=8,partial=128,quotient=128,src=canonical,dA=1024,sec=Linf]/L1[chunks=1@0,rel=quotient,qrm=0,cqrm=0,eor=0,in=252598912,out=8218304;witness=PACK,s=64,h=1,partial=64,quotient=64,src=canonical,dA=64,sec=Linf]/L2[chunks=1@0,rel=reduced-evaluation,qrm=22016,cqrm=2064,eor=0,in=8218304,out=1585024;witness=ET,s=-,h=-,partial=-,quotient=-,src=canonical,dA=64,sec=Linf]/L3[chunks=1@0,rel=reduced-evaluation,qrm=12288,cqrm=1536,eor=0,in=1585024,out=421888;witness=ET,s=-,h=-,partial=-,quotient=-,src=canonical,dA=64,sec=L2]/L4[chunks=1@0,rel=reduced-evaluation,qrm=12288,cqrm=1536,eor=0,in=421888,out=225280;witness=ET,s=-,h=-,partial=-,quotient=-,src=canonical,dA=64,sec=L2]/L5[chunks=1@0,rel=reduced-evaluation,qrm=9984,cqrm=0,eor=0,in=225280,out=112128;witness=ET,s=-,h=-,partial=-,quotient=-,src=canonical,dA=64,sec=L2]/T[method=ET,src=canonical,eor=0,input=112128,dA=64,sec=L2]	cutover=L2;L0[chunks=1@0,rel=quotient,qrm=0,cqrm=0,eor=0,in=4294967296,out=252616064;witness=PACK,s=128,h=8,partial=128,quotient=128,src=canonical,dA=1024,sec=Linf]/L1[chunks=1@0,rel=quotient,qrm=0,cqrm=0,eor=0,in=252616064,out=10299008;witness=PACK,s=64,h=8,partial=64,quotient=64,src=canonical,dA=512,sec=Linf]/L2[chunks=1@0,rel=reduced-evaluation,qrm=24768,cqrm=4128,eor=0,in=10299008,out=1843712;witness=ET,s=-,h=-,partial=-,quotient=-,src=canonical,dA=64,sec=Linf]/L3[chunks=1@0,rel=reduced-evaluation,qrm=22016,cqrm=4128,eor=0,in=1843712,out=765568;witness=ET,s=-,h=-,partial=-,quotient=-,src=canonical,dA=64,sec=Linf]/L4[chunks=1@0,rel=reduced-evaluation,qrm=13312,cqrm=2496,eor=0,in=765568,out=275456;witness=ET,s=-,h=-,partial=-,quotient=-,src=canonical,dA=64,sec=Linf]/L5[chunks=1@0,rel=reduced-evaluation,qrm=11264,cqrm=0,eor=0,in=275456,out=128896;witness=ET,s=-,h=-,partial=-,quotient=-,src=canonical,dA=64,sec=L2]/L6[chunks=1@0,rel=reduced-evaluation,qrm=9856,cqrm=0,eor=0,in=128896,out=93696;witness=ET,s=-,h=-,partial=-,quotient=-,src=canonical,dA=64,sec=L2]/T[method=ET,src=canonical,eor=0,input=93696,dA=64,sec=L2]
fp128_dense_bounded	changed	final=14:1;precommitted=	235fdc37cb4e83e243a17cafde8597967ef2316443a2656dee73a57dc55cac8e	235fdc37cb4e83e243a17cafde8597967ef2316443a2656dee73a57dc55cac8e	131072	163840	32768	32768	64380	73852	5	5	e1b6057dd0a076737974a9bfa646cfb24d2a0232cc6ec4c98ef301d0a5655035	5456145eb170d52daaac86f308ba1785d17ffcfdcbaea41a0387f82d760e4f98	cutover=L2;L0[chunks=1@0,rel=quotient,qrm=0,cqrm=0,eor=0,in=16384,out=328128;witness=PACK,s=64,h=8,partial=64,quotient=64,src=canonical,dA=512,sec=Linf]/L1[chunks=1@0,rel=quotient,qrm=0,cqrm=0,eor=0,in=328128,out=324288;witness=PACK,s=64,h=1,partial=64,quotient=64,src=canonical,dA=64,sec=Linf]/L2[chunks=1@0,rel=reduced-evaluation,qrm=14336,cqrm=1536,eor=0,in=324288,out=221184;witness=ET,s=-,h=-,partial=-,quotient=-,src=canonical,dA=64,sec=Linf]/L3[chunks=1@0,rel=reduced-evaluation,qrm=9984,cqrm=0,eor=0,in=221184,out=112128;witness=ET,s=-,h=-,partial=-,quotient=-,src=canonical,dA=64,sec=L2]/T[method=ET,src=canonical,eor=0,input=112128,dA=64,sec=L2]	cutover=L2;L0[chunks=1@0,rel=quotient,qrm=0,cqrm=0,eor=0,in=16384,out=338368;witness=PACK,s=64,h=8,partial=64,quotient=64,src=canonical,dA=512,sec=Linf]/L1[chunks=1@0,rel=quotient,qrm=0,cqrm=0,eor=0,in=338368,out=225600;witness=PACK,s=128,h=2,partial=128,quotient=128,src=canonical,dA=256,sec=Linf]/L2[chunks=1@0,rel=reduced-evaluation,qrm=12672,cqrm=0,eor=0,in=225600,out=124672;witness=ET,s=-,h=-,partial=-,quotient=-,src=canonical,dA=64,sec=Linf]/L3[chunks=1@0,rel=reduced-evaluation,qrm=9856,cqrm=0,eor=0,in=124672,out=93696;witness=ET,s=-,h=-,partial=-,quotient=-,src=canonical,dA=64,sec=L2]/T[method=ET,src=canonical,eor=0,input=93696,dA=64,sec=L2]
fp128_dense_bounded	changed	final=24:1;precommitted=	94e7a14c6d0dc602c7ebc7e2d1dd26de309a4ccf1ba006bd7c284ecae724ca0d	94e7a14c6d0dc602c7ebc7e2d1dd26de309a4ccf1ba006bd7c284ecae724ca0d	786432	1048576	1048576	1048576	70995	80790	7	7	098613f6914e533abaf3d05fcd35bc43da7484de617ba66cf3f60df604998769	933a1fcd681e978662c8b6833ee4871183fefb0dc7eda773b74c98d6f73bdac6	cutover=L2;L0[chunks=1@0,rel=quotient,qrm=0,cqrm=0,eor=0,in=16777216,out=8761024;witness=PACK,s=64,h=8,partial=64,quotient=64,src=canonical,dA=512,sec=Linf]/L1[chunks=1@0,rel=quotient,qrm=0,cqrm=0,eor=0,in=8761024,out=1686144;witness=PACK,s=128,h=2,partial=128,quotient=128,src=canonical,dA=256,sec=Linf]/L2[chunks=1@0,rel=reduced-evaluation,qrm=22016,cqrm=2064,eor=0,in=1686144,out=711936;witness=ET,s=-,h=-,partial=-,quotient=-,src=canonical,dA=64,sec=Linf]/L3[chunks=1@0,rel=reduced-evaluation,qrm=16512,cqrm=2064,eor=0,in=711936,out=393728;witness=ET,s=-,h=-,partial=-,quotient=-,src=canonical,dA=64,sec=L2]/L4[chunks=1@0,rel=reduced-evaluation,qrm=12288,cqrm=1536,eor=0,in=393728,out=225280;witness=ET,s=-,h=-,partial=-,quotient=-,src=canonical,dA=64,sec=L2]/L5[chunks=1@0,rel=reduced-evaluation,qrm=9984,cqrm=0,eor=0,in=225280,out=112128;witness=ET,s=-,h=-,partial=-,quotient=-,src=canonical,dA=64,sec=L2]/T[method=ET,src=canonical,eor=0,input=112128,dA=64,sec=L2]	cutover=L2;L0[chunks=1@0,rel=quotient,qrm=0,cqrm=0,eor=0,in=16777216,out=9963392;witness=PACK,s=128,h=4,partial=128,quotient=128,src=canonical,dA=512,sec=Linf]/L1[chunks=1@0,rel=quotient,qrm=0,cqrm=0,eor=0,in=9963392,out=2093952;witness=PACK,s=64,h=2,partial=64,quotient=64,src=canonical,dA=128,sec=Linf]/L2[chunks=1@0,rel=reduced-evaluation,qrm=22016,cqrm=4128,eor=0,in=2093952,out=815104;witness=ET,s=-,h=-,partial=-,quotient=-,src=canonical,dA=64,sec=Linf]/L3[chunks=1@0,rel=reduced-evaluation,qrm=13312,cqrm=2496,eor=0,in=815104,out=285440;witness=ET,s=-,h=-,partial=-,quotient=-,src=canonical,dA=64,sec=Linf]/L4[chunks=1@0,rel=reduced-evaluation,qrm=11264,cqrm=0,eor=0,in=285440,out=128896;witness=ET,s=-,h=-,partial=-,quotient=-,src=canonical,dA=64,sec=L2]/L5[chunks=1@0,rel=reduced-evaluation,qrm=9856,cqrm=0,eor=0,in=128896,out=93696;witness=ET,s=-,h=-,partial=-,quotient=-,src=canonical,dA=64,sec=L2]/T[method=ET,src=canonical,eor=0,input=93696,dA=64,sec=L2]
fp128_dense_bounded	changed	final=26:1;precommitted=	c93e949f727a2db762f7dbfe2fcdcdc29cf0a3b5fd10f76b3019de436810bc9b	c93e949f727a2db762f7dbfe2fcdcdc29cf0a3b5fd10f76b3019de436810bc9b	1572864	1409024	2097152	2097152	71226	81362	7	7	8295bb5da9908e25d120f5de5806a3e0bd5117b8a68fc41a68fbfbe7f2cd202f	a619c5ef677855b85471f790b2ea4eb20d1784d5d05de25f79e1d491d81bd785	cutover=L2;L0[chunks=1@0,rel=quotient,qrm=0,cqrm=0,eor=0,in=67108864,out=18198400;witness=PACK,s=128,h=4,partial=128,quotient=128,src=canonical,dA=512,sec=Linf]/L1[chunks=1@0,rel=quotient,qrm=0,cqrm=0,eor=0,in=18198400,out=2249024;witness=PACK,s=64,h=1,partial=64,quotient=64,src=canonical,dA=64,sec=Linf]/L2[chunks=1@0,rel=reduced-evaluation,qrm=22016,cqrm=2064,eor=0,in=2249024,out=841984;witness=ET,s=-,h=-,partial=-,quotient=-,src=canonical,dA=64,sec=Linf]/L3[chunks=1@0,rel=reduced-evaluation,qrm=16512,cqrm=2064,eor=0,in=841984,out=425728;witness=ET,s=-,h=-,partial=-,quotient=-,src=canonical,dA=64,sec=L2]/L4[chunks=1@0,rel=reduced-evaluation,qrm=12288,cqrm=1536,eor=0,in=425728,out=225280;witness=ET,s=-,h=-,partial=-,quotient=-,src=canonical,dA=64,sec=L2]/L5[chunks=1@0,rel=reduced-evaluation,qrm=9984,cqrm=0,eor=0,in=225280,out=112128;witness=ET,s=-,h=-,partial=-,quotient=-,src=canonical,dA=64,sec=L2]/T[method=ET,src=canonical,eor=0,input=112128,dA=64,sec=L2]	cutover=L2;L0[chunks=1@0,rel=quotient,qrm=0,cqrm=0,eor=0,in=67108864,out=22620096;witness=PACK,s=64,h=16,partial=64,quotient=64,src=canonical,dA=1024,sec=Linf]/L1[chunks=1@0,rel=quotient,qrm=0,cqrm=0,eor=0,in=22620096,out=3256896;witness=PACK,s=64,h=8,partial=64,quotient=64,src=canonical,dA=512,sec=Linf]/L2[chunks=1@0,rel=reduced-evaluation,qrm=24768,cqrm=4128,eor=0,in=3256896,out=1030464;witness=ET,s=-,h=-,partial=-,quotient=-,src=canonical,dA=64,sec=Linf]/L3[chunks=1@0,rel=reduced-evaluation,qrm=11648,cqrm=2496,eor=0,in=1030464,out=288768;witness=ET,s=-,h=-,partial=-,quotient=-,src=canonical,dA=64,sec=L2]/L4[chunks=1@0,rel=reduced-evaluation,qrm=11264,cqrm=0,eor=0,in=288768,out=128896;witness=ET,s=-,h=-,partial=-,quotient=-,src=canonical,dA=64,sec=L2]/L5[chunks=1@0,rel=reduced-evaluation,qrm=9856,cqrm=0,eor=0,in=128896,out=93696;witness=ET,s=-,h=-,partial=-,quotient=-,src=canonical,dA=64,sec=L2]/T[method=ET,src=canonical,eor=0,input=93696,dA=64,sec=L2]
fp128_dense_multi_chunk	changed	final=16:1;precommitted=	619d5acd56307a5aff5911635e36969a167028482b33cc55f9f90598a55554be	619d5acd56307a5aff5911635e36969a167028482b33cc55f9f90598a55554be	655360	786432	65536	65536	71218	82896	7	7	daa4f498de8d0b8d8b232523558f1eff5bb4314b11831293f059147b78c55e92	4f331fa1d082c65127b5e702dc2e1ccf242c16839793f7c4d5157fafde5176d5	cutover=L2;L0[chunks=8@2,rel=quotient,qrm=0,cqrm=0,eor=0,in=65536,out=3275200;witness=PACK,s=64,h=8,partial=64,quotient=64,src=canonical,dA=512,sec=Linf]/L1[chunks=8@2,rel=quotient,qrm=0,cqrm=0,eor=0,in=3275200,out=3398016;witness=PACK,s=64,h=1,partial=64,quotient=64,src=canonical,dA=64,sec=Linf]/L2[chunks=1@0,rel=reduced-evaluation,qrm=22016,cqrm=2064,eor=0,in=3398016,out=974080;witness=ET,s=-,h=-,partial=-,quotient=-,src=canonical,dA=64,sec=Linf]/L3[chunks=1@0,rel=reduced-evaluation,qrm=16384,cqrm=1536,eor=0,in=974080,out=401408;witness=ET,s=-,h=-,partial=-,quotient=-,src=canonical,dA=64,sec=Linf]/L4[chunks=1@0,rel=reduced-evaluation,qrm=12288,cqrm=1536,eor=0,in=401408,out=225280;witness=ET,s=-,h=-,partial=-,quotient=-,src=canonical,dA=64,sec=L2]/L5[chunks=1@0,rel=reduced-evaluation,qrm=9984,cqrm=0,eor=0,in=225280,out=112128;witness=ET,s=-,h=-,partial=-,quotient=-,src=canonical,dA=64,sec=L2]/T[method=ET,src=canonical,eor=0,input=112128,dA=64,sec=L2]	cutover=L2;L0[chunks=8@2,rel=quotient,qrm=0,cqrm=0,eor=0,in=65536,out=4876224;witness=PACK,s=64,h=16,partial=64,quotient=64,src=canonical,dA=1024,sec=Linf]/L1[chunks=8@2,rel=quotient,qrm=0,cqrm=0,eor=0,in=4876224,out=4460992;witness=PACK,s=64,h=4,partial=64,quotient=64,src=canonical,dA=256,sec=Linf]/L2[chunks=1@0,rel=reduced-evaluation,qrm=24768,cqrm=4128,eor=0,in=4460992,out=1223104;witness=ET,s=-,h=-,partial=-,quotient=-,src=canonical,dA=64,sec=Linf]/L3[chunks=1@0,rel=reduced-evaluation,qrm=11648,cqrm=0,eor=0,in=1223104,out=289152;witness=ET,s=-,h=-,partial=-,quotient=-,src=canonical,dA=64,sec=L2]/L4[chunks=1@0,rel=reduced-evaluation,qrm=11264,cqrm=0,eor=0,in=289152,out=128896;witness=ET,s=-,h=-,partial=-,quotient=-,src=canonical,dA=64,sec=L2]/L5[chunks=1@0,rel=reduced-evaluation,qrm=9856,cqrm=0,eor=0,in=128896,out=93696;witness=ET,s=-,h=-,partial=-,quotient=-,src=canonical,dA=64,sec=L2]/T[method=ET,src=canonical,eor=0,input=93696,dA=64,sec=L2]
fp128_dense_multi_chunk_w8r3	changed	final=16:1;precommitted=	619d5acd56307a5aff5911635e36969a167028482b33cc55f9f90598a55554be	619d5acd56307a5aff5911635e36969a167028482b33cc55f9f90598a55554be	1142080	1799808	65536	65536	74071	84594	8	8	6edd078a1d0780c1660fde2d179d226610de8a597402734b0f0429ff32260612	3359695991ef325249e669ee8c2f045d1b2a7238c37bd8637f091ced4c6dc64f	cutover=L2;L0[chunks=8@3,rel=quotient,qrm=0,cqrm=0,eor=0,in=65536,out=3275200;witness=PACK,s=64,h=8,partial=64,quotient=64,src=canonical,dA=512,sec=Linf]/L1[chunks=8@3,rel=quotient,qrm=0,cqrm=0,eor=0,in=3275200,out=2709760;witness=PACK,s=128,h=2,partial=128,quotient=128,src=canonical,dA=256,sec=Linf]/L2[chunks=8@3,rel=reduced-evaluation,qrm=22016,cqrm=2064,eor=0,in=2709760,out=3166208;witness=ET,s=-,h=-,partial=-,quotient=-,src=canonical,dA=64,sec=Linf]/L3[chunks=1@0,rel=reduced-evaluation,qrm=22016,cqrm=2064,eor=0,in=3166208,out=957568;witness=ET,s=-,h=-,partial=-,quotient=-,src=canonical,dA=64,sec=Linf]/L4[chunks=1@0,rel=reduced-evaluation,qrm=16384,cqrm=1536,eor=0,in=957568,out=401408;witness=ET,s=-,h=-,partial=-,quotient=-,src=canonical,dA=64,sec=Linf]/L5[chunks=1@0,rel=reduced-evaluation,qrm=12288,cqrm=1536,eor=0,in=401408,out=225280;witness=ET,s=-,h=-,partial=-,quotient=-,src=canonical,dA=64,sec=L2]/L6[chunks=1@0,rel=reduced-evaluation,qrm=9984,cqrm=0,eor=0,in=225280,out=112128;witness=ET,s=-,h=-,partial=-,quotient=-,src=canonical,dA=64,sec=L2]/T[method=ET,src=canonical,eor=0,input=112128,dA=64,sec=L2]	cutover=L2;L0[chunks=8@3,rel=quotient,qrm=0,cqrm=0,eor=0,in=65536,out=4876224;witness=PACK,s=64,h=16,partial=64,quotient=64,src=canonical,dA=1024,sec=Linf]/L1[chunks=8@3,rel=quotient,qrm=0,cqrm=0,eor=0,in=4876224,out=3562496;witness=PACK,s=128,h=1,partial=128,quotient=128,src=canonical,dA=128,sec=Linf]/L2[chunks=8@3,rel=reduced-evaluation,qrm=24768,cqrm=4128,eor=0,in=3562496,out=3301376;witness=ET,s=-,h=-,partial=-,quotient=-,src=canonical,dA=64,sec=Linf]/L3[chunks=1@0,rel=reduced-evaluation,qrm=19264,cqrm=4128,eor=0,in=3301376,out=906624;witness=ET,s=-,h=-,partial=-,quotient=-,src=canonical,dA=64,sec=L2]/L4[chunks=1@0,rel=reduced-evaluation,qrm=11648,cqrm=2496,eor=0,in=906624,out=272128;witness=ET,s=-,h=-,partial=-,quotient=-,src=canonical,dA=64,sec=L2]/L5[chunks=1@0,rel=reduced-evaluation,qrm=11264,cqrm=0,eor=0,in=272128,out=128896;witness=ET,s=-,h=-,partial=-,quotient=-,src=canonical,dA=64,sec=L2]/L6[chunks=1@0,rel=reduced-evaluation,qrm=9856,cqrm=0,eor=0,in=128896,out=93696;witness=ET,s=-,h=-,partial=-,quotient=-,src=canonical,dA=64,sec=L2]/T[method=ET,src=canonical,eor=0,input=93696,dA=64,sec=L2]
fp128_dense_recursive	changed	final=20:1;precommitted=	7e615f063166da9e18d6e9eacc305f7128e85099f64b8b48278e935e02e876fe	7e615f063166da9e18d6e9eacc305f7128e85099f64b8b48278e935e02e876fe	188416	245760	262144	262144	69081	191442	6	3	7d290a784be7c11b67e18fa34134ff3a0411f2f4618a0b4bacfd2397dbb4156b	2826e221ae3764fc597d1d92055de14c86b8a92c4af001b8fdb3bc2ecc7d1682	cutover=L2;L0[chunks=1@0,rel=quotient,qrm=0,cqrm=0,eor=0,in=1048576,out=2976192;witness=PACK,s=64,h=8,partial=64,quotient=64,src=canonical,dA=512,sec=Linf]/L1[chunks=1@0,rel=quotient,qrm=0,cqrm=0,eor=0,in=2976192,out=724480;witness=PACK,s=128,h=2,partial=128,quotient=128,src=canonical,dA=256,sec=Linf]/L2[chunks=1@0,rel=reduced-evaluation,qrm=14336,cqrm=1536,eor=0,in=724480,out=354304;witness=ET,s=-,h=-,partial=-,quotient=-,src=canonical,dA=64,sec=Linf]/L3[chunks=1@0,rel=reduced-evaluation,qrm=12288,cqrm=1536,eor=0,in=354304,out=208896;witness=ET,s=-,h=-,partial=-,quotient=-,src=canonical,dA=64,sec=L2]/L4[chunks=1@0,rel=reduced-evaluation,qrm=9984,cqrm=0,eor=0,in=208896,out=112128;witness=ET,s=-,h=-,partial=-,quotient=-,src=canonical,dA=64,sec=L2]/T[method=ET,src=canonical,eor=0,input=112128,dA=64,sec=L2]	cutover=none;L0[chunks=1@0,rel=quotient,qrm=0,cqrm=0,eor=0,in=1048576,out=3195328;witness=PACK,s=64,h=8,partial=64,quotient=64,src=canonical,dA=512,sec=Linf]/L1[chunks=1@0,rel=quotient,qrm=0,cqrm=0,eor=0,in=3195328,out=711488;witness=PACK,s=64,h=8,partial=64,quotient=64,src=canonical,dA=512,sec=Linf]/T[method=ET,src=canonical,eor=0,input=711488,dA=64,sec=Linf]
fp128_dense_recursive	changed	final=22:1;precommitted=	43c57a9c37004f9565033f2c8ae56fdc6891e2e8ee936abeb6267fa9a84e3696	43c57a9c37004f9565033f2c8ae56fdc6891e2e8ee936abeb6267fa9a84e3696	393216	524288	524288	524288	69197	80674	6	7	f5afa7694ded640726be6402851edb9dab44881505e30cfc6c9f59ae350426ab	1276cb58d4dc075fa77301e703d319120d1c01fb9286cefa683b5fe2f8c9e564	cutover=L2;L0[chunks=1@0,rel=quotient,qrm=0,cqrm=0,eor=0,in=4194304,out=6052288;witness=PACK,s=64,h=8,partial=64,quotient=64,src=canonical,dA=512,sec=Linf]/L1[chunks=1@0,rel=quotient,qrm=0,cqrm=0,eor=0,in=6052288,out=1019392;witness=PACK,s=128,h=2,partial=128,quotient=128,src=canonical,dA=256,sec=Linf]/L2[chunks=1@0,rel=reduced-evaluation,qrm=16384,cqrm=1536,eor=0,in=1019392,out=413696;witness=ET,s=-,h=-,partial=-,quotient=-,src=canonical,dA=64,sec=Linf]/L3[chunks=1@0,rel=reduced-evaluation,qrm=12288,cqrm=1536,eor=0,in=413696,out=225280;witness=ET,s=-,h=-,partial=-,quotient=-,src=canonical,dA=64,sec=L2]/L4[chunks=1@0,rel=reduced-evaluation,qrm=9984,cqrm=0,eor=0,in=225280,out=112128;witness=ET,s=-,h=-,partial=-,quotient=-,src=canonical,dA=64,sec=L2]/T[method=ET,src=canonical,eor=0,input=112128,dA=64,sec=L2]	cutover=L2;L0[chunks=1@0,rel=quotient,qrm=0,cqrm=0,eor=0,in=4194304,out=7870400;witness=PACK,s=64,h=16,partial=64,quotient=64,src=canonical,dA=1024,sec=Linf]/L1[chunks=1@0,rel=quotient,qrm=0,cqrm=0,eor=0,in=7870400,out=1908224;witness=PACK,s=64,h=8,partial=64,quotient=64,src=canonical,dA=512,sec=Linf]/L2[chunks=1@0,rel=reduced-evaluation,qrm=22016,cqrm=4128,eor=0,in=1908224,out=782080;witness=ET,s=-,h=-,partial=-,quotient=-,src=canonical,dA=64,sec=Linf]/L3[chunks=1@0,rel=reduced-evaluation,qrm=13312,cqrm=2496,eor=0,in=782080,out=275456;witness=ET,s=-,h=-,partial=-,quotient=-,src=canonical,dA=64,sec=Linf]/L4[chunks=1@0,rel=reduced-evaluation,qrm=11264,cqrm=0,eor=0,in=275456,out=128896;witness=ET,s=-,h=-,partial=-,quotient=-,src=canonical,dA=64,sec=L2]/L5[chunks=1@0,rel=reduced-evaluation,qrm=9856,cqrm=0,eor=0,in=128896,out=93696;witness=ET,s=-,h=-,partial=-,quotient=-,src=canonical,dA=64,sec=L2]/T[method=ET,src=canonical,eor=0,input=93696,dA=64,sec=L2]
fp128_dense_recursive	changed	final=24:1;precommitted=	94e7a14c6d0dc602c7ebc7e2d1dd26de309a4ccf1ba006bd7c284ecae724ca0d	94e7a14c6d0dc602c7ebc7e2d1dd26de309a4ccf1ba006bd7c284ecae724ca0d	786432	1048576	1048576	524288	70995	86026	7	8	40762c7e9941ed4e145966528071ca9878c95dc86ef1064fa148b86973fa3ea5	f41b27fa5acd8d745e02b5fc5718ad13de29a597ebff120e63d94bc9408f7a07	cutover=L3;L0[chunks=1@0,rel=quotient,qrm=0,cqrm=0,eor=0,in=16777216,out=11975104;witness=PACK,s=64,h=8,partial=64,quotient=64,src=canonical,dA=512,sec=Linf]/L1[chunks=1@0,rel=quotient,qrm=0,cqrm=0,eor=0,in=11975104,out=2058688;witness=PACK,s=64,h=2,partial=64,quotient=64,src=canonical,dA=128,sec=Linf]/L2[chunks=1@0,rel=quotient,qrm=0,cqrm=0,eor=0,in=2058688,out=833088;witness=ET,s=-,h=-,partial=-,quotient=-,src=canonical,dA=64,sec=Linf]/L3[chunks=1@0,rel=reduced-evaluation,qrm=16512,cqrm=2064,eor=0,in=833088,out=425728;witness=ET,s=-,h=-,partial=-,quotient=-,src=canonical,dA=64,sec=L2]/L4[chunks=1@0,rel=reduced-evaluation,qrm=12288,cqrm=1536,eor=0,in=425728,out=225280;witness=ET,s=-,h=-,partial=-,quotient=-,src=canonical,dA=64,sec=L2]/L5[chunks=1@0,rel=reduced-evaluation,qrm=9984,cqrm=0,eor=0,in=225280,out=112128;witness=ET,s=-,h=-,partial=-,quotient=-,src=canonical,dA=64,sec=L2]/T[method=ET,src=canonical,eor=0,input=112128,dA=64,sec=L2]	cutover=L2;L0[chunks=1@0,rel=quotient,qrm=0,cqrm=0,eor=0,in=16777216,out=15583168;witness=PACK,s=64,h=16,partial=64,quotient=64,src=canonical,dA=1024,sec=Linf]/L1[chunks=1@0,rel=quotient,qrm=0,cqrm=0,eor=0,in=15583168,out=4225536;witness=PACK,s=64,h=4,partial=64,quotient=64,src=canonical,dA=256,sec=Linf;prefix=PACK,s=64,h=4,partial=64,quotient=64,src=canonical,dA=256,sec=Linf]/L2[chunks=1@0,rel=reduced-evaluation,qrm=18432,cqrm=3072,eor=0,in=4225536,out=890880;witness=ET,s=-,h=-,partial=-,quotient=-,src=canonical,dA=64,sec=Linf]/L3[chunks=1@0,rel=reduced-evaluation,qrm=16384,cqrm=3072,eor=0,in=890880,out=393216;witness=ET,s=-,h=-,partial=-,quotient=-,src=canonical,dA=64,sec=Linf]/L4[chunks=1@0,rel=reduced-evaluation,qrm=14336,cqrm=0,eor=0,in=393216,out=221184;witness=ET,s=-,h=-,partial=-,quotient=-,src=canonical,dA=64,sec=L2]/L5[chunks=1@0,rel=reduced-evaluation,qrm=11648,cqrm=0,eor=0,in=221184,out=123776;witness=ET,s=-,h=-,partial=-,quotient=-,src=canonical,dA=64,sec=L2]/L6[chunks=1@0,rel=reduced-evaluation,qrm=9856,cqrm=0,eor=0,in=123776,out=93696;witness=ET,s=-,h=-,partial=-,quotient=-,src=canonical,dA=64,sec=L2]/T[method=ET,src=canonical,eor=0,input=93696,dA=64,sec=L2]
fp128_dense_recursive	changed	final=26:1;precommitted=	c93e949f727a2db762f7dbfe2fcdcdc29cf0a3b5fd10f76b3019de436810bc9b	c93e949f727a2db762f7dbfe2fcdcdc29cf0a3b5fd10f76b3019de436810bc9b	2097152	2097152	1048576	2097152	73961	82748	7	7	1ebf5e2f3f1dad4a6f4c85dd0c3b4b3549cc4ae45142d0be34d99f2ecf756dd2	024e6c18e70ec9a21a6411a743bbf6528831e728b60105463d0a4b3c2ec8ec8d	cutover=L2;L0[chunks=1@0,rel=quotient,qrm=0,cqrm=0,eor=0,in=67108864,out=31002560;witness=PACK,s=64,h=16,partial=64,quotient=64,src=canonical,dA=1024,sec=Linf]/L1[chunks=1@0,rel=quotient,qrm=0,cqrm=0,eor=0,in=31002560,out=5736704;witness=PACK,s=64,h=4,partial=64,quotient=64,src=canonical,dA=256,sec=Linf;prefix=PACK,s=64,h=4,partial=64,quotient=64,src=canonical,dA=256,sec=Linf]/L2[chunks=1@0,rel=reduced-evaluation,qrm=16384,cqrm=1536,eor=0,in=5736704,out=954368;witness=ET,s=-,h=-,partial=-,quotient=-,src=canonical,dA=64,sec=Linf]/L3[chunks=1@0,rel=reduced-evaluation,qrm=16384,cqrm=1536,eor=0,in=954368,out=401408;witness=ET,s=-,h=-,partial=-,quotient=-,src=canonical,dA=64,sec=Linf]/L4[chunks=1@0,rel=reduced-evaluation,qrm=12288,cqrm=1536,eor=0,in=401408,out=225280;witness=ET,s=-,h=-,partial=-,quotient=-,src=canonical,dA=64,sec=L2]/L5[chunks=1@0,rel=reduced-evaluation,qrm=9984,cqrm=0,eor=0,in=225280,out=112128;witness=ET,s=-,h=-,partial=-,quotient=-,src=canonical,dA=64,sec=L2]/T[method=ET,src=canonical,eor=0,input=112128,dA=64,sec=L2]	cutover=L2;L0[chunks=1@0,rel=quotient,qrm=0,cqrm=0,eor=0,in=67108864,out=31008704;witness=PACK,s=64,h=16,partial=64,quotient=64,src=canonical,dA=1024,sec=Linf]/L1[chunks=1@0,rel=quotient,qrm=0,cqrm=0,eor=0,in=31008704,out=4131584;witness=PACK,s=64,h=8,partial=64,quotient=64,src=canonical,dA=512,sec=Linf]/L2[chunks=1@0,rel=reduced-evaluation,qrm=14976,cqrm=2496,eor=0,in=4131584,out=614400;witness=ET,s=-,h=-,partial=-,quotient=-,src=canonical,dA=64,sec=Linf]/L3[chunks=1@0,rel=reduced-evaluation,qrm=11648,cqrm=2496,eor=0,in=614400,out=280960;witness=ET,s=-,h=-,partial=-,quotient=-,src=canonical,dA=64,sec=L2]/L4[chunks=1@0,rel=reduced-evaluation,qrm=11264,cqrm=0,eor=0,in=280960,out=128896;witness=ET,s=-,h=-,partial=-,quotient=-,src=canonical,dA=64,sec=L2]/L5[chunks=1@0,rel=reduced-evaluation,qrm=9856,cqrm=0,eor=0,in=128896,out=93696;witness=ET,s=-,h=-,partial=-,quotient=-,src=canonical,dA=64,sec=L2]/T[method=ET,src=canonical,eor=0,input=93696,dA=64,sec=L2]
fp128_dense_recursive	changed	final=28:1;precommitted=	a46de3bb37f42fa48a71b95f2322aad4c4e9c8626b40c631cd6537cb251072a1	a46de3bb37f42fa48a71b95f2322aad4c4e9c8626b40c631cd6537cb251072a1	4194304	4194304	1048576	2097152	74751	85716	7	8	8e44a5da380fbaf4d4c3947c2fc65e1cf875aa5cb18aab91573650e8219368ef	206a12b3f352f74e16684c1e028d60fee77b0cd3503d05d96f6e2776aae00956	cutover=L2;L0[chunks=1@0,rel=quotient,qrm=0,cqrm=0,eor=0,in=268435456,out=61853632;witness=PACK,s=64,h=16,partial=64,quotient=64,src=canonical,dA=1024,sec=Linf]/L1[chunks=1@0,rel=quotient,qrm=0,cqrm=0,eor=0,in=61853632,out=9533952;witness=PACK,s=256,h=2,partial=256,quotient=256,src=canonical,dA=512,sec=Linf;prefix=PACK,s=256,h=2,partial=256,quotient=256,src=canonical,dA=512,sec=Linf]/L2[chunks=1@0,rel=reduced-evaluation,qrm=16384,cqrm=1536,eor=0,in=9533952,out=1261568;witness=ET,s=-,h=-,partial=-,quotient=-,src=canonical,dA=64,sec=Linf]/L3[chunks=1@0,rel=reduced-evaluation,qrm=14336,cqrm=1536,eor=0,in=1261568,out=421888;witness=ET,s=-,h=-,partial=-,quotient=-,src=canonical,dA=64,sec=L2]/L4[chunks=1@0,rel=reduced-evaluation,qrm=12288,cqrm=1536,eor=0,in=421888,out=225280;witness=ET,s=-,h=-,partial=-,quotient=-,src=canonical,dA=64,sec=L2]/L5[chunks=1@0,rel=reduced-evaluation,qrm=9984,cqrm=0,eor=0,in=225280,out=112128;witness=ET,s=-,h=-,partial=-,quotient=-,src=canonical,dA=64,sec=L2]/T[method=ET,src=canonical,eor=0,input=112128,dA=64,sec=L2]	cutover=L2;L0[chunks=1@0,rel=quotient,qrm=0,cqrm=0,eor=0,in=268435456,out=61859776;witness=PACK,s=64,h=16,partial=64,quotient=64,src=canonical,dA=1024,sec=Linf]/L1[chunks=1@0,rel=quotient,qrm=0,cqrm=0,eor=0,in=61859776,out=17385984;witness=PACK,s=512,h=1,partial=512,quotient=512,src=canonical,dA=512,sec=Linf;prefix=PACK,s=512,h=1,partial=512,quotient=512,src=canonical,dA=512,sec=Linf]/L2[chunks=1@0,rel=reduced-evaluation,qrm=24768,cqrm=4128,eor=0,in=17385984,out=2363840;witness=ET,s=-,h=-,partial=-,quotient=-,src=canonical,dA=64,sec=Linf]/L3[chunks=1@0,rel=reduced-evaluation,qrm=22016,cqrm=4128,eor=0,in=2363840,out=897664;witness=ET,s=-,h=-,partial=-,quotient=-,src=canonical,dA=64,sec=Linf]/L4[chunks=1@0,rel=reduced-evaluation,qrm=11648,cqrm=2496,eor=0,in=897664,out=272128;witness=ET,s=-,h=-,partial=-,quotient=-,src=canonical,dA=64,sec=L2]/L5[chunks=1@0,rel=reduced-evaluation,qrm=11264,cqrm=0,eor=0,in=272128,out=128896;witness=ET,s=-,h=-,partial=-,quotient=-,src=canonical,dA=64,sec=L2]/L6[chunks=1@0,rel=reduced-evaluation,qrm=9856,cqrm=0,eor=0,in=128896,out=93696;witness=ET,s=-,h=-,partial=-,quotient=-,src=canonical,dA=64,sec=L2]/T[method=ET,src=canonical,eor=0,input=93696,dA=64,sec=L2]
fp128_onehot	changed	final=12:1;precommitted=	7cea46be72a904b2bacfbccb7a070499ba20889044145649c3db3f45a73dc084	7cea46be72a904b2bacfbccb7a070499ba20889044145649c3db3f45a73dc084	49152	65536	8192	16384	41062	46311	2	2	c129e4ef1adcb5e804c45f6f68f2caf1f5ea3f512ed809688cd21c5573d60b3b	b6f3623ae0586a594e13529dbd6e244df6c18dbe404e4c793c1bf1ed031f1acd	cutover=none;L0[chunks=1@0,rel=quotient,qrm=0,cqrm=0,eor=0,in=4096,out=67904;witness=PACK,s=64,h=1,partial=64,quotient=64,src=canonical,dA=64,sec=Linf]/T[method=ET,src=canonical,eor=0,input=67904,dA=64,sec=Linf]	cutover=none;L0[chunks=1@0,rel=quotient,qrm=0,cqrm=0,eor=0,in=4096,out=69312;witness=PACK,s=128,h=1,partial=128,quotient=128,src=canonical,dA=128,sec=Linf]/T[method=ET,src=canonical,eor=0,input=69312,dA=64,sec=Linf]
fp128_onehot	changed	final=14:1;precommitted=	235fdc37cb4e83e243a17cafde8597967ef2316443a2656dee73a57dc55cac8e	235fdc37cb4e83e243a17cafde8597967ef2316443a2656dee73a57dc55cac8e	49152	65536	16384	16384	41063	46311	2	2	bc77783685290e4c84db961f46846192ed8575b831ddd466478014b47aa6de63	25d4e41ca55256ea11e84029f21678381fd1d3700ab153390682a2c48a18c25b	cutover=none;L0[chunks=1@0,rel=quotient,qrm=0,cqrm=0,eor=0,in=16384,out=69312;witness=PACK,s=128,h=1,partial=128,quotient=128,src=canonical,dA=128,sec=Linf]/T[method=ET,src=canonical,eor=0,input=69312,dA=64,sec=Linf]	cutover=none;L0[chunks=1@0,rel=quotient,qrm=0,cqrm=0,eor=0,in=16384,out=75456;witness=PACK,s=128,h=1,partial=128,quotient=128,src=canonical,dA=128,sec=Linf]/T[method=ET,src=canonical,eor=0,input=75456,dA=64,sec=Linf]
fp128_onehot	changed	final=14:2;precommitted=	8a40a8595c14901ece876c6c020dbcdba59bed81270cf9431da74003d3a138aa	8a40a8595c14901ece876c6c020dbcdba59bed81270cf9431da74003d3a138aa	49152	131072	32768	32768	49256	59624	2	2	801fedaafa1dc1e283d445b653ca09acadac9a3b2018d4fc39a1f2799a94772e	5e0635142aa101f187c94e61a09caf6e1bbaa023b32bc3805efff641d7794386	cutover=none;L0[chunks=1@0,rel=quotient,qrm=0,cqrm=0,eor=0,in=16384,out=110464;witness=PACK,s=64,h=1,partial=64,quotient=64,src=canonical,dA=64,sec=Linf]/T[method=ET,src=canonical,eor=0,input=110464,dA=64,sec=Linf]	cutover=none;L0[chunks=1@0,rel=quotient,qrm=0,cqrm=0,eor=0,in=16384,out=116608;witness=PACK,s=64,h=1,partial=64,quotient=64,src=canonical,dA=64,sec=Linf]/T[method=ET,src=canonical,eor=0,input=116608,dA=64,sec=Linf]
fp128_onehot	changed	final=15:1;precommitted=	fe784ff5321ce50dc781655bbe7fc9a71f08d9527d5445702d0e8e2a2d41fc87	fe784ff5321ce50dc781655bbe7fc9a71f08d9527d5445702d0e8e2a2d41fc87	49152	65536	16384	16384	41063	51431	2	2	4b608935aaedd77a4884802d522c9962edf94453472208f7dc000c21df6790bd	8de036ea4dc3150a38c0dc53243d6828ee07515c762904d3f6e375caaa477137	cutover=none;L0[chunks=1@0,rel=quotient,qrm=0,cqrm=0,eor=0,in=32768,out=77504;witness=PACK,s=128,h=1,partial=128,quotient=128,src=canonical,dA=128,sec=Linf]/T[method=ET,src=canonical,eor=0,input=77504,dA=64,sec=Linf]	cutover=none;L0[chunks=1@0,rel=quotient,qrm=0,cqrm=0,eor=0,in=32768,out=83648;witness=PACK,s=128,h=1,partial=128,quotient=128,src=canonical,dA=128,sec=Linf]/T[method=ET,src=canonical,eor=0,input=83648,dA=64,sec=Linf]
fp128_onehot	changed	final=15:4;precommitted=	68fb5e2e5571f333ccc18953a6f62b93350179816ef43b814506341ba44a8ef1	68fb5e2e5571f333ccc18953a6f62b93350179816ef43b814506341ba44a8ef1	131072	131072	65536	65536	64382	69980	5	2	5ed429ae3b1e45525cbf29e007481f369aca8eed602cafc4e1866586363e7c8a	d51df5ed6f3ce62141ad23e9be51f9e6385caafd1c24799d0e5a5f5702b61cde	cutover=L2;L0[chunks=1@0,rel=quotient,qrm=0,cqrm=0,eor=0,in=32768,out=311232;witness=PACK,s=64,h=4,partial=64,quotient=64,src=canonical,dA=256,sec=Linf]/L1[chunks=1@0,rel=quotient,qrm=0,cqrm=0,eor=0,in=311232,out=310528;witness=PACK,s=64,h=1,partial=64,quotient=64,src=canonical,dA=64,sec=Linf]/L2[chunks=1@0,rel=reduced-evaluation,qrm=14336,cqrm=1536,eor=0,in=310528,out=221184;witness=ET,s=-,h=-,partial=-,quotient=-,src=canonical,dA=64,sec=Linf]/L3[chunks=1@0,rel=reduced-evaluation,qrm=9984,cqrm=0,eor=0,in=221184,out=112128;witness=ET,s=-,h=-,partial=-,quotient=-,src=canonical,dA=64,sec=L2]/T[method=ET,src=canonical,eor=0,input=112128,dA=64,sec=L2]	cutover=none;L0[chunks=1@0,rel=quotient,qrm=0,cqrm=0,eor=0,in=32768,out=177024;witness=PACK,s=64,h=1,partial=64,quotient=64,src=canonical,dA=64,sec=Linf]/T[method=ET,src=canonical,eor=0,input=177024,dA=64,sec=Linf]
fp128_onehot	changed	final=16:1;precommitted=	619d5acd56307a5aff5911635e36969a167028482b33cc55f9f90598a55554be	619d5acd56307a5aff5911635e36969a167028482b33cc55f9f90598a55554be	131072	131072	16384	16384	64731	69979	2	2	d84f61d4534e3403424a363c8ec5e2fc374fe15b32e8c6985604e805a46e03bc	4673f129ee6f65cd1ad632ba5f75c3ddda4b0c58a36b0d33a9ab588497b8cf88	cutover=none;L0[chunks=1@0,rel=quotient,qrm=0,cqrm=0,eor=0,in=65536,out=162496;witness=PACK,s=64,h=4,partial=64,quotient=64,src=canonical,dA=256,sec=Linf]/T[method=ET,src=canonical,eor=0,input=162496,dA=64,sec=Linf]	cutover=none;L0[chunks=1@0,rel=quotient,qrm=0,cqrm=0,eor=0,in=65536,out=168640;witness=PACK,s=64,h=4,partial=64,quotient=64,src=canonical,dA=256,sec=Linf]/T[method=ET,src=canonical,eor=0,input=168640,dA=64,sec=Linf]
fp128_onehot	changed	final=16:1;precommitted=14:1	52338f20310a737d95d90d9cccef68bb33abb36197e2d3470086305fb9d9d7d4	4a803519410706a55e7c34508587b356c40d472b50b203f3d9f7936a26005f47	131072	163840	32768	32768	64382	73111	5	4	ef80b0cb3fd3f89f17ea6bb8ac7f932be1cd13836dac3bef6a49a0c3a6fdc723	ff9e3245b7db6d0f184eaa71004af8075883689e17dd2ef688d6e752e2948384	cutover=L2;L0[chunks=1@0,rel=quotient,qrm=0,cqrm=0,eor=0,in=65536,out=316928;witness=PACK,s=64,h=8,partial=64,quotient=64,src=canonical,dA=512,sec=Linf;pre0=PACK,s=128,h=1,partial=128,quotient=128,src=canonical,dA=128,sec=Linf]/L1[chunks=1@0,rel=quotient,qrm=0,cqrm=0,eor=0,in=316928,out=310528;witness=PACK,s=64,h=1,partial=64,quotient=64,src=canonical,dA=64,sec=Linf]/L2[chunks=1@0,rel=reduced-evaluation,qrm=14336,cqrm=1536,eor=0,in=310528,out=221184;witness=ET,s=-,h=-,partial=-,quotient=-,src=canonical,dA=64,sec=Linf]/L3[chunks=1@0,rel=reduced-evaluation,qrm=9984,cqrm=0,eor=0,in=221184,out=112128;witness=ET,s=-,h=-,partial=-,quotient=-,src=canonical,dA=64,sec=L2]/T[method=ET,src=canonical,eor=0,input=112128,dA=64,sec=L2]	cutover=L2;L0[chunks=1@0,rel=quotient,qrm=0,cqrm=0,eor=0,in=65536,out=158336;witness=PACK,s=128,h=1,partial=128,quotient=128,src=canonical,dA=128,sec=Linf;pre0=PACK,s=128,h=1,partial=128,quotient=128,src=canonical,dA=128,sec=Linf]/L1[chunks=1@0,rel=quotient,qrm=0,cqrm=0,eor=0,in=158336,out=155840;witness=PACK,s=128,h=1,partial=128,quotient=128,src=canonical,dA=128,sec=Linf]/L2[chunks=1@0,rel=reduced-evaluation,qrm=12672,cqrm=0,eor=0,in=155840,out=107776;witness=ET,s=-,h=-,partial=-,quotient=-,src=canonical,dA=64,sec=Linf]/T[method=ET,src=canonical,eor=0,input=107776,dA=64,sec=L2]
fp128_onehot	changed	final=16:1;precommitted=14:1,15:2	16447698a24cc249fccee8f8f03f2c32350669a143d11edff76b6c034f1b8393	a7edb74ec411b6db7215811c008a5e33f5c7d27b18a1564efe1eb407abac02f5	176128	327680	65536	65536	67327	77038	6	6	1e12acfe269495ad0481cd6a0f95f862c4d41684e168dc58645c7b5fd4261bb9	d7a8f82c8638581f433aaaa4d0950b0826e2404f051ee0635398bd9c132f9c13	cutover=L2;L0[chunks=1@0,rel=quotient,qrm=0,cqrm=0,eor=0,in=65536,out=988672;witness=PACK,s=64,h=4,partial=64,quotient=64,src=canonical,dA=256,sec=Linf;pre0=PACK,s=128,h=1,partial=128,quotient=128,src=canonical,dA=128,sec=Linf;pre1=PACK,s=64,h=8,partial=64,quotient=64,src=canonical,dA=512,sec=Linf]/L1[chunks=1@0,rel=quotient,qrm=0,cqrm=0,eor=0,in=988672,out=516352;witness=PACK,s=128,h=2,partial=128,quotient=128,src=canonical,dA=256,sec=Linf]/L2[chunks=1@0,rel=reduced-evaluation,qrm=19264,cqrm=2064,eor=0,in=516352,out=371712;witness=ET,s=-,h=-,partial=-,quotient=-,src=canonical,dA=64,sec=Linf]/L3[chunks=1@0,rel=reduced-evaluation,qrm=12288,cqrm=1536,eor=0,in=371712,out=217088;witness=ET,s=-,h=-,partial=-,quotient=-,src=canonical,dA=64,sec=L2]/L4[chunks=1@0,rel=reduced-evaluation,qrm=9984,cqrm=0,eor=0,in=217088,out=112128;witness=ET,s=-,h=-,partial=-,quotient=-,src=canonical,dA=64,sec=L2]/T[method=ET,src=canonical,eor=0,input=112128,dA=64,sec=L2]	cutover=L2;L0[chunks=1@0,rel=quotient,qrm=0,cqrm=0,eor=0,in=65536,out=1033728;witness=PACK,s=64,h=4,partial=64,quotient=64,src=canonical,dA=256,sec=Linf;pre0=PACK,s=128,h=1,partial=128,quotient=128,src=canonical,dA=128,sec=Linf;pre1=PACK,s=64,h=8,partial=64,quotient=64,src=canonical,dA=512,sec=Linf]/L1[chunks=1@0,rel=quotient,qrm=0,cqrm=0,eor=0,in=1033728,out=522496;witness=PACK,s=128,h=2,partial=128,quotient=128,src=canonical,dA=256,sec=Linf]/L2[chunks=1@0,rel=reduced-evaluation,qrm=13312,cqrm=2496,eor=0,in=522496,out=235520;witness=ET,s=-,h=-,partial=-,quotient=-,src=canonical,dA=64,sec=Linf]/L3[chunks=1@0,rel=reduced-evaluation,qrm=11264,cqrm=0,eor=0,in=235520,out=121856;witness=ET,s=-,h=-,partial=-,quotient=-,src=canonical,dA=64,sec=L2]/L4[chunks=1@0,rel=reduced-evaluation,qrm=9856,cqrm=0,eor=0,in=121856,out=93696;witness=ET,s=-,h=-,partial=-,quotient=-,src=canonical,dA=64,sec=L2]/T[method=ET,src=canonical,eor=0,input=93696,dA=64,sec=L2]
fp128_onehot	changed	final=16:1;precommitted=14:1;producer_contracts=balanced(bound=65)	e1de632e4b482329990471b0ae33d2040ec1a5a1e389e0f92c48d9258a43f311	d64b0853a3c757d5b955880f6d01429c70590908506fb6eb13a7b59925b1e908	131072	183040	32768	32768	65076	74563	5	5	e3143142f1d5589daeb24466f1e8431e7edf4056c5cc7c426be7a9518254eb34	4b13f1b42e61e115f13191bf15c1b6b419fa4d181a27f37af78845431fbdd687	cutover=L2;L0[chunks=1@0,rel=quotient,qrm=0,cqrm=0,eor=0,in=65536,out=408064;witness=PACK,s=128,h=1,partial=128,quotient=128,src=canonical,dA=128,sec=Linf;pre0=PACK,s=64,h=8,partial=64,quotient=64,src=canonical,dA=512,sec=Linf]/L1[chunks=1@0,rel=quotient,qrm=0,cqrm=0,eor=0,in=408064,out=267776;witness=PACK,s=64,h=1,partial=64,quotient=64,src=canonical,dA=64,sec=Linf]/L2[chunks=1@0,rel=reduced-evaluation,qrm=14336,cqrm=1536,eor=0,in=267776,out=210944;witness=ET,s=-,h=-,partial=-,quotient=-,src=canonical,dA=64,sec=Linf]/L3[chunks=1@0,rel=reduced-evaluation,qrm=9984,cqrm=0,eor=0,in=210944,out=112128;witness=ET,s=-,h=-,partial=-,quotient=-,src=canonical,dA=64,sec=L2]/T[method=ET,src=canonical,eor=0,input=112128,dA=64,sec=L2]	cutover=L2;L0[chunks=1@0,rel=quotient,qrm=0,cqrm=0,eor=0,in=65536,out=421376;witness=PACK,s=128,h=1,partial=128,quotient=128,src=canonical,dA=128,sec=Linf;pre0=PACK,s=64,h=8,partial=64,quotient=64,src=canonical,dA=512,sec=Linf]/L1[chunks=1@0,rel=quotient,qrm=0,cqrm=0,eor=0,in=421376,out=222912;witness=PACK,s=64,h=1,partial=64,quotient=64,src=canonical,dA=64,sec=Linf]/L2[chunks=1@0,rel=reduced-evaluation,qrm=12672,cqrm=0,eor=0,in=222912,out=124672;witness=ET,s=-,h=-,partial=-,quotient=-,src=canonical,dA=64,sec=Linf]/L3[chunks=1@0,rel=reduced-evaluation,qrm=9856,cqrm=0,eor=0,in=124672,out=93696;witness=ET,s=-,h=-,partial=-,quotient=-,src=canonical,dA=64,sec=L2]/T[method=ET,src=canonical,eor=0,input=93696,dA=64,sec=L2]
fp128_onehot	changed	final=16:2;precommitted=	1d3119b577401489425a46a52a8368829ffee0287db544156fcb790c4c1190e1	1d3119b577401489425a46a52a8368829ffee0287db544156fcb790c4c1190e1	131072	131072	32768	32768	64552	69981	5	2	a7f578a00dc63a74fec0ae0d032be5c0ec558200f561f30484190e681f75b974	30b6c50eedb0204de19f3743c804bf5386a2f3a76b609b512e178f51422ccc61	cutover=L2;L0[chunks=1@0,rel=quotient,qrm=0,cqrm=0,eor=0,in=65536,out=217536;witness=PACK,s=64,h=4,partial=64,quotient=64,src=canonical,dA=256,sec=Linf]/L1[chunks=1@0,rel=quotient,qrm=0,cqrm=0,eor=0,in=217536,out=216576;witness=PACK,s=64,h=4,partial=64,quotient=64,src=canonical,dA=256,sec=Linf]/L2[chunks=1@0,rel=reduced-evaluation,qrm=14336,cqrm=1536,eor=0,in=216576,out=190464;witness=ET,s=-,h=-,partial=-,quotient=-,src=canonical,dA=64,sec=Linf]/L3[chunks=1@0,rel=reduced-evaluation,qrm=9984,cqrm=0,eor=0,in=190464,out=105472;witness=ET,s=-,h=-,partial=-,quotient=-,src=canonical,dA=64,sec=L2]/T[method=ET,src=canonical,eor=0,input=105472,dA=64,sec=L2]	cutover=none;L0[chunks=1@0,rel=quotient,qrm=0,cqrm=0,eor=0,in=65536,out=179520;witness=PACK,s=64,h=4,partial=64,quotient=64,src=canonical,dA=256,sec=Linf]/T[method=ET,src=canonical,eor=0,input=179520,dA=64,sec=Linf]
fp128_onehot	changed	final=18:1;precommitted=	0a64fd27f49046793d7d00ee8c2bda3757f24e60e86752300778d44cd119e709	0a64fd27f49046793d7d00ee8c2bda3757f24e60e86752300778d44cd119e709	131072	163840	32768	32768	64381	73128	5	5	3160517d3bd70f85e6863d4bfe03224cdf1914073ea39f2caf6a61d3cb29b8bd	0dfd3ed8e9222ce930c526de70638019da1830869beb8d2aae5b4729e0c8de4a	cutover=L2;L0[chunks=1@0,rel=quotient,qrm=0,cqrm=0,eor=0,in=262144,out=393152;witness=PACK,s=64,h=8,partial=64,quotient=64,src=canonical,dA=512,sec=Linf]/L1[chunks=1@0,rel=quotient,qrm=0,cqrm=0,eor=0,in=393152,out=321024;witness=PACK,s=64,h=2,partial=64,quotient=64,src=canonical,dA=128,sec=Linf]/L2[chunks=1@0,rel=reduced-evaluation,qrm=14336,cqrm=1536,eor=0,in=321024,out=221184;witness=ET,s=-,h=-,partial=-,quotient=-,src=canonical,dA=64,sec=Linf]/L3[chunks=1@0,rel=reduced-evaluation,qrm=9984,cqrm=0,eor=0,in=221184,out=112128;witness=ET,s=-,h=-,partial=-,quotient=-,src=canonical,dA=64,sec=L2]/T[method=ET,src=canonical,eor=0,input=112128,dA=64,sec=L2]	cutover=L2;L0[chunks=1@0,rel=quotient,qrm=0,cqrm=0,eor=0,in=262144,out=256448;witness=PACK,s=64,h=4,partial=64,quotient=64,src=canonical,dA=256,sec=Linf]/L1[chunks=1@0,rel=quotient,qrm=0,cqrm=0,eor=0,in=256448,out=224256;witness=PACK,s=128,h=2,partial=128,quotient=128,src=canonical,dA=256,sec=Linf]/L2[chunks=1@0,rel=reduced-evaluation,qrm=12672,cqrm=0,eor=0,in=224256,out=124672;witness=ET,s=-,h=-,partial=-,quotient=-,src=canonical,dA=64,sec=Linf]/L3[chunks=1@0,rel=reduced-evaluation,qrm=9856,cqrm=0,eor=0,in=124672,out=93696;witness=ET,s=-,h=-,partial=-,quotient=-,src=canonical,dA=64,sec=L2]/T[method=ET,src=canonical,eor=0,input=93696,dA=64,sec=L2]
fp128_onehot	changed	final=20:1;precommitted=	7e615f063166da9e18d6e9eacc305f7128e85099f64b8b48278e935e02e876fe	7e615f063166da9e18d6e9eacc305f7128e85099f64b8b48278e935e02e876fe	131072	163840	65536	65536	65074	76312	5	6	68d873e74592864c4d78a6d2e4888c78e07b990700724175dea6e2a5a70f1b2b	a71723c2aa5482453f8c49f148840482b27fd6c7a96ccbf3464fdba7550d32e6	cutover=L2;L0[chunks=1@0,rel=quotient,qrm=0,cqrm=0,eor=0,in=1048576,out=425920;witness=PACK,s=64,h=4,partial=64,quotient=64,src=canonical,dA=256,sec=Linf]/L1[chunks=1@0,rel=quotient,qrm=0,cqrm=0,eor=0,in=425920,out=267776;witness=PACK,s=64,h=1,partial=64,quotient=64,src=canonical,dA=64,sec=Linf]/L2[chunks=1@0,rel=reduced-evaluation,qrm=14336,cqrm=1536,eor=0,in=267776,out=210944;witness=ET,s=-,h=-,partial=-,quotient=-,src=canonical,dA=64,sec=Linf]/L3[chunks=1@0,rel=reduced-evaluation,qrm=9984,cqrm=0,eor=0,in=210944,out=112128;witness=ET,s=-,h=-,partial=-,quotient=-,src=canonical,dA=64,sec=L2]/T[method=ET,src=canonical,eor=0,input=112128,dA=64,sec=L2]	cutover=L2;L0[chunks=1@0,rel=quotient,qrm=0,cqrm=0,eor=0,in=1048576,out=432064;witness=PACK,s=64,h=4,partial=64,quotient=64,src=canonical,dA=256,sec=Linf]/L1[chunks=1@0,rel=quotient,qrm=0,cqrm=0,eor=0,in=432064,out=351872;witness=PACK,s=64,h=4,partial=64,quotient=64,src=canonical,dA=256,sec=Linf]/L2[chunks=1@0,rel=reduced-evaluation,qrm=16384,cqrm=3072,eor=0,in=351872,out=258048;witness=ET,s=-,h=-,partial=-,quotient=-,src=canonical,dA=64,sec=Linf]/L3[chunks=1@0,rel=reduced-evaluation,qrm=11264,cqrm=0,eor=0,in=258048,out=121856;witness=ET,s=-,h=-,partial=-,quotient=-,src=canonical,dA=64,sec=L2]/L4[chunks=1@0,rel=reduced-evaluation,qrm=9856,cqrm=0,eor=0,in=121856,out=93696;witness=ET,s=-,h=-,partial=-,quotient=-,src=canonical,dA=64,sec=L2]/T[method=ET,src=canonical,eor=0,input=93696,dA=64,sec=L2]
fp128_onehot	changed	final=20:1;precommitted=14:1	5928d14f8cce387c4733f5016d3991ed25d0a91064e3d7717be7985f5176e440	69a43114e91993b4fff4b1e8f3ac3dd5684c65225ba7032276e0fefca119ae3a	131072	163840	65536	65536	65076	76464	5	6	54424ff94e1f27691782091713d98128ec915d27fe7ecc70c5df1b554a284727	7a84323ebcc46953b352f135f6e63b6e70a4fbcfaaaff1e6a9dd3c151422c941	cutover=L2;L0[chunks=1@0,rel=quotient,qrm=0,cqrm=0,eor=0,in=1048576,out=481280;witness=PACK,s=64,h=4,partial=64,quotient=64,src=canonical,dA=256,sec=Linf;pre0=PACK,s=128,h=1,partial=128,quotient=128,src=canonical,dA=128,sec=Linf]/L1[chunks=1@0,rel=quotient,qrm=0,cqrm=0,eor=0,in=481280,out=288256;witness=PACK,s=64,h=1,partial=64,quotient=64,src=canonical,dA=64,sec=Linf]/L2[chunks=1@0,rel=reduced-evaluation,qrm=14336,cqrm=1536,eor=0,in=288256,out=210944;witness=ET,s=-,h=-,partial=-,quotient=-,src=canonical,dA=64,sec=Linf]/L3[chunks=1@0,rel=reduced-evaluation,qrm=9984,cqrm=0,eor=0,in=210944,out=112128;witness=ET,s=-,h=-,partial=-,quotient=-,src=canonical,dA=64,sec=L2]/T[method=ET,src=canonical,eor=0,input=112128,dA=64,sec=L2]	cutover=L2;L0[chunks=1@0,rel=quotient,qrm=0,cqrm=0,eor=0,in=1048576,out=490496;witness=PACK,s=64,h=4,partial=64,quotient=64,src=canonical,dA=256,sec=Linf;pre0=PACK,s=128,h=1,partial=128,quotient=128,src=canonical,dA=128,sec=Linf]/L1[chunks=1@0,rel=quotient,qrm=0,cqrm=0,eor=0,in=490496,out=390400;witness=PACK,s=128,h=2,partial=128,quotient=128,src=canonical,dA=256,sec=Linf]/L2[chunks=1@0,rel=reduced-evaluation,qrm=16384,cqrm=3072,eor=0,in=390400,out=270336;witness=ET,s=-,h=-,partial=-,quotient=-,src=canonical,dA=64,sec=Linf]/L3[chunks=1@0,rel=reduced-evaluation,qrm=11264,cqrm=0,eor=0,in=270336,out=128896;witness=ET,s=-,h=-,partial=-,quotient=-,src=canonical,dA=64,sec=L2]/L4[chunks=1@0,rel=reduced-evaluation,qrm=9856,cqrm=0,eor=0,in=128896,out=93696;witness=ET,s=-,h=-,partial=-,quotient=-,src=canonical,dA=64,sec=L2]/T[method=ET,src=canonical,eor=0,input=93696,dA=64,sec=L2]
fp128_onehot	changed	final=20:1;precommitted=14:2	07fcd1765c79363b049675cde04b8170fb4cd829263c33fb97737c32217e7e58	6130d294b9a75f2417eefbed23ea8deae124c1394f9e773c3f1dd956a2a9f901	131072	163840	65536	65536	65076	76580	5	6	28ba4a65c3424fe8ecd45e67f1dca13ab4519c7f45e8e7ed397435bf2639044c	2843ffbf282c92a046c5494a0e8ea1e71721a2c0009fef59c721b9119c34f0d1	cutover=L2;L0[chunks=1@0,rel=quotient,qrm=0,cqrm=0,eor=0,in=1048576,out=522496;witness=PACK,s=64,h=4,partial=64,quotient=64,src=canonical,dA=256,sec=Linf;pre0=PACK,s=64,h=1,partial=64,quotient=64,src=canonical,dA=64,sec=Linf]/L1[chunks=1@0,rel=quotient,qrm=0,cqrm=0,eor=0,in=522496,out=298496;witness=PACK,s=64,h=1,partial=64,quotient=64,src=canonical,dA=64,sec=Linf]/L2[chunks=1@0,rel=reduced-evaluation,qrm=14336,cqrm=1536,eor=0,in=298496,out=221184;witness=ET,s=-,h=-,partial=-,quotient=-,src=canonical,dA=64,sec=Linf]/L3[chunks=1@0,rel=reduced-evaluation,qrm=9984,cqrm=0,eor=0,in=221184,out=112128;witness=ET,s=-,h=-,partial=-,quotient=-,src=canonical,dA=64,sec=L2]/T[method=ET,src=canonical,eor=0,input=112128,dA=64,sec=L2]	cutover=L2;L0[chunks=1@0,rel=quotient,qrm=0,cqrm=0,eor=0,in=1048576,out=531712;witness=PACK,s=64,h=4,partial=64,quotient=64,src=canonical,dA=256,sec=Linf;pre0=PACK,s=64,h=1,partial=64,quotient=64,src=canonical,dA=64,sec=Linf]/L1[chunks=1@0,rel=quotient,qrm=0,cqrm=0,eor=0,in=531712,out=406912;witness=PACK,s=128,h=2,partial=128,quotient=128,src=canonical,dA=256,sec=Linf]/L2[chunks=1@0,rel=reduced-evaluation,qrm=16384,cqrm=3072,eor=0,in=406912,out=282624;witness=ET,s=-,h=-,partial=-,quotient=-,src=canonical,dA=64,sec=Linf]/L3[chunks=1@0,rel=reduced-evaluation,qrm=11264,cqrm=0,eor=0,in=282624,out=128896;witness=ET,s=-,h=-,partial=-,quotient=-,src=canonical,dA=64,sec=L2]/L4[chunks=1@0,rel=reduced-evaluation,qrm=9856,cqrm=0,eor=0,in=128896,out=93696;witness=ET,s=-,h=-,partial=-,quotient=-,src=canonical,dA=64,sec=L2]/T[method=ET,src=canonical,eor=0,input=93696,dA=64,sec=L2]
fp128_onehot	changed	final=20:2;precommitted=	024daea0560fa394f9aaded7cdd706e307cff8e2828bed1c0d981aefbbbf6ef4	024daea0560fa394f9aaded7cdd706e307cff8e2828bed1c0d981aefbbbf6ef4	131072	163840	131072	131072	65192	76580	5	6	19b6a23463fea7dcb72eb5963082fd53e0e7bc649ec4c9a427e748a3de9bd153	c826a791ea8b55dee3d01d3dbbf83491a9c47b2aa47bf8b77e03e704c71e590f	cutover=L2;L0[chunks=1@0,rel=quotient,qrm=0,cqrm=0,eor=0,in=1048576,out=535104;witness=PACK,s=64,h=4,partial=64,quotient=64,src=canonical,dA=256,sec=Linf]/L1[chunks=1@0,rel=quotient,qrm=0,cqrm=0,eor=0,in=535104,out=318976;witness=PACK,s=64,h=1,partial=64,quotient=64,src=canonical,dA=64,sec=Linf]/L2[chunks=1@0,rel=reduced-evaluation,qrm=14336,cqrm=1536,eor=0,in=318976,out=221184;witness=ET,s=-,h=-,partial=-,quotient=-,src=canonical,dA=64,sec=Linf]/L3[chunks=1@0,rel=reduced-evaluation,qrm=9984,cqrm=0,eor=0,in=221184,out=112128;witness=ET,s=-,h=-,partial=-,quotient=-,src=canonical,dA=64,sec=L2]/T[method=ET,src=canonical,eor=0,input=112128,dA=64,sec=L2]	cutover=L2;L0[chunks=1@0,rel=quotient,qrm=0,cqrm=0,eor=0,in=1048576,out=541248;witness=PACK,s=64,h=4,partial=64,quotient=64,src=canonical,dA=256,sec=Linf]/L1[chunks=1@0,rel=quotient,qrm=0,cqrm=0,eor=0,in=541248,out=406912;witness=PACK,s=128,h=2,partial=128,quotient=128,src=canonical,dA=256,sec=Linf]/L2[chunks=1@0,rel=reduced-evaluation,qrm=16384,cqrm=3072,eor=0,in=406912,out=282624;witness=ET,s=-,h=-,partial=-,quotient=-,src=canonical,dA=64,sec=Linf]/L3[chunks=1@0,rel=reduced-evaluation,qrm=11264,cqrm=0,eor=0,in=282624,out=128896;witness=ET,s=-,h=-,partial=-,quotient=-,src=canonical,dA=64,sec=L2]/L4[chunks=1@0,rel=reduced-evaluation,qrm=9856,cqrm=0,eor=0,in=128896,out=93696;witness=ET,s=-,h=-,partial=-,quotient=-,src=canonical,dA=64,sec=L2]/T[method=ET,src=canonical,eor=0,input=93696,dA=64,sec=L2]
fp128_onehot	changed	final=20:2;precommitted=14:1	300ca4fbf5ef9428b072ce4df3232ff78c75a436bbb117be7f17aa1de32f42cd	04e3f11e898185d2fb813267b7354610ca97fb872364415877d77e1692abfdd4	131072	163840	131072	131072	66995	76580	5	6	590476b8d83eb03fa19d185fccd85220f58afc8ca0599dff9a20af7c59e7797e	5a375c6c601e281d226d818cde787338e3aca6e3d31db6986478cb59eecde60b	cutover=L2;L0[chunks=1@0,rel=quotient,qrm=0,cqrm=0,eor=0,in=1048576,out=590336;witness=PACK,s=64,h=4,partial=64,quotient=64,src=canonical,dA=256,sec=Linf;pre0=PACK,s=128,h=1,partial=128,quotient=128,src=canonical,dA=128,sec=Linf]/L1[chunks=1@0,rel=quotient,qrm=0,cqrm=0,eor=0,in=590336,out=339456;witness=PACK,s=64,h=1,partial=64,quotient=64,src=canonical,dA=64,sec=Linf]/L2[chunks=1@0,rel=reduced-evaluation,qrm=14336,cqrm=0,eor=0,in=339456,out=210944;witness=ET,s=-,h=-,partial=-,quotient=-,src=canonical,dA=64,sec=Linf]/L3[chunks=1@0,rel=reduced-evaluation,qrm=9984,cqrm=0,eor=0,in=210944,out=112128;witness=ET,s=-,h=-,partial=-,quotient=-,src=canonical,dA=64,sec=L2]/T[method=ET,src=canonical,eor=0,input=112128,dA=64,sec=L2]	cutover=L2;L0[chunks=1@0,rel=quotient,qrm=0,cqrm=0,eor=0,in=1048576,out=599552;witness=PACK,s=64,h=4,partial=64,quotient=64,src=canonical,dA=256,sec=Linf;pre0=PACK,s=128,h=1,partial=128,quotient=128,src=canonical,dA=128,sec=Linf]/L1[chunks=1@0,rel=quotient,qrm=0,cqrm=0,eor=0,in=599552,out=423424;witness=PACK,s=128,h=2,partial=128,quotient=128,src=canonical,dA=256,sec=Linf]/L2[chunks=1@0,rel=reduced-evaluation,qrm=16384,cqrm=3072,eor=0,in=423424,out=282624;witness=ET,s=-,h=-,partial=-,quotient=-,src=canonical,dA=64,sec=Linf]/L3[chunks=1@0,rel=reduced-evaluation,qrm=11264,cqrm=0,eor=0,in=282624,out=128896;witness=ET,s=-,h=-,partial=-,quotient=-,src=canonical,dA=64,sec=L2]/L4[chunks=1@0,rel=reduced-evaluation,qrm=9856,cqrm=0,eor=0,in=128896,out=93696;witness=ET,s=-,h=-,partial=-,quotient=-,src=canonical,dA=64,sec=L2]/T[method=ET,src=canonical,eor=0,input=93696,dA=64,sec=L2]
fp128_onehot	changed	final=20:4;precommitted=	1af5783e63010bd55e2ba781c36f9bea6db9cbe9fa4389d166ef22c347deb309	1af5783e63010bd55e2ba781c36f9bea6db9cbe9fa4389d166ef22c347deb309	165120	327680	131072	131072	67327	77038	6	6	e88ff4774912dae2fc4b3a43fd690964b5b5c21e77dfa73359d72589689f3755	0df99344e2c943bcb2ea2dcc266fd3510a2748cfc3b5e2725587166b8e00aa06	cutover=L2;L0[chunks=1@0,rel=quotient,qrm=0,cqrm=0,eor=0,in=1048576,out=908224;witness=PACK,s=64,h=4,partial=64,quotient=64,src=canonical,dA=256,sec=Linf]/L1[chunks=1@0,rel=quotient,qrm=0,cqrm=0,eor=0,in=908224,out=483328;witness=PACK,s=128,h=2,partial=128,quotient=128,src=canonical,dA=256,sec=Linf]/L2[chunks=1@0,rel=reduced-evaluation,qrm=19264,cqrm=2064,eor=0,in=483328,out=357952;witness=ET,s=-,h=-,partial=-,quotient=-,src=canonical,dA=64,sec=Linf]/L3[chunks=1@0,rel=reduced-evaluation,qrm=12288,cqrm=1536,eor=0,in=357952,out=208896;witness=ET,s=-,h=-,partial=-,quotient=-,src=canonical,dA=64,sec=L2]/L4[chunks=1@0,rel=reduced-evaluation,qrm=9984,cqrm=0,eor=0,in=208896,out=112128;witness=ET,s=-,h=-,partial=-,quotient=-,src=canonical,dA=64,sec=L2]/T[method=ET,src=canonical,eor=0,input=112128,dA=64,sec=L2]	cutover=L2;L0[chunks=1@0,rel=quotient,qrm=0,cqrm=0,eor=0,in=1048576,out=914368;witness=PACK,s=64,h=4,partial=64,quotient=64,src=canonical,dA=256,sec=Linf]/L1[chunks=1@0,rel=quotient,qrm=0,cqrm=0,eor=0,in=914368,out=489472;witness=PACK,s=128,h=2,partial=128,quotient=128,src=canonical,dA=256,sec=Linf]/L2[chunks=1@0,rel=reduced-evaluation,qrm=13312,cqrm=2496,eor=0,in=489472,out=235520;witness=ET,s=-,h=-,partial=-,quotient=-,src=canonical,dA=64,sec=Linf]/L3[chunks=1@0,rel=reduced-evaluation,qrm=11264,cqrm=0,eor=0,in=235520,out=121856;witness=ET,s=-,h=-,partial=-,quotient=-,src=canonical,dA=64,sec=L2]/L4[chunks=1@0,rel=reduced-evaluation,qrm=9856,cqrm=0,eor=0,in=121856,out=93696;witness=ET,s=-,h=-,partial=-,quotient=-,src=canonical,dA=64,sec=L2]/T[method=ET,src=canonical,eor=0,input=93696,dA=64,sec=L2]
fp128_onehot	changed	final=20:4;precommitted=14:1,14:1	bfdc9d0b336ce0affa135756e4f6e944f2e5b602aa6dad821af515847d3511b2	e49edca76b971eac0a8dcf6f18334c902e0c9046fedc6b5b451165236b547d0d	176128	327680	131072	131072	67327	77038	6	6	acbf8d5bd8a721e90a4baa021d848ea00aae9c8b905583996ecea829be6a9413	c53b6a0bb6d56815eb95dc94b5c5a76f2c8ee0243cd362d4d82bb60714b19ec2	cutover=L2;L0[chunks=1@0,rel=quotient,qrm=0,cqrm=0,eor=0,in=1048576,out=1018880;witness=PACK,s=64,h=4,partial=64,quotient=64,src=canonical,dA=256,sec=Linf;pre0=PACK,s=128,h=1,partial=128,quotient=128,src=canonical,dA=128,sec=Linf;pre1=PACK,s=128,h=1,partial=128,quotient=128,src=canonical,dA=128,sec=Linf]/L1[chunks=1@0,rel=quotient,qrm=0,cqrm=0,eor=0,in=1018880,out=516352;witness=PACK,s=128,h=2,partial=128,quotient=128,src=canonical,dA=256,sec=Linf]/L2[chunks=1@0,rel=reduced-evaluation,qrm=19264,cqrm=2064,eor=0,in=516352,out=371712;witness=ET,s=-,h=-,partial=-,quotient=-,src=canonical,dA=64,sec=Linf]/L3[chunks=1@0,rel=reduced-evaluation,qrm=12288,cqrm=1536,eor=0,in=371712,out=217088;witness=ET,s=-,h=-,partial=-,quotient=-,src=canonical,dA=64,sec=L2]/L4[chunks=1@0,rel=reduced-evaluation,qrm=9984,cqrm=0,eor=0,in=217088,out=112128;witness=ET,s=-,h=-,partial=-,quotient=-,src=canonical,dA=64,sec=L2]/T[method=ET,src=canonical,eor=0,input=112128,dA=64,sec=L2]	cutover=L2;L0[chunks=1@0,rel=quotient,qrm=0,cqrm=0,eor=0,in=1048576,out=1031168;witness=PACK,s=64,h=4,partial=64,quotient=64,src=canonical,dA=256,sec=Linf;pre0=PACK,s=128,h=1,partial=128,quotient=128,src=canonical,dA=128,sec=Linf;pre1=PACK,s=128,h=1,partial=128,quotient=128,src=canonical,dA=128,sec=Linf]/L1[chunks=1@0,rel=quotient,qrm=0,cqrm=0,eor=0,in=1031168,out=522496;witness=PACK,s=128,h=2,partial=128,quotient=128,src=canonical,dA=256,sec=Linf]/L2[chunks=1@0,rel=reduced-evaluation,qrm=13312,cqrm=2496,eor=0,in=522496,out=235520;witness=ET,s=-,h=-,partial=-,quotient=-,src=canonical,dA=64,sec=Linf]/L3[chunks=1@0,rel=reduced-evaluation,qrm=11264,cqrm=0,eor=0,in=235520,out=121856;witness=ET,s=-,h=-,partial=-,quotient=-,src=canonical,dA=64,sec=L2]/L4[chunks=1@0,rel=reduced-evaluation,qrm=9856,cqrm=0,eor=0,in=121856,out=93696;witness=ET,s=-,h=-,partial=-,quotient=-,src=canonical,dA=64,sec=L2]/T[method=ET,src=canonical,eor=0,input=93696,dA=64,sec=L2]
fp128_onehot	changed	final=20:4;precommitted=14:1,14:1,14:1	9de1d7fa4b642afbc66dcf95883ee7771dc78ae43f675b5f5b49259c7ab199c4	2b4186a8d8e57afc1f67bb27df7600e0f6551e07dc5c359c1cc3f7f61319405a	209152	327680	131072	131072	67573	77270	6	6	3a6ac57118a0170bb7fc81995b7bb6dfc7d1b20a1a43536f6081d3ce1ff70450	52212f73a9e1b97a1f0ad06268ea59f124aa9793b34aba3a510196335f5a4e9d	cutover=L2;L0[chunks=1@0,rel=quotient,qrm=0,cqrm=0,eor=0,in=1048576,out=1073920;witness=PACK,s=64,h=4,partial=64,quotient=64,src=canonical,dA=256,sec=Linf;pre0=PACK,s=128,h=1,partial=128,quotient=128,src=canonical,dA=128,sec=Linf;pre1=PACK,s=128,h=1,partial=128,quotient=128,src=canonical,dA=128,sec=Linf;pre2=PACK,s=128,h=1,partial=128,quotient=128,src=canonical,dA=128,sec=Linf]/L1[chunks=1@0,rel=quotient,qrm=0,cqrm=0,eor=0,in=1073920,out=598400;witness=PACK,s=128,h=2,partial=128,quotient=128,src=canonical,dA=256,sec=Linf]/L2[chunks=1@0,rel=reduced-evaluation,qrm=19264,cqrm=2064,eor=0,in=598400,out=412992;witness=ET,s=-,h=-,partial=-,quotient=-,src=canonical,dA=64,sec=Linf]/L3[chunks=1@0,rel=reduced-evaluation,qrm=12288,cqrm=1536,eor=0,in=412992,out=225280;witness=ET,s=-,h=-,partial=-,quotient=-,src=canonical,dA=64,sec=L2]/L4[chunks=1@0,rel=reduced-evaluation,qrm=9984,cqrm=0,eor=0,in=225280,out=112128;witness=ET,s=-,h=-,partial=-,quotient=-,src=canonical,dA=64,sec=L2]/T[method=ET,src=canonical,eor=0,input=112128,dA=64,sec=L2]	cutover=L2;L0[chunks=1@0,rel=quotient,qrm=0,cqrm=0,eor=0,in=1048576,out=1089536;witness=PACK,s=64,h=4,partial=64,quotient=64,src=canonical,dA=256,sec=Linf;pre0=PACK,s=128,h=1,partial=128,quotient=128,src=canonical,dA=128,sec=Linf;pre1=PACK,s=128,h=1,partial=128,quotient=128,src=canonical,dA=128,sec=Linf;pre2=PACK,s=128,h=1,partial=128,quotient=128,src=canonical,dA=128,sec=Linf]/L1[chunks=1@0,rel=quotient,qrm=0,cqrm=0,eor=0,in=1089536,out=592576;witness=PACK,s=128,h=2,partial=128,quotient=128,src=canonical,dA=256,sec=Linf]/L2[chunks=1@0,rel=reduced-evaluation,qrm=13312,cqrm=2496,eor=0,in=592576,out=255488;witness=ET,s=-,h=-,partial=-,quotient=-,src=canonical,dA=64,sec=Linf]/L3[chunks=1@0,rel=reduced-evaluation,qrm=11264,cqrm=0,eor=0,in=255488,out=121856;witness=ET,s=-,h=-,partial=-,quotient=-,src=canonical,dA=64,sec=L2]/L4[chunks=1@0,rel=reduced-evaluation,qrm=9856,cqrm=0,eor=0,in=121856,out=93696;witness=ET,s=-,h=-,partial=-,quotient=-,src=canonical,dA=64,sec=L2]/T[method=ET,src=canonical,eor=0,input=93696,dA=64,sec=L2]
fp128_onehot	changed	final=28:1;precommitted=	a46de3bb37f42fa48a71b95f2322aad4c4e9c8626b40c631cd6537cb251072a1	a46de3bb37f42fa48a71b95f2322aad4c4e9c8626b40c631cd6537cb251072a1	1048576	1048576	1048576	1048576	69347	80790	6	7	ce86a48e7be3ff9aa7870839966e79c01c6303f3712e5f08a4ca92bf3eb872fc	0fa2c4cde447362db30a6dd0dbff7ddbf96b9bad43493bd73428cd367a7b0509	cutover=L2;L0[chunks=1@0,rel=quotient,qrm=0,cqrm=0,eor=0,in=268435456,out=6742976;witness=PACK,s=64,h=4,partial=64,quotient=64,src=canonical,dA=256,sec=Linf]/L1[chunks=1@0,rel=quotient,qrm=0,cqrm=0,eor=0,in=6742976,out=1080832;witness=PACK,s=128,h=2,partial=128,quotient=128,src=canonical,dA=256,sec=Linf]/L2[chunks=1@0,rel=reduced-evaluation,qrm=16384,cqrm=1536,eor=0,in=1080832,out=425984;witness=ET,s=-,h=-,partial=-,quotient=-,src=canonical,dA=64,sec=Linf]/L3[chunks=1@0,rel=reduced-evaluation,qrm=12288,cqrm=1536,eor=0,in=425984,out=225280;witness=ET,s=-,h=-,partial=-,quotient=-,src=canonical,dA=64,sec=L2]/L4[chunks=1@0,rel=reduced-evaluation,qrm=9984,cqrm=0,eor=0,in=225280,out=112128;witness=ET,s=-,h=-,partial=-,quotient=-,src=canonical,dA=64,sec=L2]/T[method=ET,src=canonical,eor=0,input=112128,dA=64,sec=L2]	cutover=L2;L0[chunks=1@0,rel=quotient,qrm=0,cqrm=0,eor=0,in=268435456,out=9621952;witness=PACK,s=64,h=8,partial=64,quotient=64,src=canonical,dA=512,sec=Linf]/L1[chunks=1@0,rel=quotient,qrm=0,cqrm=0,eor=0,in=9621952,out=2056832;witness=PACK,s=64,h=8,partial=64,quotient=64,src=canonical,dA=512,sec=Linf]/L2[chunks=1@0,rel=reduced-evaluation,qrm=22016,cqrm=4128,eor=0,in=2056832,out=815104;witness=ET,s=-,h=-,partial=-,quotient=-,src=canonical,dA=64,sec=Linf]/L3[chunks=1@0,rel=reduced-evaluation,qrm=13312,cqrm=2496,eor=0,in=815104,out=285440;witness=ET,s=-,h=-,partial=-,quotient=-,src=canonical,dA=64,sec=Linf]/L4[chunks=1@0,rel=reduced-evaluation,qrm=11264,cqrm=0,eor=0,in=285440,out=128896;witness=ET,s=-,h=-,partial=-,quotient=-,src=canonical,dA=64,sec=L2]/L5[chunks=1@0,rel=reduced-evaluation,qrm=9856,cqrm=0,eor=0,in=128896,out=93696;witness=ET,s=-,h=-,partial=-,quotient=-,src=canonical,dA=64,sec=L2]/T[method=ET,src=canonical,eor=0,input=93696,dA=64,sec=L2]
fp128_onehot	changed	final=30:1;precommitted=	0661c6ea7796b195873f4f0afc34e1f8ab8b773648907a24b0f5110247bb10d2	0661c6ea7796b195873f4f0afc34e1f8ab8b773648907a24b0f5110247bb10d2	2097152	2097152	2097152	2097152	70994	81362	7	7	c95fc74aa15b1e766534da6f6a4e0672aa337aa1736d20eddd731670f5a88a14	7f501124276cf2698418ccf40918557a07d41a4922fec943b976d1502637e461	cutover=L2;L0[chunks=1@0,rel=quotient,qrm=0,cqrm=0,eor=0,in=1073741824,out=13411264;witness=PACK,s=64,h=4,partial=64,quotient=64,src=canonical,dA=256,sec=Linf]/L1[chunks=1@0,rel=quotient,qrm=0,cqrm=0,eor=0,in=13411264,out=1951808;witness=PACK,s=64,h=1,partial=64,quotient=64,src=canonical,dA=64,sec=Linf]/L2[chunks=1@0,rel=reduced-evaluation,qrm=22016,cqrm=2064,eor=0,in=1951808,out=777984;witness=ET,s=-,h=-,partial=-,quotient=-,src=canonical,dA=64,sec=Linf]/L3[chunks=1@0,rel=reduced-evaluation,qrm=16512,cqrm=2064,eor=0,in=777984,out=414720;witness=ET,s=-,h=-,partial=-,quotient=-,src=canonical,dA=64,sec=L2]/L4[chunks=1@0,rel=reduced-evaluation,qrm=12288,cqrm=1536,eor=0,in=414720,out=225280;witness=ET,s=-,h=-,partial=-,quotient=-,src=canonical,dA=64,sec=L2]/L5[chunks=1@0,rel=reduced-evaluation,qrm=9984,cqrm=0,eor=0,in=225280,out=112128;witness=ET,s=-,h=-,partial=-,quotient=-,src=canonical,dA=64,sec=L2]/T[method=ET,src=canonical,eor=0,input=112128,dA=64,sec=L2]	cutover=L2;L0[chunks=1@0,rel=quotient,qrm=0,cqrm=0,eor=0,in=1073741824,out=19108288;witness=PACK,s=64,h=8,partial=64,quotient=64,src=canonical,dA=512,sec=Linf]/L1[chunks=1@0,rel=quotient,qrm=0,cqrm=0,eor=0,in=19108288,out=2992256;witness=PACK,s=64,h=8,partial=64,quotient=64,src=canonical,dA=512,sec=Linf]/L2[chunks=1@0,rel=reduced-evaluation,qrm=24768,cqrm=4128,eor=0,in=2992256,out=991936;witness=ET,s=-,h=-,partial=-,quotient=-,src=canonical,dA=64,sec=Linf]/L3[chunks=1@0,rel=reduced-evaluation,qrm=11648,cqrm=2496,eor=0,in=991936,out=288768;witness=ET,s=-,h=-,partial=-,quotient=-,src=canonical,dA=64,sec=L2]/L4[chunks=1@0,rel=reduced-evaluation,qrm=11264,cqrm=0,eor=0,in=288768,out=128896;witness=ET,s=-,h=-,partial=-,quotient=-,src=canonical,dA=64,sec=L2]/L5[chunks=1@0,rel=reduced-evaluation,qrm=9856,cqrm=0,eor=0,in=128896,out=93696;witness=ET,s=-,h=-,partial=-,quotient=-,src=canonical,dA=64,sec=L2]/T[method=ET,src=canonical,eor=0,input=93696,dA=64,sec=L2]
fp128_onehot	changed	final=30:4;precommitted=	619a78159ae3df6e54d9411603c43aba002307069fda024793c83803f33af61c	619a78159ae3df6e54d9411603c43aba002307069fda024793c83803f33af61c	4194304	4194304	4194304	4194304	71569	82866	7	7	7da2f37a943113b41c53087cd8cd4a13810e3e4e6cf08a8fbce7b56506417c8f	62007b52876618c410c4e9f80a40abafdc65d6b1edaf76e627e48d8fa32f49c6	cutover=L2;L0[chunks=1@0,rel=quotient,qrm=0,cqrm=0,eor=0,in=1073741824,out=26747840;witness=PACK,s=64,h=4,partial=64,quotient=64,src=canonical,dA=256,sec=Linf]/L1[chunks=1@0,rel=quotient,qrm=0,cqrm=0,eor=0,in=26747840,out=3729152;witness=PACK,s=64,h=4,partial=64,quotient=64,src=canonical,dA=256,sec=Linf]/L2[chunks=1@0,rel=reduced-evaluation,qrm=22016,cqrm=2064,eor=0,in=3729152,out=1023616;witness=ET,s=-,h=-,partial=-,quotient=-,src=canonical,dA=64,sec=Linf]/L3[chunks=1@0,rel=reduced-evaluation,qrm=16384,cqrm=1536,eor=0,in=1023616,out=413696;witness=ET,s=-,h=-,partial=-,quotient=-,src=canonical,dA=64,sec=Linf]/L4[chunks=1@0,rel=reduced-evaluation,qrm=12288,cqrm=1536,eor=0,in=413696,out=225280;witness=ET,s=-,h=-,partial=-,quotient=-,src=canonical,dA=64,sec=L2]/L5[chunks=1@0,rel=reduced-evaluation,qrm=9984,cqrm=0,eor=0,in=225280,out=112128;witness=ET,s=-,h=-,partial=-,quotient=-,src=canonical,dA=64,sec=L2]/T[method=ET,src=canonical,eor=0,input=112128,dA=64,sec=L2]	cutover=L2;L0[chunks=1@0,rel=quotient,qrm=0,cqrm=0,eor=0,in=1073741824,out=42275264;witness=PACK,s=64,h=8,partial=64,quotient=64,src=canonical,dA=512,sec=Linf]/L1[chunks=1@0,rel=quotient,qrm=0,cqrm=0,eor=0,in=42275264,out=4173312;witness=PACK,s=64,h=4,partial=64,quotient=64,src=canonical,dA=256,sec=Linf]/L2[chunks=1@0,rel=reduced-evaluation,qrm=14976,cqrm=2496,eor=0,in=4173312,out=614400;witness=ET,s=-,h=-,partial=-,quotient=-,src=canonical,dA=64,sec=Linf]/L3[chunks=1@0,rel=reduced-evaluation,qrm=11648,cqrm=2496,eor=0,in=614400,out=280960;witness=ET,s=-,h=-,partial=-,quotient=-,src=canonical,dA=64,sec=L2]/L4[chunks=1@0,rel=reduced-evaluation,qrm=11264,cqrm=0,eor=0,in=280960,out=128896;witness=ET,s=-,h=-,partial=-,quotient=-,src=canonical,dA=64,sec=L2]/L5[chunks=1@0,rel=reduced-evaluation,qrm=9856,cqrm=0,eor=0,in=128896,out=93696;witness=ET,s=-,h=-,partial=-,quotient=-,src=canonical,dA=64,sec=L2]/T[method=ET,src=canonical,eor=0,input=93696,dA=64,sec=L2]
fp128_onehot	changed	final=32:1;precommitted=	47272635f2438376271d1b13f43ae0fbb70effc54ee431f53fae213a90ff22bc	47272635f2438376271d1b13f43ae0fbb70effc54ee431f53fae213a90ff22bc	4194304	4194304	4194304	4194304	71567	82864	7	7	2d92cccc2ab71996a229617b88c8eddf8bc075862f8cfe7b2ba7169128d7fe60	8efc56a414b0edd379bd900005ac7eb27f02da53c9298b16685bb994ffd94099	cutover=L2;L0[chunks=1@0,rel=quotient,qrm=0,cqrm=0,eor=0,in=4294967296,out=26747840;witness=PACK,s=64,h=4,partial=64,quotient=64,src=canonical,dA=256,sec=Linf]/L1[chunks=1@0,rel=quotient,qrm=0,cqrm=0,eor=0,in=26747840,out=3729152;witness=PACK,s=64,h=4,partial=64,quotient=64,src=canonical,dA=256,sec=Linf]/L2[chunks=1@0,rel=reduced-evaluation,qrm=22016,cqrm=2064,eor=0,in=3729152,out=1023616;witness=ET,s=-,h=-,partial=-,quotient=-,src=canonical,dA=64,sec=Linf]/L3[chunks=1@0,rel=reduced-evaluation,qrm=16384,cqrm=1536,eor=0,in=1023616,out=413696;witness=ET,s=-,h=-,partial=-,quotient=-,src=canonical,dA=64,sec=Linf]/L4[chunks=1@0,rel=reduced-evaluation,qrm=12288,cqrm=1536,eor=0,in=413696,out=225280;witness=ET,s=-,h=-,partial=-,quotient=-,src=canonical,dA=64,sec=L2]/L5[chunks=1@0,rel=reduced-evaluation,qrm=9984,cqrm=0,eor=0,in=225280,out=112128;witness=ET,s=-,h=-,partial=-,quotient=-,src=canonical,dA=64,sec=L2]/T[method=ET,src=canonical,eor=0,input=112128,dA=64,sec=L2]	cutover=L2;L0[chunks=1@0,rel=quotient,qrm=0,cqrm=0,eor=0,in=4294967296,out=42275264;witness=PACK,s=64,h=8,partial=64,quotient=64,src=canonical,dA=512,sec=Linf]/L1[chunks=1@0,rel=quotient,qrm=0,cqrm=0,eor=0,in=42275264,out=4173312;witness=PACK,s=64,h=4,partial=64,quotient=64,src=canonical,dA=256,sec=Linf]/L2[chunks=1@0,rel=reduced-evaluation,qrm=14976,cqrm=2496,eor=0,in=4173312,out=614400;witness=ET,s=-,h=-,partial=-,quotient=-,src=canonical,dA=64,sec=Linf]/L3[chunks=1@0,rel=reduced-evaluation,qrm=11648,cqrm=2496,eor=0,in=614400,out=280960;witness=ET,s=-,h=-,partial=-,quotient=-,src=canonical,dA=64,sec=L2]/L4[chunks=1@0,rel=reduced-evaluation,qrm=11264,cqrm=0,eor=0,in=280960,out=128896;witness=ET,s=-,h=-,partial=-,quotient=-,src=canonical,dA=64,sec=L2]/L5[chunks=1@0,rel=reduced-evaluation,qrm=9856,cqrm=0,eor=0,in=128896,out=93696;witness=ET,s=-,h=-,partial=-,quotient=-,src=canonical,dA=64,sec=L2]/T[method=ET,src=canonical,eor=0,input=93696,dA=64,sec=L2]
fp128_onehot	changed	final=32:2;precommitted=16:1,16:1	068b89a74af4c3257adddb7b144ac88d3a0d90546ef747237e12d867d6ec54e2	7af0b4d281bc91485cb708c45d09dbeff67604e5e932e20cdb84ee742250c355	8388608	8388608	8388608	8388608	71684	82866	7	7	dbd4874f0ad396d48979153d91c91a3b7f3a25ac8cb9a172d8802b99dc8fa743	0cdf64e2768d2375f1949ccd2f3e8c75116bced1e3bf66b21fcd4fac59060a23	cutover=L2;L0[chunks=1@0,rel=quotient,qrm=0,cqrm=0,eor=0,in=4294967296,out=42426624;witness=PACK,s=128,h=2,partial=128,quotient=128,src=canonical,dA=256,sec=Linf;pre0=PACK,s=64,h=4,partial=64,quotient=64,src=canonical,dA=256,sec=Linf;pre1=PACK,s=64,h=4,partial=64,quotient=64,src=canonical,dA=256,sec=Linf]/L1[chunks=1@0,rel=quotient,qrm=0,cqrm=0,eor=0,in=42426624,out=3779072;witness=PACK,s=64,h=1,partial=64,quotient=64,src=canonical,dA=64,sec=Linf]/L2[chunks=1@0,rel=reduced-evaluation,qrm=22016,cqrm=2064,eor=0,in=3779072,out=1023616;witness=ET,s=-,h=-,partial=-,quotient=-,src=canonical,dA=64,sec=Linf]/L3[chunks=1@0,rel=reduced-evaluation,qrm=16384,cqrm=1536,eor=0,in=1023616,out=413696;witness=ET,s=-,h=-,partial=-,quotient=-,src=canonical,dA=64,sec=Linf]/L4[chunks=1@0,rel=reduced-evaluation,qrm=12288,cqrm=1536,eor=0,in=413696,out=225280;witness=ET,s=-,h=-,partial=-,quotient=-,src=canonical,dA=64,sec=L2]/L5[chunks=1@0,rel=reduced-evaluation,qrm=9984,cqrm=0,eor=0,in=225280,out=112128;witness=ET,s=-,h=-,partial=-,quotient=-,src=canonical,dA=64,sec=L2]/T[method=ET,src=canonical,eor=0,input=112128,dA=64,sec=L2]	cutover=L2;L0[chunks=1@0,rel=quotient,qrm=0,cqrm=0,eor=0,in=4294967296,out=53826560;witness=PACK,s=128,h=4,partial=128,quotient=128,src=canonical,dA=512,sec=Linf;pre0=PACK,s=128,h=2,partial=128,quotient=128,src=canonical,dA=256,sec=Linf;pre1=PACK,s=128,h=2,partial=128,quotient=128,src=canonical,dA=256,sec=Linf]/L1[chunks=1@0,rel=quotient,qrm=0,cqrm=0,eor=0,in=53826560,out=4145792;witness=PACK,s=64,h=2,partial=64,quotient=64,src=canonical,dA=128,sec=Linf]/L2[chunks=1@0,rel=reduced-evaluation,qrm=14976,cqrm=2496,eor=0,in=4145792,out=614400;witness=ET,s=-,h=-,partial=-,quotient=-,src=canonical,dA=64,sec=Linf]/L3[chunks=1@0,rel=reduced-evaluation,qrm=11648,cqrm=2496,eor=0,in=614400,out=280960;witness=ET,s=-,h=-,partial=-,quotient=-,src=canonical,dA=64,sec=L2]/L4[chunks=1@0,rel=reduced-evaluation,qrm=11264,cqrm=0,eor=0,in=280960,out=128896;witness=ET,s=-,h=-,partial=-,quotient=-,src=canonical,dA=64,sec=L2]/L5[chunks=1@0,rel=reduced-evaluation,qrm=9856,cqrm=0,eor=0,in=128896,out=93696;witness=ET,s=-,h=-,partial=-,quotient=-,src=canonical,dA=64,sec=L2]/T[method=ET,src=canonical,eor=0,input=93696,dA=64,sec=L2]
fp128_onehot	changed	final=32:4;precommitted=	a2afe07e7869624cdd9ab4baf165bb0251f452bca51d8a64041fbe6d462a9864	a2afe07e7869624cdd9ab4baf165bb0251f452bca51d8a64041fbe6d462a9864	8388608	11272192	8388608	16777216	72373	84182	7	8	817c35a3ee33bb8c8be5832ae90c753436d06ea971af0d5fdd4e0e22878dacb5	d45db37f134db8d1e07a1d71aba62ee2be91ef9f54e15362fd352ceed328408d	cutover=L2;L0[chunks=1@0,rel=quotient,qrm=0,cqrm=0,eor=0,in=4294967296,out=84408768;witness=PACK,s=64,h=8,partial=64,quotient=64,src=canonical,dA=512,sec=Linf]/L1[chunks=1@0,rel=quotient,qrm=0,cqrm=0,eor=0,in=84408768,out=6214272;witness=PACK,s=64,h=8,partial=64,quotient=64,src=canonical,dA=512,sec=Linf]/L2[chunks=1@0,rel=reduced-evaluation,qrm=22016,cqrm=2064,eor=0,in=6214272,out=1337344;witness=ET,s=-,h=-,partial=-,quotient=-,src=canonical,dA=64,sec=Linf]/L3[chunks=1@0,rel=reduced-evaluation,qrm=12288,cqrm=1536,eor=0,in=1337344,out=389120;witness=ET,s=-,h=-,partial=-,quotient=-,src=canonical,dA=64,sec=L2]/L4[chunks=1@0,rel=reduced-evaluation,qrm=12288,cqrm=1536,eor=0,in=389120,out=217088;witness=ET,s=-,h=-,partial=-,quotient=-,src=canonical,dA=64,sec=L2]/L5[chunks=1@0,rel=reduced-evaluation,qrm=9984,cqrm=0,eor=0,in=217088,out=112128;witness=ET,s=-,h=-,partial=-,quotient=-,src=canonical,dA=64,sec=L2]/T[method=ET,src=canonical,eor=0,input=112128,dA=64,sec=L2]	cutover=L2;L0[chunks=1@0,rel=quotient,qrm=0,cqrm=0,eor=0,in=4294967296,out=81676160;witness=PACK,s=128,h=4,partial=128,quotient=128,src=canonical,dA=512,sec=Linf]/L1[chunks=1@0,rel=quotient,qrm=0,cqrm=0,eor=0,in=81676160,out=5631744;witness=PACK,s=128,h=1,partial=128,quotient=128,src=canonical,dA=128,sec=Linf]/L2[chunks=1@0,rel=reduced-evaluation,qrm=24768,cqrm=4128,eor=0,in=5631744,out=1377216;witness=ET,s=-,h=-,partial=-,quotient=-,src=canonical,dA=64,sec=Linf]/L3[chunks=1@0,rel=reduced-evaluation,qrm=22016,cqrm=4128,eor=0,in=1377216,out=649984;witness=ET,s=-,h=-,partial=-,quotient=-,src=canonical,dA=64,sec=Linf]/L4[chunks=1@0,rel=reduced-evaluation,qrm=13312,cqrm=2496,eor=0,in=649984,out=255488;witness=ET,s=-,h=-,partial=-,quotient=-,src=canonical,dA=64,sec=Linf]/L5[chunks=1@0,rel=reduced-evaluation,qrm=11264,cqrm=0,eor=0,in=255488,out=121856;witness=ET,s=-,h=-,partial=-,quotient=-,src=canonical,dA=64,sec=L2]/L6[chunks=1@0,rel=reduced-evaluation,qrm=9856,cqrm=0,eor=0,in=121856,out=93696;witness=ET,s=-,h=-,partial=-,quotient=-,src=canonical,dA=64,sec=L2]/T[method=ET,src=canonical,eor=0,input=93696,dA=64,sec=L2]
fp128_onehot	changed	final=34:2;precommitted=16:1,16:1	5b0ad828da4ebab84158ff1efcf46385e0b62c3d3fa44c7c52636164507d5753	30424e0ca54d42b83af9180851eb3c3bf76481bd1b3487fbbad1c7bcaaecb7c9	16777216	16777216	16777216	16777216	72373	84364	7	8	1c25184f4c54fabde30dae95fbd65beacd3524369c1dc7d8dab48f7adfd1a69c	d79d68ff457896654969a7af3afae43fbf074205e3aab94b7396c582f0e30a10	cutover=L2;L0[chunks=1@0,rel=quotient,qrm=0,cqrm=0,eor=0,in=17179869184,out=84500736;witness=PACK,s=128,h=2,partial=128,quotient=128,src=canonical,dA=256,sec=Linf;pre0=PACK,s=64,h=4,partial=64,quotient=64,src=canonical,dA=256,sec=Linf;pre1=PACK,s=64,h=4,partial=64,quotient=64,src=canonical,dA=256,sec=Linf]/L1[chunks=1@0,rel=quotient,qrm=0,cqrm=0,eor=0,in=84500736,out=6195264;witness=PACK,s=64,h=4,partial=64,quotient=64,src=canonical,dA=256,sec=Linf]/L2[chunks=1@0,rel=reduced-evaluation,qrm=22016,cqrm=2064,eor=0,in=6195264,out=1337344;witness=ET,s=-,h=-,partial=-,quotient=-,src=canonical,dA=64,sec=Linf]/L3[chunks=1@0,rel=reduced-evaluation,qrm=12288,cqrm=1536,eor=0,in=1337344,out=389120;witness=ET,s=-,h=-,partial=-,quotient=-,src=canonical,dA=64,sec=L2]/L4[chunks=1@0,rel=reduced-evaluation,qrm=12288,cqrm=1536,eor=0,in=389120,out=217088;witness=ET,s=-,h=-,partial=-,quotient=-,src=canonical,dA=64,sec=L2]/L5[chunks=1@0,rel=reduced-evaluation,qrm=9984,cqrm=0,eor=0,in=217088,out=112128;witness=ET,s=-,h=-,partial=-,quotient=-,src=canonical,dA=64,sec=L2]/T[method=ET,src=canonical,eor=0,input=112128,dA=64,sec=L2]	cutover=L2;L0[chunks=1@0,rel=quotient,qrm=0,cqrm=0,eor=0,in=17179869184,out=107172864;witness=PACK,s=128,h=4,partial=128,quotient=128,src=canonical,dA=512,sec=Linf;pre0=PACK,s=128,h=2,partial=128,quotient=128,src=canonical,dA=256,sec=Linf;pre1=PACK,s=128,h=2,partial=128,quotient=128,src=canonical,dA=256,sec=Linf]/L1[chunks=1@0,rel=quotient,qrm=0,cqrm=0,eor=0,in=107172864,out=6837248;witness=PACK,s=64,h=8,partial=64,quotient=64,src=canonical,dA=512,sec=Linf]/L2[chunks=1@0,rel=reduced-evaluation,qrm=24768,cqrm=4128,eor=0,in=6837248,out=1569856;witness=ET,s=-,h=-,partial=-,quotient=-,src=canonical,dA=64,sec=Linf]/L3[chunks=1@0,rel=reduced-evaluation,qrm=22016,cqrm=4128,eor=0,in=1569856,out=683008;witness=ET,s=-,h=-,partial=-,quotient=-,src=canonical,dA=64,sec=Linf]/L4[chunks=1@0,rel=reduced-evaluation,qrm=13312,cqrm=2496,eor=0,in=683008,out=265472;witness=ET,s=-,h=-,partial=-,quotient=-,src=canonical,dA=64,sec=Linf]/L5[chunks=1@0,rel=reduced-evaluation,qrm=11264,cqrm=0,eor=0,in=265472,out=128896;witness=ET,s=-,h=-,partial=-,quotient=-,src=canonical,dA=64,sec=L2]/L6[chunks=1@0,rel=reduced-evaluation,qrm=9856,cqrm=0,eor=0,in=128896,out=93696;witness=ET,s=-,h=-,partial=-,quotient=-,src=canonical,dA=64,sec=L2]/T[method=ET,src=canonical,eor=0,input=93696,dA=64,sec=L2]
fp128_onehot	changed	final=36:1;precommitted=	b9f19e5b22668a057b75ac8efda23eb70064baa0dde95e015463454c195a7713	b9f19e5b22668a057b75ac8efda23eb70064baa0dde95e015463454c195a7713	16777216	22544384	16777216	33554432	72487	84478	7	8	87e6da45f1e107257dd1b6b0be9521374844d68c5646cdee000ab7cc23328390	0d7b37206157f7e06a22bc8122ad20e592dbe84af2f2c50f746aff13824ea826	cutover=L2;L0[chunks=1@0,rel=quotient,qrm=0,cqrm=0,eor=0,in=68719476736,out=168688064;witness=PACK,s=64,h=8,partial=64,quotient=64,src=canonical,dA=512,sec=Linf]/L1[chunks=1@0,rel=quotient,qrm=0,cqrm=0,eor=0,in=168688064,out=8267648;witness=PACK,s=64,h=8,partial=64,quotient=64,src=canonical,dA=512,sec=Linf]/L2[chunks=1@0,rel=reduced-evaluation,qrm=22016,cqrm=2064,eor=0,in=8267648,out=1597440;witness=ET,s=-,h=-,partial=-,quotient=-,src=canonical,dA=64,sec=Linf]/L3[chunks=1@0,rel=reduced-evaluation,qrm=12288,cqrm=1536,eor=0,in=1597440,out=421888;witness=ET,s=-,h=-,partial=-,quotient=-,src=canonical,dA=64,sec=L2]/L4[chunks=1@0,rel=reduced-evaluation,qrm=12288,cqrm=1536,eor=0,in=421888,out=225280;witness=ET,s=-,h=-,partial=-,quotient=-,src=canonical,dA=64,sec=L2]/L5[chunks=1@0,rel=reduced-evaluation,qrm=9984,cqrm=0,eor=0,in=225280,out=112128;witness=ET,s=-,h=-,partial=-,quotient=-,src=canonical,dA=64,sec=L2]/T[method=ET,src=canonical,eor=0,input=112128,dA=64,sec=L2]	cutover=L2;L0[chunks=1@0,rel=quotient,qrm=0,cqrm=0,eor=0,in=68719476736,out=168705152;witness=PACK,s=64,h=8,partial=64,quotient=64,src=canonical,dA=512,sec=Linf]/L1[chunks=1@0,rel=quotient,qrm=0,cqrm=0,eor=0,in=168705152,out=8273792;witness=PACK,s=64,h=8,partial=64,quotient=64,src=canonical,dA=512,sec=Linf]/L2[chunks=1@0,rel=reduced-evaluation,qrm=24768,cqrm=4128,eor=0,in=8273792,out=1689600;witness=ET,s=-,h=-,partial=-,quotient=-,src=canonical,dA=64,sec=Linf]/L3[chunks=1@0,rel=reduced-evaluation,qrm=22016,cqrm=4128,eor=0,in=1689600,out=716032;witness=ET,s=-,h=-,partial=-,quotient=-,src=canonical,dA=64,sec=Linf]/L4[chunks=1@0,rel=reduced-evaluation,qrm=13312,cqrm=2496,eor=0,in=716032,out=265472;witness=ET,s=-,h=-,partial=-,quotient=-,src=canonical,dA=64,sec=Linf]/L5[chunks=1@0,rel=reduced-evaluation,qrm=11264,cqrm=0,eor=0,in=265472,out=128896;witness=ET,s=-,h=-,partial=-,quotient=-,src=canonical,dA=64,sec=L2]/L6[chunks=1@0,rel=reduced-evaluation,qrm=9856,cqrm=0,eor=0,in=128896,out=93696;witness=ET,s=-,h=-,partial=-,quotient=-,src=canonical,dA=64,sec=L2]/T[method=ET,src=canonical,eor=0,input=93696,dA=64,sec=L2]
fp128_onehot	changed	final=40:1;precommitted=	b5096196e31d7c94b6e34c5a093fd4bb202586423c3e6d14f78920e3d5d954c3	b5096196e31d7c94b6e34c5a093fd4bb202586423c3e6d14f78920e3d5d954c3	90177536	90177536	134217728	134217728	74432	84942	7	8	ae1a71c6d4102dafafb0346d2594788904e8f431ebdab716b2dab3873bfcb6c2	744bbb1cb1ca6cd72a9617833dfea70822a0c10986336720de5fc9c41adf6670	cutover=L2;L0[chunks=1@0,rel=quotient,qrm=0,cqrm=0,eor=0,in=1099511627776,out=674374784;witness=PACK,s=64,h=8,partial=64,quotient=64,src=canonical,dA=512,sec=Linf]/L1[chunks=1@0,rel=quotient,qrm=0,cqrm=0,eor=0,in=674374784,out=10286592;witness=PACK,s=64,h=1,partial=64,quotient=64,src=canonical,dA=64,sec=Linf]/L2[chunks=1@0,rel=reduced-evaluation,qrm=16384,cqrm=1536,eor=0,in=10286592,out=1298432;witness=ET,s=-,h=-,partial=-,quotient=-,src=canonical,dA=64,sec=Linf]/L3[chunks=1@0,rel=reduced-evaluation,qrm=14336,cqrm=1536,eor=0,in=1298432,out=421888;witness=ET,s=-,h=-,partial=-,quotient=-,src=canonical,dA=64,sec=L2]/L4[chunks=1@0,rel=reduced-evaluation,qrm=12288,cqrm=1536,eor=0,in=421888,out=225280;witness=ET,s=-,h=-,partial=-,quotient=-,src=canonical,dA=64,sec=L2]/L5[chunks=1@0,rel=reduced-evaluation,qrm=9984,cqrm=0,eor=0,in=225280,out=112128;witness=ET,s=-,h=-,partial=-,quotient=-,src=canonical,dA=64,sec=L2]/T[method=ET,src=canonical,eor=0,input=112128,dA=64,sec=L2]	cutover=L2;L0[chunks=1@0,rel=quotient,qrm=0,cqrm=0,eor=0,in=1099511627776,out=674380928;witness=PACK,s=64,h=8,partial=64,quotient=64,src=canonical,dA=512,sec=Linf]/L1[chunks=1@0,rel=quotient,qrm=0,cqrm=0,eor=0,in=674380928,out=14656064;witness=PACK,s=64,h=2,partial=64,quotient=64,src=canonical,dA=128,sec=Linf]/L2[chunks=1@0,rel=reduced-evaluation,qrm=24768,cqrm=4128,eor=0,in=14656064,out=2151936;witness=ET,s=-,h=-,partial=-,quotient=-,src=canonical,dA=64,sec=Linf]/L3[chunks=1@0,rel=reduced-evaluation,qrm=22016,cqrm=4128,eor=0,in=2151936,out=831616;witness=ET,s=-,h=-,partial=-,quotient=-,src=canonical,dA=64,sec=Linf]/L4[chunks=1@0,rel=reduced-evaluation,qrm=13312,cqrm=2496,eor=0,in=831616,out=285440;witness=ET,s=-,h=-,partial=-,quotient=-,src=canonical,dA=64,sec=Linf]/L5[chunks=1@0,rel=reduced-evaluation,qrm=11264,cqrm=0,eor=0,in=285440,out=128896;witness=ET,s=-,h=-,partial=-,quotient=-,src=canonical,dA=64,sec=L2]/L6[chunks=1@0,rel=reduced-evaluation,qrm=9856,cqrm=0,eor=0,in=128896,out=93696;witness=ET,s=-,h=-,partial=-,quotient=-,src=canonical,dA=64,sec=L2]/T[method=ET,src=canonical,eor=0,input=93696,dA=64,sec=L2]
fp128_onehot	changed	final=44:1;precommitted=	59108197889e16b1363957b8a7c59570842f3b60502857dee9a4456586d7081e	59108197889e16b1363957b8a7c59570842f3b60502857dee9a4456586d7081e	360710144	360710144	536870912	536870912	75579	85986	8	8	b075383a094e7e50a3a632faad6f64ed4aeeaa1bb173ed51eadc49494f86ecfa	986bd933f373ffc3b0250f90659db0564939400cb01c688c9a969f74eaaa4ec9	cutover=L2;L0[chunks=1@0,rel=quotient,qrm=0,cqrm=0,eor=0,in=17592186044416,out=2877435776;witness=PACK,s=128,h=4,partial=128,quotient=128,src=canonical,dA=512,sec=Linf]/L1[chunks=1@0,rel=quotient,qrm=0,cqrm=0,eor=0,in=2877435776,out=31974272;witness=PACK,s=128,h=1,partial=128,quotient=128,src=canonical,dA=128,sec=Linf]/L2[chunks=1@0,rel=reduced-evaluation,qrm=22016,cqrm=2064,eor=0,in=31974272,out=3083520;witness=ET,s=-,h=-,partial=-,quotient=-,src=canonical,dA=64,sec=Linf]/L3[chunks=1@0,rel=reduced-evaluation,qrm=22016,cqrm=2064,eor=0,in=3083520,out=941056;witness=ET,s=-,h=-,partial=-,quotient=-,src=canonical,dA=64,sec=Linf]/L4[chunks=1@0,rel=reduced-evaluation,qrm=16384,cqrm=1536,eor=0,in=941056,out=401408;witness=ET,s=-,h=-,partial=-,quotient=-,src=canonical,dA=64,sec=Linf]/L5[chunks=1@0,rel=reduced-evaluation,qrm=12288,cqrm=1536,eor=0,in=401408,out=225280;witness=ET,s=-,h=-,partial=-,quotient=-,src=canonical,dA=64,sec=L2]/L6[chunks=1@0,rel=reduced-evaluation,qrm=9984,cqrm=0,eor=0,in=225280,out=112128;witness=ET,s=-,h=-,partial=-,quotient=-,src=canonical,dA=64,sec=L2]/T[method=ET,src=canonical,eor=0,input=112128,dA=64,sec=L2]	cutover=L2;L0[chunks=1@0,rel=quotient,qrm=0,cqrm=0,eor=0,in=17592186044416,out=2877441920;witness=PACK,s=128,h=4,partial=128,quotient=128,src=canonical,dA=512,sec=Linf]/L1[chunks=1@0,rel=quotient,qrm=0,cqrm=0,eor=0,in=2877441920,out=31980416;witness=PACK,s=128,h=1,partial=128,quotient=128,src=canonical,dA=128,sec=Linf]/L2[chunks=1@0,rel=reduced-evaluation,qrm=24768,cqrm=4128,eor=0,in=31980416,out=3296832;witness=ET,s=-,h=-,partial=-,quotient=-,src=canonical,dA=64,sec=Linf]/L3[chunks=1@0,rel=reduced-evaluation,qrm=19264,cqrm=4128,eor=0,in=3296832,out=906624;witness=ET,s=-,h=-,partial=-,quotient=-,src=canonical,dA=64,sec=L2]/L4[chunks=1@0,rel=reduced-evaluation,qrm=11648,cqrm=2496,eor=0,in=906624,out=272128;witness=ET,s=-,h=-,partial=-,quotient=-,src=canonical,dA=64,sec=L2]/L5[chunks=1@0,rel=reduced-evaluation,qrm=11264,cqrm=0,eor=0,in=272128,out=128896;witness=ET,s=-,h=-,partial=-,quotient=-,src=canonical,dA=64,sec=L2]/L6[chunks=1@0,rel=reduced-evaluation,qrm=9856,cqrm=0,eor=0,in=128896,out=93696;witness=ET,s=-,h=-,partial=-,quotient=-,src=canonical,dA=64,sec=L2]/T[method=ET,src=canonical,eor=0,input=93696,dA=64,sec=L2]
fp128_onehot	changed	final=50:1;precommitted=	270f16c2966b092473ac7c4025e71c8e4bb127f40148ad4d279309ce24502a77	270f16c2966b092473ac7c4025e71c8e4bb127f40148ad4d279309ce24502a77	2885681152	4294967296	4294967296	4294967296	76731	88348	8	8	1e26dcd29bb28c113bf76e344fb9c846ca6d09c372fb804b5679bba2031ad7fb	0d9d4b819ad137c3e4e37315b2ef048d5e52039c62f67843310791ea21532669	cutover=L2;L0[chunks=1@0,rel=quotient,qrm=0,cqrm=0,eor=0,in=1125899906842624,out=23723123840;witness=PACK,s=64,h=8,partial=64,quotient=64,src=canonical,dA=512,sec=Linf]/L1[chunks=1@0,rel=quotient,qrm=0,cqrm=0,eor=0,in=23723123840,out=112141184;witness=PACK,s=64,h=8,partial=64,quotient=64,src=canonical,dA=512,sec=Linf]/L2[chunks=1@0,rel=reduced-evaluation,qrm=22016,cqrm=2064,eor=0,in=112141184,out=5651200;witness=ET,s=-,h=-,partial=-,quotient=-,src=canonical,dA=64,sec=Linf]/L3[chunks=1@0,rel=reduced-evaluation,qrm=22016,cqrm=2064,eor=0,in=5651200,out=1271296;witness=ET,s=-,h=-,partial=-,quotient=-,src=canonical,dA=64,sec=Linf]/L4[chunks=1@0,rel=reduced-evaluation,qrm=12288,cqrm=1536,eor=0,in=1271296,out=380928;witness=ET,s=-,h=-,partial=-,quotient=-,src=canonical,dA=64,sec=L2]/L5[chunks=1@0,rel=reduced-evaluation,qrm=12288,cqrm=1536,eor=0,in=380928,out=217088;witness=ET,s=-,h=-,partial=-,quotient=-,src=canonical,dA=64,sec=L2]/L6[chunks=1@0,rel=reduced-evaluation,qrm=9984,cqrm=0,eor=0,in=217088,out=112128;witness=ET,s=-,h=-,partial=-,quotient=-,src=canonical,dA=64,sec=L2]/T[method=ET,src=canonical,eor=0,input=112128,dA=64,sec=L2]	cutover=L2;L0[chunks=1@0,rel=quotient,qrm=0,cqrm=0,eor=0,in=1125899906842624,out=25837023744;witness=PACK,s=256,h=2,partial=256,quotient=256,src=canonical,dA=512,sec=Linf]/L1[chunks=1@0,rel=quotient,qrm=0,cqrm=0,eor=0,in=25837023744,out=126443776;witness=PACK,s=128,h=4,partial=128,quotient=128,src=canonical,dA=512,sec=Linf]/L2[chunks=1@0,rel=reduced-evaluation,qrm=24768,cqrm=4128,eor=0,in=126443776,out=6549824;witness=ET,s=-,h=-,partial=-,quotient=-,src=canonical,dA=64,sec=Linf]/L3[chunks=1@0,rel=reduced-evaluation,qrm=19264,cqrm=4128,eor=0,in=6549824,out=1236864;witness=ET,s=-,h=-,partial=-,quotient=-,src=canonical,dA=64,sec=L2]/L4[chunks=1@0,rel=reduced-evaluation,qrm=11648,cqrm=0,eor=0,in=1236864,out=289152;witness=ET,s=-,h=-,partial=-,quotient=-,src=canonical,dA=64,sec=L2]/L5[chunks=1@0,rel=reduced-evaluation,qrm=11264,cqrm=0,eor=0,in=289152,out=128896;witness=ET,s=-,h=-,partial=-,quotient=-,src=canonical,dA=64,sec=L2]/L6[chunks=1@0,rel=reduced-evaluation,qrm=9856,cqrm=0,eor=0,in=128896,out=93696;witness=ET,s=-,h=-,partial=-,quotient=-,src=canonical,dA=64,sec=L2]/T[method=ET,src=canonical,eor=0,input=93696,dA=64,sec=L2]
fp128_onehot_multi_chunk	changed	final=16:1;precommitted=	619d5acd56307a5aff5911635e36969a167028482b33cc55f9f90598a55554be	619d5acd56307a5aff5911635e36969a167028482b33cc55f9f90598a55554be	327680	458752	131072	262144	78376	83240	6	7	5c18cc49277eb710a7681ecc97e88512de80c7dc09d11e54e26e57b41c2e8095	de3623983bd759838e12fed18142c75f39d5eba4dd54fce760a5e7035b0a7031	cutover=L2;L0[chunks=8@2,rel=quotient,qrm=0,cqrm=0,eor=0,in=65536,out=1178048;witness=PACK,s=64,h=8,partial=64,quotient=64,src=canonical,dA=512,sec=Linf]/L1[chunks=8@2,rel=quotient,qrm=0,cqrm=0,eor=0,in=1178048,out=1159040;witness=PACK,s=64,h=1,partial=64,quotient=64,src=canonical,dA=64,sec=Linf]/L2[chunks=1@0,rel=reduced-evaluation,qrm=11264,cqrm=1056,eor=0,in=1159040,out=303616;witness=ET,s=-,h=-,partial=-,quotient=-,src=canonical,dA=64,sec=Linf]/L3[chunks=1@0,rel=reduced-evaluation,qrm=9856,cqrm=0,eor=0,in=303616,out=135936;witness=ET,s=-,h=-,partial=-,quotient=-,src=canonical,dA=64,sec=Linf]/L4[chunks=1@0,rel=reduced-evaluation,qrm=9856,cqrm=0,eor=0,in=135936,out=96128;witness=ET,s=-,h=-,partial=-,quotient=-,src=canonical,dA=64,sec=Linf]/T[method=ET,src=canonical,eor=0,input=96128,dA=64,sec=L2]	cutover=L2;L0[chunks=8@2,rel=quotient,qrm=0,cqrm=0,eor=0,in=65536,out=1197952;witness=PACK,s=128,h=4,partial=128,quotient=128,src=canonical,dA=512,sec=Linf]/L1[chunks=8@2,rel=quotient,qrm=0,cqrm=0,eor=0,in=1197952,out=1185728;witness=PACK,s=64,h=2,partial=64,quotient=64,src=canonical,dA=128,sec=Linf]/L2[chunks=1@0,rel=reduced-evaluation,qrm=18304,cqrm=2496,eor=0,in=1185728,out=482304;witness=ET,s=-,h=-,partial=-,quotient=-,src=canonical,dA=64,sec=Linf]/L3[chunks=1@0,rel=reduced-evaluation,qrm=11648,cqrm=2496,eor=0,in=482304,out=247680;witness=ET,s=-,h=-,partial=-,quotient=-,src=canonical,dA=64,sec=L2]/L4[chunks=1@0,rel=reduced-evaluation,qrm=11264,cqrm=0,eor=0,in=247680,out=121856;witness=ET,s=-,h=-,partial=-,quotient=-,src=canonical,dA=64,sec=L2]/L5[chunks=1@0,rel=reduced-evaluation,qrm=9856,cqrm=0,eor=0,in=121856,out=93696;witness=ET,s=-,h=-,partial=-,quotient=-,src=canonical,dA=64,sec=L2]/T[method=ET,src=canonical,eor=0,input=93696,dA=64,sec=L2]
fp128_onehot_multi_chunk	changed	final=32:1;precommitted=	47272635f2438376271d1b13f43ae0fbb70effc54ee431f53fae213a90ff22bc	47272635f2438376271d1b13f43ae0fbb70effc54ee431f53fae213a90ff22bc	4194304	4194304	4194304	4194304	74659	85050	8	8	106f6eca0f119f265fa70e475207468bbbe67222a359e090025c619af85e7cae	f9847406666c8435ba90d8ec718170071c07efad81ba1d82d2f48a83b11adb4e	cutover=L2;L0[chunks=8@2,rel=quotient,qrm=0,cqrm=0,eor=0,in=4294967296,out=128055744;witness=PACK,s=64,h=8,partial=64,quotient=64,src=canonical,dA=512,sec=Linf]/L1[chunks=8@2,rel=quotient,qrm=0,cqrm=0,eor=0,in=128055744,out=18998336;witness=PACK,s=64,h=2,partial=64,quotient=64,src=canonical,dA=128,sec=Linf]/L2[chunks=1@0,rel=reduced-evaluation,qrm=22016,cqrm=2064,eor=0,in=18998336,out=2274432;witness=ET,s=-,h=-,partial=-,quotient=-,src=canonical,dA=64,sec=Linf]/L3[chunks=1@0,rel=reduced-evaluation,qrm=22016,cqrm=2064,eor=0,in=2274432,out=841984;witness=ET,s=-,h=-,partial=-,quotient=-,src=canonical,dA=64,sec=Linf]/L4[chunks=1@0,rel=reduced-evaluation,qrm=16512,cqrm=2064,eor=0,in=841984,out=425728;witness=ET,s=-,h=-,partial=-,quotient=-,src=canonical,dA=64,sec=L2]/L5[chunks=1@0,rel=reduced-evaluation,qrm=12288,cqrm=1536,eor=0,in=425728,out=225280;witness=ET,s=-,h=-,partial=-,quotient=-,src=canonical,dA=64,sec=L2]/L6[chunks=1@0,rel=reduced-evaluation,qrm=9984,cqrm=0,eor=0,in=225280,out=112128;witness=ET,s=-,h=-,partial=-,quotient=-,src=canonical,dA=64,sec=L2]/T[method=ET,src=canonical,eor=0,input=112128,dA=64,sec=L2]	cutover=L2;L0[chunks=8@2,rel=quotient,qrm=0,cqrm=0,eor=0,in=4294967296,out=128061888;witness=PACK,s=64,h=8,partial=64,quotient=64,src=canonical,dA=512,sec=Linf]/L1[chunks=8@2,rel=quotient,qrm=0,cqrm=0,eor=0,in=128061888,out=21107136;witness=PACK,s=64,h=4,partial=64,quotient=64,src=canonical,dA=256,sec=Linf]/L2[chunks=1@0,rel=reduced-evaluation,qrm=24768,cqrm=4128,eor=0,in=21107136,out=2633536;witness=ET,s=-,h=-,partial=-,quotient=-,src=canonical,dA=64,sec=Linf]/L3[chunks=1@0,rel=reduced-evaluation,qrm=24768,cqrm=4128,eor=0,in=2633536,out=953408;witness=ET,s=-,h=-,partial=-,quotient=-,src=canonical,dA=64,sec=Linf]/L4[chunks=1@0,rel=reduced-evaluation,qrm=11648,cqrm=2496,eor=0,in=953408,out=280448;witness=ET,s=-,h=-,partial=-,quotient=-,src=canonical,dA=64,sec=L2]/L5[chunks=1@0,rel=reduced-evaluation,qrm=11264,cqrm=0,eor=0,in=280448,out=128896;witness=ET,s=-,h=-,partial=-,quotient=-,src=canonical,dA=64,sec=L2]/L6[chunks=1@0,rel=reduced-evaluation,qrm=9856,cqrm=0,eor=0,in=128896,out=93696;witness=ET,s=-,h=-,partial=-,quotient=-,src=canonical,dA=64,sec=L2]/T[method=ET,src=canonical,eor=0,input=93696,dA=64,sec=L2]
fp128_onehot_multi_chunk	changed	final=32:2;precommitted=16:1,16:1	b1af2baa3f1cd4c8a77d92f88734bab4403d9377dcccfa4f885822f132506dc6	a75d52be250d13edee83fc5777a93c31e103d0ac4dd63113d61c436c84207302	5812224	8388608	8388608	8388608	75116	85168	8	8	dce612a4753aeb49484468c5518d08761d67f4f0b47797d0678039ab978000c1	3d02e480e3e6e4beb35d4164597d2021a986ac959f97a8873e9804f100ef0a58	cutover=L2;L0[chunks=8@2,rel=quotient,qrm=0,cqrm=0,eor=0,in=4294967296,out=153452544;witness=PACK,s=64,h=8,partial=64,quotient=64,src=canonical,dA=512,sec=Linf;pre0=PACK,s=64,h=8,partial=64,quotient=64,src=canonical,dA=512,sec=Linf;pre1=PACK,s=64,h=8,partial=64,quotient=64,src=canonical,dA=512,sec=Linf]/L1[chunks=8@2,rel=quotient,qrm=0,cqrm=0,eor=0,in=153452544,out=21095488;witness=PACK,s=64,h=1,partial=64,quotient=64,src=canonical,dA=64,sec=Linf]/L2[chunks=1@0,rel=reduced-evaluation,qrm=22016,cqrm=2064,eor=0,in=21095488,out=2406528;witness=ET,s=-,h=-,partial=-,quotient=-,src=canonical,dA=64,sec=Linf]/L3[chunks=1@0,rel=reduced-evaluation,qrm=22016,cqrm=2064,eor=0,in=2406528,out=858496;witness=ET,s=-,h=-,partial=-,quotient=-,src=canonical,dA=64,sec=Linf]/L4[chunks=1@0,rel=reduced-evaluation,qrm=16384,cqrm=1536,eor=0,in=858496,out=389120;witness=ET,s=-,h=-,partial=-,quotient=-,src=canonical,dA=64,sec=Linf]/L5[chunks=1@0,rel=reduced-evaluation,qrm=12288,cqrm=1536,eor=0,in=389120,out=217088;witness=ET,s=-,h=-,partial=-,quotient=-,src=canonical,dA=64,sec=L2]/L6[chunks=1@0,rel=reduced-evaluation,qrm=9984,cqrm=0,eor=0,in=217088,out=112128;witness=ET,s=-,h=-,partial=-,quotient=-,src=canonical,dA=64,sec=L2]/T[method=ET,src=canonical,eor=0,input=112128,dA=64,sec=L2]	cutover=L2;L0[chunks=8@2,rel=quotient,qrm=0,cqrm=0,eor=0,in=4294967296,out=231065088;witness=PACK,s=64,h=8,partial=64,quotient=64,src=canonical,dA=512,sec=Linf;pre0=PACK,s=128,h=4,partial=128,quotient=128,src=canonical,dA=512,sec=Linf;pre1=PACK,s=128,h=4,partial=128,quotient=128,src=canonical,dA=512,sec=Linf]/L1[chunks=8@2,rel=quotient,qrm=0,cqrm=0,eor=0,in=231065088,out=29495744;witness=PACK,s=64,h=4,partial=64,quotient=64,src=canonical,dA=256,sec=Linf]/L2[chunks=1@0,rel=reduced-evaluation,qrm=24768,cqrm=4128,eor=0,in=29495744,out=3219776;witness=ET,s=-,h=-,partial=-,quotient=-,src=canonical,dA=64,sec=Linf]/L3[chunks=1@0,rel=reduced-evaluation,qrm=24768,cqrm=4128,eor=0,in=3219776,out=1030464;witness=ET,s=-,h=-,partial=-,quotient=-,src=canonical,dA=64,sec=Linf]/L4[chunks=1@0,rel=reduced-evaluation,qrm=11648,cqrm=2496,eor=0,in=1030464,out=288768;witness=ET,s=-,h=-,partial=-,quotient=-,src=canonical,dA=64,sec=L2]/L5[chunks=1@0,rel=reduced-evaluation,qrm=11264,cqrm=0,eor=0,in=288768,out=128896;witness=ET,s=-,h=-,partial=-,quotient=-,src=canonical,dA=64,sec=L2]/L6[chunks=1@0,rel=reduced-evaluation,qrm=9856,cqrm=0,eor=0,in=128896,out=93696;witness=ET,s=-,h=-,partial=-,quotient=-,src=canonical,dA=64,sec=L2]/T[method=ET,src=canonical,eor=0,input=93696,dA=64,sec=L2]
fp128_onehot_multi_chunk	changed	final=34:2;precommitted=16:1,16:1	418bce9bd474b57ce061831417be3dd051d57be5e5b7d7bdc9cb550f40527ae6	4df8d71545925a8473be3f295dea00d1725c97fff86fc2636ab7153dc3b8d15e	16777216	16777216	16777216	16777216	75233	85755	8	8	5b698dcc34813428acac0e08fea7b3f339d4033cc4c3a67b2c4793ce5de1b153	6038b8bbdf81d7c9a983ea227452a15b6106189f831ce5ffc7683c2f8ea3b6b3	cutover=L2;L0[chunks=8@2,rel=quotient,qrm=0,cqrm=0,eor=0,in=17179869184,out=306544640;witness=PACK,s=64,h=4,partial=64,quotient=64,src=canonical,dA=256,sec=Linf;pre0=PACK,s=64,h=8,partial=64,quotient=64,src=canonical,dA=512,sec=Linf;pre1=PACK,s=64,h=8,partial=64,quotient=64,src=canonical,dA=512,sec=Linf]/L1[chunks=8@2,rel=quotient,qrm=0,cqrm=0,eor=0,in=306544640,out=29484096;witness=PACK,s=64,h=2,partial=64,quotient=64,src=canonical,dA=128,sec=Linf]/L2[chunks=1@0,rel=reduced-evaluation,qrm=22016,cqrm=2064,eor=0,in=29484096,out=2934912;witness=ET,s=-,h=-,partial=-,quotient=-,src=canonical,dA=64,sec=Linf]/L3[chunks=1@0,rel=reduced-evaluation,qrm=22016,cqrm=2064,eor=0,in=2934912,out=924544;witness=ET,s=-,h=-,partial=-,quotient=-,src=canonical,dA=64,sec=Linf]/L4[chunks=1@0,rel=reduced-evaluation,qrm=16384,cqrm=1536,eor=0,in=924544,out=401408;witness=ET,s=-,h=-,partial=-,quotient=-,src=canonical,dA=64,sec=Linf]/L5[chunks=1@0,rel=reduced-evaluation,qrm=12288,cqrm=1536,eor=0,in=401408,out=225280;witness=ET,s=-,h=-,partial=-,quotient=-,src=canonical,dA=64,sec=L2]/L6[chunks=1@0,rel=reduced-evaluation,qrm=9984,cqrm=0,eor=0,in=225280,out=112128;witness=ET,s=-,h=-,partial=-,quotient=-,src=canonical,dA=64,sec=L2]/T[method=ET,src=canonical,eor=0,input=112128,dA=64,sec=L2]	cutover=L2;L0[chunks=8@2,rel=quotient,qrm=0,cqrm=0,eor=0,in=17179869184,out=461765632;witness=PACK,s=128,h=4,partial=128,quotient=128,src=canonical,dA=512,sec=Linf;pre0=PACK,s=128,h=4,partial=128,quotient=128,src=canonical,dA=512,sec=Linf;pre1=PACK,s=128,h=4,partial=128,quotient=128,src=canonical,dA=512,sec=Linf]/L1[chunks=8@2,rel=quotient,qrm=0,cqrm=0,eor=0,in=461765632,out=37881600;witness=PACK,s=64,h=1,partial=64,quotient=64,src=canonical,dA=64,sec=Linf]/L2[chunks=1@0,rel=reduced-evaluation,qrm=24768,cqrm=4128,eor=0,in=37881600,out=3528000;witness=ET,s=-,h=-,partial=-,quotient=-,src=canonical,dA=64,sec=Linf]/L3[chunks=1@0,rel=reduced-evaluation,qrm=19264,cqrm=4128,eor=0,in=3528000,out=920384;witness=ET,s=-,h=-,partial=-,quotient=-,src=canonical,dA=64,sec=L2]/L4[chunks=1@0,rel=reduced-evaluation,qrm=11648,cqrm=2496,eor=0,in=920384,out=280448;witness=ET,s=-,h=-,partial=-,quotient=-,src=canonical,dA=64,sec=L2]/L5[chunks=1@0,rel=reduced-evaluation,qrm=11264,cqrm=0,eor=0,in=280448,out=128896;witness=ET,s=-,h=-,partial=-,quotient=-,src=canonical,dA=64,sec=L2]/L6[chunks=1@0,rel=reduced-evaluation,qrm=9856,cqrm=0,eor=0,in=128896,out=93696;witness=ET,s=-,h=-,partial=-,quotient=-,src=canonical,dA=64,sec=L2]/T[method=ET,src=canonical,eor=0,input=93696,dA=64,sec=L2]
fp128_onehot_multi_chunk_w2r2	changed	final=14:1;precommitted=	235fdc37cb4e83e243a17cafde8597967ef2316443a2656dee73a57dc55cac8e	235fdc37cb4e83e243a17cafde8597967ef2316443a2656dee73a57dc55cac8e	131072	196608	32768	32768	72623	78239	5	6	13808e9510574df63c01048bb22fbcaa251512a744ec42a913c52e73d15d82e2	b61268c21f816458ddc0c187d282292c1d5e63150e61a98de9bd327890c96fd9	cutover=L2;L0[chunks=2@2,rel=quotient,qrm=0,cqrm=0,eor=0,in=16384,out=260544;witness=PACK,s=64,h=8,partial=64,quotient=64,src=canonical,dA=512,sec=Linf]/L1[chunks=2@2,rel=quotient,qrm=0,cqrm=0,eor=0,in=260544,out=272640;witness=PACK,s=64,h=4,partial=64,quotient=64,src=canonical,dA=256,sec=Linf]/L2[chunks=1@0,rel=reduced-evaluation,qrm=9856,cqrm=0,eor=0,in=272640,out=128896;witness=ET,s=-,h=-,partial=-,quotient=-,src=canonical,dA=64,sec=Linf]/L3[chunks=1@0,rel=reduced-evaluation,qrm=9856,cqrm=0,eor=0,in=128896,out=89088;witness=ET,s=-,h=-,partial=-,quotient=-,src=canonical,dA=64,sec=Linf]/T[method=ET,src=canonical,eor=0,input=89088,dA=64,sec=L2]	cutover=L2;L0[chunks=2@2,rel=quotient,qrm=0,cqrm=0,eor=0,in=16384,out=269440;witness=PACK,s=128,h=4,partial=128,quotient=128,src=canonical,dA=512,sec=Linf]/L1[chunks=2@2,rel=quotient,qrm=0,cqrm=0,eor=0,in=269440,out=302528;witness=PACK,s=64,h=1,partial=64,quotient=64,src=canonical,dA=64,sec=Linf]/L2[chunks=1@0,rel=reduced-evaluation,qrm=14976,cqrm=2496,eor=0,in=302528,out=239360;witness=ET,s=-,h=-,partial=-,quotient=-,src=canonical,dA=64,sec=Linf]/L3[chunks=1@0,rel=reduced-evaluation,qrm=11264,cqrm=0,eor=0,in=239360,out=121856;witness=ET,s=-,h=-,partial=-,quotient=-,src=canonical,dA=64,sec=L2]/L4[chunks=1@0,rel=reduced-evaluation,qrm=9856,cqrm=0,eor=0,in=121856,out=93696;witness=ET,s=-,h=-,partial=-,quotient=-,src=canonical,dA=64,sec=L2]/T[method=ET,src=canonical,eor=0,input=93696,dA=64,sec=L2]
fp128_onehot_multi_chunk_w2r2	changed	final=14:1;precommitted=14:1	e991695d9b1b47abc74767d72e83196911af3d6dfc4b52e3e51caf5e67280563	ee81d011f70c1a8be6740527e9b9a2229ad141fbbc72338db34d08fc7c2984c7	131072	196608	32768	32768	68097	78241	6	6	4df00291bdd6a45408ed66e5db54dcb537e1bd0c828535e940198b7854fa5ad4	dc56a14d7c108227dcd348e93623425eee849459c3c9833dbd4da28e3fa42cc0	cutover=L2;L0[chunks=2@2,rel=quotient,qrm=0,cqrm=0,eor=0,in=16384,out=507392;witness=PACK,s=64,h=8,partial=64,quotient=64,src=canonical,dA=512,sec=Linf;pre0=PACK,s=64,h=8,partial=64,quotient=64,src=canonical,dA=512,sec=Linf]/L1[chunks=2@2,rel=quotient,qrm=0,cqrm=0,eor=0,in=507392,out=435712;witness=PACK,s=256,h=1,partial=256,quotient=256,src=canonical,dA=256,sec=Linf]/L2[chunks=1@0,rel=reduced-evaluation,qrm=14336,cqrm=1536,eor=0,in=435712,out=262144;witness=ET,s=-,h=-,partial=-,quotient=-,src=canonical,dA=64,sec=Linf]/L3[chunks=1@0,rel=reduced-evaluation,qrm=14336,cqrm=1536,eor=0,in=262144,out=200704;witness=ET,s=-,h=-,partial=-,quotient=-,src=canonical,dA=64,sec=Linf]/L4[chunks=1@0,rel=reduced-evaluation,qrm=9984,cqrm=0,eor=0,in=200704,out=112128;witness=ET,s=-,h=-,partial=-,quotient=-,src=canonical,dA=64,sec=L2]/T[method=ET,src=canonical,eor=0,input=112128,dA=64,sec=L2]	cutover=L2;L0[chunks=2@2,rel=quotient,qrm=0,cqrm=0,eor=0,in=16384,out=363520;witness=PACK,s=64,h=1,partial=64,quotient=64,src=canonical,dA=64,sec=Linf;pre0=PACK,s=128,h=4,partial=128,quotient=128,src=canonical,dA=512,sec=Linf]/L1[chunks=2@2,rel=quotient,qrm=0,cqrm=0,eor=0,in=363520,out=302528;witness=PACK,s=64,h=1,partial=64,quotient=64,src=canonical,dA=64,sec=Linf]/L2[chunks=1@0,rel=reduced-evaluation,qrm=14976,cqrm=2496,eor=0,in=302528,out=239360;witness=ET,s=-,h=-,partial=-,quotient=-,src=canonical,dA=64,sec=Linf]/L3[chunks=1@0,rel=reduced-evaluation,qrm=11264,cqrm=0,eor=0,in=239360,out=121856;witness=ET,s=-,h=-,partial=-,quotient=-,src=canonical,dA=64,sec=L2]/L4[chunks=1@0,rel=reduced-evaluation,qrm=9856,cqrm=0,eor=0,in=121856,out=93696;witness=ET,s=-,h=-,partial=-,quotient=-,src=canonical,dA=64,sec=L2]/T[method=ET,src=canonical,eor=0,input=93696,dA=64,sec=L2]
fp128_onehot_multi_chunk_w2r2	changed	final=32:1;precommitted=	47272635f2438376271d1b13f43ae0fbb70effc54ee431f53fae213a90ff22bc	47272635f2438376271d1b13f43ae0fbb70effc54ee431f53fae213a90ff22bc	4194304	4194304	4194304	4194304	72255	84246	7	8	1b943edca2d08ef680a15b1108686be0d93a2c796e75e3781a8c595e2a1ed30d	91fbb8c6ae3b9cc6adce36fc159a2c7c36410c70d5c1228ded7f370e3b6c0efb	cutover=L2;L0[chunks=2@2,rel=quotient,qrm=0,cqrm=0,eor=0,in=4294967296,out=50985408;witness=PACK,s=64,h=8,partial=64,quotient=64,src=canonical,dA=512,sec=Linf]/L1[chunks=2@2,rel=quotient,qrm=0,cqrm=0,eor=0,in=50985408,out=6153280;witness=PACK,s=64,h=2,partial=64,quotient=64,src=canonical,dA=128,sec=Linf]/L2[chunks=1@0,rel=reduced-evaluation,qrm=22016,cqrm=2064,eor=0,in=6153280,out=1320832;witness=ET,s=-,h=-,partial=-,quotient=-,src=canonical,dA=64,sec=Linf]/L3[chunks=1@0,rel=reduced-evaluation,qrm=12288,cqrm=1536,eor=0,in=1320832,out=389120;witness=ET,s=-,h=-,partial=-,quotient=-,src=canonical,dA=64,sec=L2]/L4[chunks=1@0,rel=reduced-evaluation,qrm=12288,cqrm=1536,eor=0,in=389120,out=217088;witness=ET,s=-,h=-,partial=-,quotient=-,src=canonical,dA=64,sec=L2]/L5[chunks=1@0,rel=reduced-evaluation,qrm=9984,cqrm=0,eor=0,in=217088,out=112128;witness=ET,s=-,h=-,partial=-,quotient=-,src=canonical,dA=64,sec=L2]/T[method=ET,src=canonical,eor=0,input=112128,dA=64,sec=L2]	cutover=L2;L0[chunks=2@2,rel=quotient,qrm=0,cqrm=0,eor=0,in=4294967296,out=50991552;witness=PACK,s=64,h=8,partial=64,quotient=64,src=canonical,dA=512,sec=Linf]/L1[chunks=2@2,rel=quotient,qrm=0,cqrm=0,eor=0,in=50991552,out=7213504;witness=PACK,s=64,h=4,partial=64,quotient=64,src=canonical,dA=256,sec=Linf]/L2[chunks=1@0,rel=reduced-evaluation,qrm=24768,cqrm=4128,eor=0,in=7213504,out=1627648;witness=ET,s=-,h=-,partial=-,quotient=-,src=canonical,dA=64,sec=Linf]/L3[chunks=1@0,rel=reduced-evaluation,qrm=22016,cqrm=4128,eor=0,in=1627648,out=699520;witness=ET,s=-,h=-,partial=-,quotient=-,src=canonical,dA=64,sec=Linf]/L4[chunks=1@0,rel=reduced-evaluation,qrm=13312,cqrm=2496,eor=0,in=699520,out=265472;witness=ET,s=-,h=-,partial=-,quotient=-,src=canonical,dA=64,sec=Linf]/L5[chunks=1@0,rel=reduced-evaluation,qrm=11264,cqrm=0,eor=0,in=265472,out=128896;witness=ET,s=-,h=-,partial=-,quotient=-,src=canonical,dA=64,sec=L2]/L6[chunks=1@0,rel=reduced-evaluation,qrm=9856,cqrm=0,eor=0,in=128896,out=93696;witness=ET,s=-,h=-,partial=-,quotient=-,src=canonical,dA=64,sec=L2]/T[method=ET,src=canonical,eor=0,input=93696,dA=64,sec=L2]
fp128_onehot_multi_chunk_w2r3	changed	final=14:1;precommitted=	235fdc37cb4e83e243a17cafde8597967ef2316443a2656dee73a57dc55cac8e	235fdc37cb4e83e243a17cafde8597967ef2316443a2656dee73a57dc55cac8e	163840	196608	32768	32768	75652	83211	6	6	89f063fc4779f0aa1e0de3134cbb26d81c6262eb7f78882d8d13404bc72a9ca3	f5a2f11aa4e8956235eaf1033c76c8cc005e8e2119653a9395bf5c50e0f982ce	cutover=L2;L0[chunks=2@3,rel=quotient,qrm=0,cqrm=0,eor=0,in=16384,out=260544;witness=PACK,s=64,h=8,partial=64,quotient=64,src=canonical,dA=512,sec=Linf]/L1[chunks=2@3,rel=quotient,qrm=0,cqrm=0,eor=0,in=260544,out=272640;witness=PACK,s=64,h=4,partial=64,quotient=64,src=canonical,dA=256,sec=Linf]/L2[chunks=2@3,rel=reduced-evaluation,qrm=11264,cqrm=1056,eor=0,in=272640,out=249856;witness=ET,s=-,h=-,partial=-,quotient=-,src=canonical,dA=64,sec=Linf]/L3[chunks=1@0,rel=reduced-evaluation,qrm=9856,cqrm=1056,eor=0,in=249856,out=142336;witness=ET,s=-,h=-,partial=-,quotient=-,src=canonical,dA=64,sec=Linf]/L4[chunks=1@0,rel=reduced-evaluation,qrm=9856,cqrm=0,eor=0,in=142336,out=96128;witness=ET,s=-,h=-,partial=-,quotient=-,src=canonical,dA=64,sec=Linf]/T[method=ET,src=canonical,eor=0,input=96128,dA=64,sec=L2]	cutover=L2;L0[chunks=2@3,rel=quotient,qrm=0,cqrm=0,eor=0,in=16384,out=280448;witness=PACK,s=128,h=4,partial=128,quotient=128,src=canonical,dA=512,sec=Linf]/L1[chunks=2@3,rel=quotient,qrm=0,cqrm=0,eor=0,in=280448,out=312384;witness=PACK,s=64,h=1,partial=64,quotient=64,src=canonical,dA=64,sec=Linf]/L2[chunks=2@3,rel=reduced-evaluation,qrm=14080,cqrm=2112,eor=0,in=312384,out=294912;witness=ET,s=-,h=-,partial=-,quotient=-,src=canonical,dA=64,sec=Linf]/L3[chunks=1@0,rel=reduced-evaluation,qrm=12672,cqrm=2112,eor=0,in=294912,out=174336;witness=ET,s=-,h=-,partial=-,quotient=-,src=canonical,dA=64,sec=Linf]/L4[chunks=1@0,rel=reduced-evaluation,qrm=11264,cqrm=0,eor=0,in=174336,out=107776;witness=ET,s=-,h=-,partial=-,quotient=-,src=canonical,dA=64,sec=L2]/T[method=ET,src=canonical,eor=0,input=107776,dA=64,sec=L2]
fp128_onehot_multi_chunk_w2r3	changed	final=16:1;precommitted=	619d5acd56307a5aff5911635e36969a167028482b33cc55f9f90598a55554be	619d5acd56307a5aff5911635e36969a167028482b33cc55f9f90598a55554be	163840	196608	16384	32768	75651	81199	6	6	101e0f68c8b54fcb3001694f8c4209acd6a5ee8f32b936eb8eeb4e9ce864eba8	de9067e71c4d585d6e162983974fb6a55bc8160ce30bdb93ebddfc6ef542b2c3	cutover=L2;L0[chunks=2@3,rel=quotient,qrm=0,cqrm=0,eor=0,in=65536,out=249536;witness=PACK,s=64,h=4,partial=64,quotient=64,src=canonical,dA=256,sec=Linf]/L1[chunks=2@3,rel=quotient,qrm=0,cqrm=0,eor=0,in=249536,out=262784;witness=PACK,s=64,h=1,partial=64,quotient=64,src=canonical,dA=64,sec=Linf]/L2[chunks=2@3,rel=reduced-evaluation,qrm=11264,cqrm=1056,eor=0,in=262784,out=249856;witness=ET,s=-,h=-,partial=-,quotient=-,src=canonical,dA=64,sec=Linf]/L3[chunks=1@0,rel=reduced-evaluation,qrm=9856,cqrm=1056,eor=0,in=249856,out=142336;witness=ET,s=-,h=-,partial=-,quotient=-,src=canonical,dA=64,sec=Linf]/L4[chunks=1@0,rel=reduced-evaluation,qrm=9856,cqrm=0,eor=0,in=142336,out=96128;witness=ET,s=-,h=-,partial=-,quotient=-,src=canonical,dA=64,sec=Linf]/T[method=ET,src=canonical,eor=0,input=96128,dA=64,sec=L2]	cutover=L2;L0[chunks=2@3,rel=quotient,qrm=0,cqrm=0,eor=0,in=65536,out=291200;witness=PACK,s=128,h=4,partial=128,quotient=128,src=canonical,dA=512,sec=Linf]/L1[chunks=2@3,rel=quotient,qrm=0,cqrm=0,eor=0,in=291200,out=269760;witness=PACK,s=64,h=1,partial=64,quotient=64,src=canonical,dA=64,sec=Linf]/L2[chunks=2@3,rel=reduced-evaluation,qrm=14080,cqrm=0,eor=0,in=269760,out=229376;witness=ET,s=-,h=-,partial=-,quotient=-,src=canonical,dA=64,sec=Linf]/L3[chunks=1@0,rel=reduced-evaluation,qrm=12672,cqrm=0,eor=0,in=229376,out=124672;witness=ET,s=-,h=-,partial=-,quotient=-,src=canonical,dA=64,sec=Linf]/L4[chunks=1@0,rel=reduced-evaluation,qrm=9856,cqrm=0,eor=0,in=124672,out=93696;witness=ET,s=-,h=-,partial=-,quotient=-,src=canonical,dA=64,sec=L2]/T[method=ET,src=canonical,eor=0,input=93696,dA=64,sec=L2]
fp128_onehot_multi_chunk_w2r3	changed	final=32:1;precommitted=	47272635f2438376271d1b13f43ae0fbb70effc54ee431f53fae213a90ff22bc	47272635f2438376271d1b13f43ae0fbb70effc54ee431f53fae213a90ff22bc	4194304	4194304	4194304	4194304	73668	84245	7	8	8adc5a3a90180be30088a8bc24a296fcd94777bd1e67c36e26bfd84dfd5a414f	24f4b1731bead5f6892754b4b440786e50fde8bfd7f2590970f3a1d4ad2b32ba	cutover=L2;L0[chunks=2@3,rel=quotient,qrm=0,cqrm=0,eor=0,in=4294967296,out=50985408;witness=PACK,s=64,h=8,partial=64,quotient=64,src=canonical,dA=512,sec=Linf]/L1[chunks=2@3,rel=quotient,qrm=0,cqrm=0,eor=0,in=50985408,out=4111872;witness=PACK,s=64,h=1,partial=64,quotient=64,src=canonical,dA=64,sec=Linf]/L2[chunks=2@3,rel=reduced-evaluation,qrm=16384,cqrm=1536,eor=0,in=4111872,out=1200128;witness=ET,s=-,h=-,partial=-,quotient=-,src=canonical,dA=64,sec=Linf]/L3[chunks=1@0,rel=reduced-evaluation,qrm=14336,cqrm=1536,eor=0,in=1200128,out=411648;witness=ET,s=-,h=-,partial=-,quotient=-,src=canonical,dA=64,sec=L2]/L4[chunks=1@0,rel=reduced-evaluation,qrm=12288,cqrm=1536,eor=0,in=411648,out=225280;witness=ET,s=-,h=-,partial=-,quotient=-,src=canonical,dA=64,sec=L2]/L5[chunks=1@0,rel=reduced-evaluation,qrm=9984,cqrm=0,eor=0,in=225280,out=112128;witness=ET,s=-,h=-,partial=-,quotient=-,src=canonical,dA=64,sec=L2]/T[method=ET,src=canonical,eor=0,input=112128,dA=64,sec=L2]	cutover=L2;L0[chunks=2@3,rel=quotient,qrm=0,cqrm=0,eor=0,in=4294967296,out=50991552;witness=PACK,s=64,h=8,partial=64,quotient=64,src=canonical,dA=512,sec=Linf]/L1[chunks=2@3,rel=quotient,qrm=0,cqrm=0,eor=0,in=50991552,out=6115648;witness=PACK,s=64,h=1,partial=64,quotient=64,src=canonical,dA=64,sec=Linf]/L2[chunks=2@3,rel=reduced-evaluation,qrm=24768,cqrm=4128,eor=0,in=6115648,out=2056192;witness=ET,s=-,h=-,partial=-,quotient=-,src=canonical,dA=64,sec=Linf]/L3[chunks=1@0,rel=reduced-evaluation,qrm=22016,cqrm=4128,eor=0,in=2056192,out=815104;witness=ET,s=-,h=-,partial=-,quotient=-,src=canonical,dA=64,sec=Linf]/L4[chunks=1@0,rel=reduced-evaluation,qrm=13312,cqrm=2496,eor=0,in=815104,out=285440;witness=ET,s=-,h=-,partial=-,quotient=-,src=canonical,dA=64,sec=Linf]/L5[chunks=1@0,rel=reduced-evaluation,qrm=11264,cqrm=0,eor=0,in=285440,out=128896;witness=ET,s=-,h=-,partial=-,quotient=-,src=canonical,dA=64,sec=L2]/L6[chunks=1@0,rel=reduced-evaluation,qrm=9856,cqrm=0,eor=0,in=128896,out=93696;witness=ET,s=-,h=-,partial=-,quotient=-,src=canonical,dA=64,sec=L2]/T[method=ET,src=canonical,eor=0,input=93696,dA=64,sec=L2]
fp128_onehot_multi_chunk_w4r2	changed	final=32:1;precommitted=	47272635f2438376271d1b13f43ae0fbb70effc54ee431f53fae213a90ff22bc	47272635f2438376271d1b13f43ae0fbb70effc54ee431f53fae213a90ff22bc	4194304	4194304	4194304	4194304	73235	84478	7	8	55904e7895b8ed2c46e176a430fc2090f6c2f781b3e413d6aded658cdf9f4d64	17479fa13ff07c5a3f57c948784974adadb2db6a3e173d9f7867e9b8e6ad1cc2	cutover=L2;L0[chunks=4@2,rel=quotient,qrm=0,cqrm=0,eor=0,in=4294967296,out=76675520;witness=PACK,s=64,h=8,partial=64,quotient=64,src=canonical,dA=512,sec=Linf]/L1[chunks=4@2,rel=quotient,qrm=0,cqrm=0,eor=0,in=76675520,out=10609728;witness=PACK,s=64,h=2,partial=64,quotient=64,src=canonical,dA=128,sec=Linf]/L2[chunks=1@0,rel=reduced-evaluation,qrm=16384,cqrm=1536,eor=0,in=10609728,out=1310720;witness=ET,s=-,h=-,partial=-,quotient=-,src=canonical,dA=64,sec=Linf]/L3[chunks=1@0,rel=reduced-evaluation,qrm=14336,cqrm=1536,eor=0,in=1310720,out=421888;witness=ET,s=-,h=-,partial=-,quotient=-,src=canonical,dA=64,sec=L2]/L4[chunks=1@0,rel=reduced-evaluation,qrm=12288,cqrm=1536,eor=0,in=421888,out=225280;witness=ET,s=-,h=-,partial=-,quotient=-,src=canonical,dA=64,sec=L2]/L5[chunks=1@0,rel=reduced-evaluation,qrm=9984,cqrm=0,eor=0,in=225280,out=112128;witness=ET,s=-,h=-,partial=-,quotient=-,src=canonical,dA=64,sec=L2]/T[method=ET,src=canonical,eor=0,input=112128,dA=64,sec=L2]	cutover=L2;L0[chunks=4@2,rel=quotient,qrm=0,cqrm=0,eor=0,in=4294967296,out=76681664;witness=PACK,s=64,h=8,partial=64,quotient=64,src=canonical,dA=512,sec=Linf]/L1[chunks=4@2,rel=quotient,qrm=0,cqrm=0,eor=0,in=76681664,out=11669952;witness=PACK,s=64,h=4,partial=64,quotient=64,src=canonical,dA=256,sec=Linf]/L2[chunks=1@0,rel=reduced-evaluation,qrm=24768,cqrm=4128,eor=0,in=11669952,out=1940032;witness=ET,s=-,h=-,partial=-,quotient=-,src=canonical,dA=64,sec=Linf]/L3[chunks=1@0,rel=reduced-evaluation,qrm=22016,cqrm=4128,eor=0,in=1940032,out=782080;witness=ET,s=-,h=-,partial=-,quotient=-,src=canonical,dA=64,sec=Linf]/L4[chunks=1@0,rel=reduced-evaluation,qrm=13312,cqrm=2496,eor=0,in=782080,out=275456;witness=ET,s=-,h=-,partial=-,quotient=-,src=canonical,dA=64,sec=Linf]/L5[chunks=1@0,rel=reduced-evaluation,qrm=11264,cqrm=0,eor=0,in=275456,out=128896;witness=ET,s=-,h=-,partial=-,quotient=-,src=canonical,dA=64,sec=L2]/L6[chunks=1@0,rel=reduced-evaluation,qrm=9856,cqrm=0,eor=0,in=128896,out=93696;witness=ET,s=-,h=-,partial=-,quotient=-,src=canonical,dA=64,sec=L2]/T[method=ET,src=canonical,eor=0,input=93696,dA=64,sec=L2]
fp128_onehot_multi_chunk_w4r3	changed	final=16:1;precommitted=	619d5acd56307a5aff5911635e36969a167028482b33cc55f9f90598a55554be	619d5acd56307a5aff5911635e36969a167028482b33cc55f9f90598a55554be	196608	524288	65536	65536	80451	88803	7	8	527f5e260e75e0022bcb6e39f87fe80d6a3f53b65ddc975e943a429456893fdd	faba36e00c657e7871266aa1b29ce1f4f9f4473dcb2e764538576fa294fe80ae	cutover=L2;L0[chunks=4@3,rel=quotient,qrm=0,cqrm=0,eor=0,in=65536,out=588224;witness=PACK,s=64,h=8,partial=64,quotient=64,src=canonical,dA=512,sec=Linf]/L1[chunks=4@3,rel=quotient,qrm=0,cqrm=0,eor=0,in=588224,out=521728;witness=PACK,s=64,h=1,partial=64,quotient=64,src=canonical,dA=64,sec=Linf]/L2[chunks=4@3,rel=reduced-evaluation,qrm=11264,cqrm=1056,eor=0,in=521728,out=446464;witness=ET,s=-,h=-,partial=-,quotient=-,src=canonical,dA=64,sec=Linf]/L3[chunks=1@0,rel=reduced-evaluation,qrm=12672,cqrm=1056,eor=0,in=446464,out=256768;witness=ET,s=-,h=-,partial=-,quotient=-,src=canonical,dA=64,sec=Linf]/L4[chunks=1@0,rel=reduced-evaluation,qrm=9856,cqrm=1056,eor=0,in=256768,out=142336;witness=ET,s=-,h=-,partial=-,quotient=-,src=canonical,dA=64,sec=Linf]/L5[chunks=1@0,rel=reduced-evaluation,qrm=9856,cqrm=0,eor=0,in=142336,out=96128;witness=ET,s=-,h=-,partial=-,quotient=-,src=canonical,dA=64,sec=Linf]/T[method=ET,src=canonical,eor=0,input=96128,dA=64,sec=L2]	cutover=L2;L0[chunks=4@3,rel=quotient,qrm=0,cqrm=0,eor=0,in=65536,out=659904;witness=PACK,s=64,h=8,partial=64,quotient=64,src=canonical,dA=512,sec=Linf]/L1[chunks=4@3,rel=quotient,qrm=0,cqrm=0,eor=0,in=659904,out=607296;witness=PACK,s=64,h=1,partial=64,quotient=64,src=canonical,dA=64,sec=Linf]/L2[chunks=4@3,rel=reduced-evaluation,qrm=14080,cqrm=2112,eor=0,in=607296,out=622592;witness=ET,s=-,h=-,partial=-,quotient=-,src=canonical,dA=64,sec=Linf]/L3[chunks=1@0,rel=reduced-evaluation,qrm=16896,cqrm=2112,eor=0,in=622592,out=356096;witness=ET,s=-,h=-,partial=-,quotient=-,src=canonical,dA=64,sec=Linf]/L4[chunks=1@0,rel=reduced-evaluation,qrm=12672,cqrm=2112,eor=0,in=356096,out=214528;witness=ET,s=-,h=-,partial=-,quotient=-,src=canonical,dA=64,sec=Linf]/L5[chunks=1@0,rel=reduced-evaluation,qrm=12672,cqrm=0,eor=0,in=214528,out=124672;witness=ET,s=-,h=-,partial=-,quotient=-,src=canonical,dA=64,sec=Linf]/L6[chunks=1@0,rel=reduced-evaluation,qrm=9856,cqrm=0,eor=0,in=124672,out=93696;witness=ET,s=-,h=-,partial=-,quotient=-,src=canonical,dA=64,sec=L2]/T[method=ET,src=canonical,eor=0,input=93696,dA=64,sec=L2]
fp128_onehot_multi_chunk_w4r3	changed	final=32:1;precommitted=	47272635f2438376271d1b13f43ae0fbb70effc54ee431f53fae213a90ff22bc	47272635f2438376271d1b13f43ae0fbb70effc54ee431f53fae213a90ff22bc	4194304	4194304	4194304	4194304	74883	85406	8	8	8d95438351ec4eb45a67305e455b23c6cd4e4ee2c9ecde35471026743efac72c	f44b147b2ffc1a803c997cd64302196abdbb4d8e3de54e1beb84a007ef22b9e6	cutover=L2;L0[chunks=4@3,rel=quotient,qrm=0,cqrm=0,eor=0,in=4294967296,out=76675520;witness=PACK,s=64,h=8,partial=64,quotient=64,src=canonical,dA=512,sec=Linf]/L1[chunks=4@3,rel=quotient,qrm=0,cqrm=0,eor=0,in=76675520,out=10085440;witness=PACK,s=64,h=2,partial=64,quotient=64,src=canonical,dA=128,sec=Linf]/L2[chunks=4@3,rel=reduced-evaluation,qrm=22016,cqrm=2064,eor=0,in=10085440,out=3690496;witness=ET,s=-,h=-,partial=-,quotient=-,src=canonical,dA=64,sec=Linf]/L3[chunks=1@0,rel=reduced-evaluation,qrm=22016,cqrm=2064,eor=0,in=3690496,out=1023616;witness=ET,s=-,h=-,partial=-,quotient=-,src=canonical,dA=64,sec=Linf]/L4[chunks=1@0,rel=reduced-evaluation,qrm=16384,cqrm=1536,eor=0,in=1023616,out=413696;witness=ET,s=-,h=-,partial=-,quotient=-,src=canonical,dA=64,sec=Linf]/L5[chunks=1@0,rel=reduced-evaluation,qrm=12288,cqrm=1536,eor=0,in=413696,out=225280;witness=ET,s=-,h=-,partial=-,quotient=-,src=canonical,dA=64,sec=L2]/L6[chunks=1@0,rel=reduced-evaluation,qrm=9984,cqrm=0,eor=0,in=225280,out=112128;witness=ET,s=-,h=-,partial=-,quotient=-,src=canonical,dA=64,sec=L2]/T[method=ET,src=canonical,eor=0,input=112128,dA=64,sec=L2]	cutover=L2;L0[chunks=4@3,rel=quotient,qrm=0,cqrm=0,eor=0,in=4294967296,out=76681664;witness=PACK,s=64,h=8,partial=64,quotient=64,src=canonical,dA=512,sec=Linf]/L1[chunks=4@3,rel=quotient,qrm=0,cqrm=0,eor=0,in=76681664,out=11669952;witness=PACK,s=64,h=4,partial=64,quotient=64,src=canonical,dA=256,sec=Linf]/L2[chunks=4@3,rel=reduced-evaluation,qrm=24768,cqrm=4128,eor=0,in=11669952,out=4218880;witness=ET,s=-,h=-,partial=-,quotient=-,src=canonical,dA=64,sec=Linf]/L3[chunks=1@0,rel=reduced-evaluation,qrm=19264,cqrm=4128,eor=0,in=4218880,out=1002944;witness=ET,s=-,h=-,partial=-,quotient=-,src=canonical,dA=64,sec=L2]/L4[chunks=1@0,rel=reduced-evaluation,qrm=11648,cqrm=2496,eor=0,in=1002944,out=288768;witness=ET,s=-,h=-,partial=-,quotient=-,src=canonical,dA=64,sec=L2]/L5[chunks=1@0,rel=reduced-evaluation,qrm=11264,cqrm=0,eor=0,in=288768,out=128896;witness=ET,s=-,h=-,partial=-,quotient=-,src=canonical,dA=64,sec=L2]/L6[chunks=1@0,rel=reduced-evaluation,qrm=9856,cqrm=0,eor=0,in=128896,out=93696;witness=ET,s=-,h=-,partial=-,quotient=-,src=canonical,dA=64,sec=L2]/T[method=ET,src=canonical,eor=0,input=93696,dA=64,sec=L2]
fp128_onehot_multi_chunk_w8r3	changed	final=16:1;precommitted=	619d5acd56307a5aff5911635e36969a167028482b33cc55f9f90598a55554be	619d5acd56307a5aff5911635e36969a167028482b33cc55f9f90598a55554be	858880	1464320	131072	262144	83318	88023	7	8	dab2b490c0f8e227c704e11f8d597505137fd21eb4b3a0bd626bb323ac98ac62	17f6b244f49c4096af383b4097abb9b613600512bb6cdcfc24db544b8d381fb9	cutover=L2;L0[chunks=8@3,rel=quotient,qrm=0,cqrm=0,eor=0,in=65536,out=1178048;witness=PACK,s=64,h=8,partial=64,quotient=64,src=canonical,dA=512,sec=Linf]/L1[chunks=8@3,rel=quotient,qrm=0,cqrm=0,eor=0,in=1178048,out=995200;witness=PACK,s=64,h=1,partial=64,quotient=64,src=canonical,dA=64,sec=Linf]/L2[chunks=8@3,rel=reduced-evaluation,qrm=12672,cqrm=1056,eor=0,in=995200,out=880640;witness=ET,s=-,h=-,partial=-,quotient=-,src=canonical,dA=64,sec=Linf]/L3[chunks=1@0,rel=reduced-evaluation,qrm=9856,cqrm=1056,eor=0,in=880640,out=308864;witness=ET,s=-,h=-,partial=-,quotient=-,src=canonical,dA=64,sec=L2]/L4[chunks=1@0,rel=reduced-evaluation,qrm=9856,cqrm=0,eor=0,in=308864,out=135936;witness=ET,s=-,h=-,partial=-,quotient=-,src=canonical,dA=64,sec=Linf]/L5[chunks=1@0,rel=reduced-evaluation,qrm=9856,cqrm=0,eor=0,in=135936,out=96128;witness=ET,s=-,h=-,partial=-,quotient=-,src=canonical,dA=64,sec=Linf]/T[method=ET,src=canonical,eor=0,input=96128,dA=64,sec=L2]	cutover=L2;L0[chunks=8@3,rel=quotient,qrm=0,cqrm=0,eor=0,in=65536,out=1839552;witness=PACK,s=64,h=8,partial=64,quotient=64,src=canonical,dA=512,sec=Linf]/L1[chunks=8@3,rel=quotient,qrm=0,cqrm=0,eor=0,in=1839552,out=1792064;witness=PACK,s=64,h=1,partial=64,quotient=64,src=canonical,dA=64,sec=Linf]/L2[chunks=8@3,rel=reduced-evaluation,qrm=19968,cqrm=2496,eor=0,in=1792064,out=1736704;witness=ET,s=-,h=-,partial=-,quotient=-,src=canonical,dA=64,sec=Linf]/L3[chunks=1@0,rel=reduced-evaluation,qrm=14976,cqrm=2496,eor=0,in=1736704,out=498944;witness=ET,s=-,h=-,partial=-,quotient=-,src=canonical,dA=64,sec=L2]/L4[chunks=1@0,rel=reduced-evaluation,qrm=11648,cqrm=2496,eor=0,in=498944,out=256000;witness=ET,s=-,h=-,partial=-,quotient=-,src=canonical,dA=64,sec=L2]/L5[chunks=1@0,rel=reduced-evaluation,qrm=11264,cqrm=0,eor=0,in=256000,out=121856;witness=ET,s=-,h=-,partial=-,quotient=-,src=canonical,dA=64,sec=L2]/L6[chunks=1@0,rel=reduced-evaluation,qrm=9856,cqrm=0,eor=0,in=121856,out=93696;witness=ET,s=-,h=-,partial=-,quotient=-,src=canonical,dA=64,sec=L2]/T[method=ET,src=canonical,eor=0,input=93696,dA=64,sec=L2]
fp128_onehot_multi_chunk_w8r3	changed	final=32:1;precommitted=	47272635f2438376271d1b13f43ae0fbb70effc54ee431f53fae213a90ff22bc	47272635f2438376271d1b13f43ae0fbb70effc54ee431f53fae213a90ff22bc	4194304	4194304	4194304	4194304	75571	87933	8	9	469082344153cb96228b037f0414726c08bedbadc708465002037289b22a6d1d	dfad648d8c27b8aaef9e7292a5e13e6ba9800ea0424f06470da16d3b0d2bcdf2	cutover=L2;L0[chunks=8@3,rel=quotient,qrm=0,cqrm=0,eor=0,in=4294967296,out=128055744;witness=PACK,s=64,h=8,partial=64,quotient=64,src=canonical,dA=512,sec=Linf]/L1[chunks=8@3,rel=quotient,qrm=0,cqrm=0,eor=0,in=128055744,out=18080832;witness=PACK,s=64,h=2,partial=64,quotient=64,src=canonical,dA=128,sec=Linf]/L2[chunks=8@3,rel=reduced-evaluation,qrm=24768,cqrm=2064,eor=0,in=18080832,out=7360512;witness=ET,s=-,h=-,partial=-,quotient=-,src=canonical,dA=64,sec=Linf]/L3[chunks=1@0,rel=reduced-evaluation,qrm=22016,cqrm=2064,eor=0,in=7360512,out=1485952;witness=ET,s=-,h=-,partial=-,quotient=-,src=canonical,dA=64,sec=Linf]/L4[chunks=1@0,rel=reduced-evaluation,qrm=12288,cqrm=1536,eor=0,in=1485952,out=405504;witness=ET,s=-,h=-,partial=-,quotient=-,src=canonical,dA=64,sec=L2]/L5[chunks=1@0,rel=reduced-evaluation,qrm=12288,cqrm=1536,eor=0,in=405504,out=225280;witness=ET,s=-,h=-,partial=-,quotient=-,src=canonical,dA=64,sec=L2]/L6[chunks=1@0,rel=reduced-evaluation,qrm=9984,cqrm=0,eor=0,in=225280,out=112128;witness=ET,s=-,h=-,partial=-,quotient=-,src=canonical,dA=64,sec=L2]/T[method=ET,src=canonical,eor=0,input=112128,dA=64,sec=L2]	cutover=L2;L0[chunks=8@3,rel=quotient,qrm=0,cqrm=0,eor=0,in=4294967296,out=128061888;witness=PACK,s=64,h=8,partial=64,quotient=64,src=canonical,dA=512,sec=Linf]/L1[chunks=8@3,rel=quotient,qrm=0,cqrm=0,eor=0,in=128061888,out=20055808;witness=PACK,s=64,h=1,partial=64,quotient=64,src=canonical,dA=64,sec=Linf]/L2[chunks=8@3,rel=reduced-evaluation,qrm=27520,cqrm=4128,eor=0,in=20055808,out=8413184;witness=ET,s=-,h=-,partial=-,quotient=-,src=canonical,dA=64,sec=Linf]/L3[chunks=1@0,rel=reduced-evaluation,qrm=24768,cqrm=4128,eor=0,in=8413184,out=1708864;witness=ET,s=-,h=-,partial=-,quotient=-,src=canonical,dA=64,sec=Linf]/L4[chunks=1@0,rel=reduced-evaluation,qrm=22016,cqrm=4128,eor=0,in=1708864,out=732544;witness=ET,s=-,h=-,partial=-,quotient=-,src=canonical,dA=64,sec=Linf]/L5[chunks=1@0,rel=reduced-evaluation,qrm=13312,cqrm=2496,eor=0,in=732544,out=275456;witness=ET,s=-,h=-,partial=-,quotient=-,src=canonical,dA=64,sec=Linf]/L6[chunks=1@0,rel=reduced-evaluation,qrm=11264,cqrm=0,eor=0,in=275456,out=128896;witness=ET,s=-,h=-,partial=-,quotient=-,src=canonical,dA=64,sec=L2]/L7[chunks=1@0,rel=reduced-evaluation,qrm=9856,cqrm=0,eor=0,in=128896,out=93696;witness=ET,s=-,h=-,partial=-,quotient=-,src=canonical,dA=64,sec=L2]/T[method=ET,src=canonical,eor=0,input=93696,dA=64,sec=L2]
fp128_onehot_multi_chunk_w8r3	changed	final=32:2;precommitted=16:1,16:1	b1af2baa3f1cd4c8a77d92f88734bab4403d9377dcccfa4f885822f132506dc6	bd4e6504bb728c0655ca08602eaf5e84fc53905087b94502ed97eb81938232e1	5812224	8388608	8388608	8388608	75688	88052	8	9	fa9039c4da7bd5a7d8889ac80654be1c46d320519678a0458e7e766499d0a4b0	817815cdf6168372fd24a840d3f301363aa2b82a962c3245c1fde70f4fa75619	cutover=L2;L0[chunks=8@3,rel=quotient,qrm=0,cqrm=0,eor=0,in=4294967296,out=153452544;witness=PACK,s=64,h=8,partial=64,quotient=64,src=canonical,dA=512,sec=Linf;pre0=PACK,s=64,h=8,partial=64,quotient=64,src=canonical,dA=512,sec=Linf;pre1=PACK,s=64,h=8,partial=64,quotient=64,src=canonical,dA=512,sec=Linf]/L1[chunks=8@3,rel=quotient,qrm=0,cqrm=0,eor=0,in=153452544,out=20177984;witness=PACK,s=64,h=1,partial=64,quotient=64,src=canonical,dA=64,sec=Linf]/L2[chunks=8@3,rel=reduced-evaluation,qrm=24768,cqrm=2064,eor=0,in=20177984,out=7491584;witness=ET,s=-,h=-,partial=-,quotient=-,src=canonical,dA=64,sec=Linf]/L3[chunks=1@0,rel=reduced-evaluation,qrm=22016,cqrm=2064,eor=0,in=7491584,out=1502464;witness=ET,s=-,h=-,partial=-,quotient=-,src=canonical,dA=64,sec=Linf]/L4[chunks=1@0,rel=reduced-evaluation,qrm=12288,cqrm=1536,eor=0,in=1502464,out=405504;witness=ET,s=-,h=-,partial=-,quotient=-,src=canonical,dA=64,sec=L2]/L5[chunks=1@0,rel=reduced-evaluation,qrm=12288,cqrm=1536,eor=0,in=405504,out=225280;witness=ET,s=-,h=-,partial=-,quotient=-,src=canonical,dA=64,sec=L2]/L6[chunks=1@0,rel=reduced-evaluation,qrm=9984,cqrm=0,eor=0,in=225280,out=112128;witness=ET,s=-,h=-,partial=-,quotient=-,src=canonical,dA=64,sec=L2]/T[method=ET,src=canonical,eor=0,input=112128,dA=64,sec=L2]	cutover=L2;L0[chunks=8@3,rel=quotient,qrm=0,cqrm=0,eor=0,in=4294967296,out=231059456;witness=PACK,s=64,h=8,partial=64,quotient=64,src=canonical,dA=512,sec=Linf;pre0=PACK,s=64,h=8,partial=64,quotient=64,src=canonical,dA=512,sec=Linf;pre1=PACK,s=64,h=8,partial=64,quotient=64,src=canonical,dA=512,sec=Linf]/L1[chunks=8@3,rel=quotient,qrm=0,cqrm=0,eor=0,in=231059456,out=28447168;witness=PACK,s=64,h=4,partial=64,quotient=64,src=canonical,dA=256,sec=Linf]/L2[chunks=8@3,rel=reduced-evaluation,qrm=27520,cqrm=4128,eor=0,in=28447168,out=10510336;witness=ET,s=-,h=-,partial=-,quotient=-,src=canonical,dA=64,sec=Linf]/L3[chunks=1@0,rel=reduced-evaluation,qrm=24768,cqrm=4128,eor=0,in=10510336,out=1862976;witness=ET,s=-,h=-,partial=-,quotient=-,src=canonical,dA=64,sec=Linf]/L4[chunks=1@0,rel=reduced-evaluation,qrm=22016,cqrm=4128,eor=0,in=1862976,out=765568;witness=ET,s=-,h=-,partial=-,quotient=-,src=canonical,dA=64,sec=Linf]/L5[chunks=1@0,rel=reduced-evaluation,qrm=13312,cqrm=2496,eor=0,in=765568,out=275456;witness=ET,s=-,h=-,partial=-,quotient=-,src=canonical,dA=64,sec=Linf]/L6[chunks=1@0,rel=reduced-evaluation,qrm=11264,cqrm=0,eor=0,in=275456,out=128896;witness=ET,s=-,h=-,partial=-,quotient=-,src=canonical,dA=64,sec=L2]/L7[chunks=1@0,rel=reduced-evaluation,qrm=9856,cqrm=0,eor=0,in=128896,out=93696;witness=ET,s=-,h=-,partial=-,quotient=-,src=canonical,dA=64,sec=L2]/T[method=ET,src=canonical,eor=0,input=93696,dA=64,sec=L2]
fp128_onehot_multi_chunk_w8r3	changed	final=34:2;precommitted=16:1,16:1	418bce9bd474b57ce061831417be3dd051d57be5e5b7d7bdc9cb550f40527ae6	bdc31eb5f14c0a36c8a4d61241e98b64736232ca8a0540f7514091c983c3ddae	16777216	16777216	16777216	16777216	75921	88283	8	9	8760aff1a0366deb69246212d521101cc04518fc381ceca0aa63408c7a7b7779	a768d01669ebb1e73aadd9ad2a5b048b26ccb929070028489aa0b3a52bd01281	cutover=L2;L0[chunks=8@3,rel=quotient,qrm=0,cqrm=0,eor=0,in=17179869184,out=306544640;witness=PACK,s=64,h=4,partial=64,quotient=64,src=canonical,dA=256,sec=Linf;pre0=PACK,s=64,h=8,partial=64,quotient=64,src=canonical,dA=512,sec=Linf;pre1=PACK,s=64,h=8,partial=64,quotient=64,src=canonical,dA=512,sec=Linf]/L1[chunks=8@3,rel=quotient,qrm=0,cqrm=0,eor=0,in=306544640,out=28435520;witness=PACK,s=64,h=2,partial=64,quotient=64,src=canonical,dA=128,sec=Linf]/L2[chunks=8@3,rel=reduced-evaluation,qrm=24768,cqrm=2064,eor=0,in=28435520,out=8671232;witness=ET,s=-,h=-,partial=-,quotient=-,src=canonical,dA=64,sec=Linf]/L3[chunks=1@0,rel=reduced-evaluation,qrm=22016,cqrm=2064,eor=0,in=8671232,out=1630464;witness=ET,s=-,h=-,partial=-,quotient=-,src=canonical,dA=64,sec=Linf]/L4[chunks=1@0,rel=reduced-evaluation,qrm=12288,cqrm=1536,eor=0,in=1630464,out=421888;witness=ET,s=-,h=-,partial=-,quotient=-,src=canonical,dA=64,sec=L2]/L5[chunks=1@0,rel=reduced-evaluation,qrm=12288,cqrm=1536,eor=0,in=421888,out=225280;witness=ET,s=-,h=-,partial=-,quotient=-,src=canonical,dA=64,sec=L2]/L6[chunks=1@0,rel=reduced-evaluation,qrm=9984,cqrm=0,eor=0,in=225280,out=112128;witness=ET,s=-,h=-,partial=-,quotient=-,src=canonical,dA=64,sec=L2]/T[method=ET,src=canonical,eor=0,input=112128,dA=64,sec=L2]	cutover=L2;L0[chunks=8@3,rel=quotient,qrm=0,cqrm=0,eor=0,in=17179869184,out=457562624;witness=PACK,s=64,h=8,partial=64,quotient=64,src=canonical,dA=512,sec=Linf;pre0=PACK,s=64,h=8,partial=64,quotient=64,src=canonical,dA=512,sec=Linf;pre1=PACK,s=64,h=8,partial=64,quotient=64,src=canonical,dA=512,sec=Linf]/L1[chunks=8@3,rel=quotient,qrm=0,cqrm=0,eor=0,in=457562624,out=36833024;witness=PACK,s=64,h=1,partial=64,quotient=64,src=canonical,dA=64,sec=Linf]/L2[chunks=8@3,rel=reduced-evaluation,qrm=30272,cqrm=4128,eor=0,in=36833024,out=10780672;witness=ET,s=-,h=-,partial=-,quotient=-,src=canonical,dA=64,sec=Linf]/L3[chunks=1@0,rel=reduced-evaluation,qrm=24768,cqrm=4128,eor=0,in=10780672,out=1882240;witness=ET,s=-,h=-,partial=-,quotient=-,src=canonical,dA=64,sec=Linf]/L4[chunks=1@0,rel=reduced-evaluation,qrm=22016,cqrm=4128,eor=0,in=1882240,out=765568;witness=ET,s=-,h=-,partial=-,quotient=-,src=canonical,dA=64,sec=Linf]/L5[chunks=1@0,rel=reduced-evaluation,qrm=13312,cqrm=2496,eor=0,in=765568,out=275456;witness=ET,s=-,h=-,partial=-,quotient=-,src=canonical,dA=64,sec=Linf]/L6[chunks=1@0,rel=reduced-evaluation,qrm=11264,cqrm=0,eor=0,in=275456,out=128896;witness=ET,s=-,h=-,partial=-,quotient=-,src=canonical,dA=64,sec=L2]/L7[chunks=1@0,rel=reduced-evaluation,qrm=9856,cqrm=0,eor=0,in=128896,out=93696;witness=ET,s=-,h=-,partial=-,quotient=-,src=canonical,dA=64,sec=L2]/T[method=ET,src=canonical,eor=0,input=93696,dA=64,sec=L2]
fp128_onehot_recursive	changed	final=32:2;precommitted=16:1,16:1	068b89a74af4c3257adddb7b144ac88d3a0d90546ef747237e12d867d6ec54e2	7af0b4d281bc91485cb708c45d09dbeff67604e5e932e20cdb84ee742250c355	8388608	8388608	2097152	2097152	74787	87042	7	8	0c71ce4dafc27687c55e0ac687a45df66707801b21cae04a3852db5923e16b0c	dbb63f6e7d69127b02a2a8378295728b1b207338411256f33766db0dfd48f21d	cutover=L2;L0[chunks=1@0,rel=quotient,qrm=0,cqrm=0,eor=0,in=4294967296,out=42487040;witness=PACK,s=128,h=2,partial=128,quotient=128,src=canonical,dA=256,sec=Linf;pre0=PACK,s=128,h=2,partial=128,quotient=128,src=canonical,dA=256,sec=Linf;pre1=PACK,s=128,h=2,partial=128,quotient=128,src=canonical,dA=256,sec=Linf]/L1[chunks=1@0,rel=quotient,qrm=0,cqrm=0,eor=0,in=42487040,out=9588992;witness=PACK,s=128,h=2,partial=128,quotient=128,src=canonical,dA=256,sec=Linf;prefix=PACK,s=128,h=2,partial=128,quotient=128,src=canonical,dA=256,sec=Linf]/L2[chunks=1@0,rel=reduced-evaluation,qrm=16384,cqrm=1536,eor=0,in=9588992,out=1261568;witness=ET,s=-,h=-,partial=-,quotient=-,src=canonical,dA=64,sec=Linf]/L3[chunks=1@0,rel=reduced-evaluation,qrm=14336,cqrm=1536,eor=0,in=1261568,out=421888;witness=ET,s=-,h=-,partial=-,quotient=-,src=canonical,dA=64,sec=L2]/L4[chunks=1@0,rel=reduced-evaluation,qrm=12288,cqrm=1536,eor=0,in=421888,out=225280;witness=ET,s=-,h=-,partial=-,quotient=-,src=canonical,dA=64,sec=L2]/L5[chunks=1@0,rel=reduced-evaluation,qrm=9984,cqrm=0,eor=0,in=225280,out=112128;witness=ET,s=-,h=-,partial=-,quotient=-,src=canonical,dA=64,sec=L2]/T[method=ET,src=canonical,eor=0,input=112128,dA=64,sec=L2]	cutover=L2;L0[chunks=1@0,rel=quotient,qrm=0,cqrm=0,eor=0,in=4294967296,out=53826560;witness=PACK,s=128,h=4,partial=128,quotient=128,src=canonical,dA=512,sec=Linf;pre0=PACK,s=128,h=2,partial=128,quotient=128,src=canonical,dA=256,sec=Linf;pre1=PACK,s=128,h=2,partial=128,quotient=128,src=canonical,dA=256,sec=Linf]/L1[chunks=1@0,rel=quotient,qrm=0,cqrm=0,eor=0,in=53826560,out=10617344;witness=PACK,s=128,h=2,partial=128,quotient=128,src=canonical,dA=256,sec=Linf;prefix=PACK,s=128,h=2,partial=128,quotient=128,src=canonical,dA=256,sec=Linf]/L2[chunks=1@0,rel=reduced-evaluation,qrm=18432,cqrm=3072,eor=0,in=10617344,out=1398784;witness=ET,s=-,h=-,partial=-,quotient=-,src=canonical,dA=64,sec=Linf]/L3[chunks=1@0,rel=reduced-evaluation,qrm=14336,cqrm=3072,eor=0,in=1398784,out=446464;witness=ET,s=-,h=-,partial=-,quotient=-,src=canonical,dA=64,sec=L2]/L4[chunks=1@0,rel=reduced-evaluation,qrm=16384,cqrm=3072,eor=0,in=446464,out=294912;witness=ET,s=-,h=-,partial=-,quotient=-,src=canonical,dA=64,sec=Linf]/L5[chunks=1@0,rel=reduced-evaluation,qrm=11264,cqrm=0,eor=0,in=294912,out=128896;witness=ET,s=-,h=-,partial=-,quotient=-,src=canonical,dA=64,sec=L2]/L6[chunks=1@0,rel=reduced-evaluation,qrm=9856,cqrm=0,eor=0,in=128896,out=93696;witness=ET,s=-,h=-,partial=-,quotient=-,src=canonical,dA=64,sec=L2]/T[method=ET,src=canonical,eor=0,input=93696,dA=64,sec=L2]
fp128_onehot_recursive	changed	final=34:2;precommitted=16:1,16:1	5b0ad828da4ebab84158ff1efcf46385e0b62c3d3fa44c7c52636164507d5753	30424e0ca54d42b83af9180851eb3c3bf76481bd1b3487fbbad1c7bcaaecb7c9	16777216	16777216	2097152	2097152	88933	92666	8	8	f4ee4e2e506f3978898e0cb3b71142fe8d05dfc01b216fabaa684a522610e4d9	211d74aba9771798845f3ec3a26dac217a038d625894e4839866de1eb3469a8a	cutover=L2;L0[chunks=1@0,rel=quotient,qrm=0,cqrm=0,eor=0,in=17179869184,out=107160576;witness=PACK,s=128,h=4,partial=128,quotient=128,src=canonical,dA=512,sec=Linf;pre0=PACK,s=128,h=2,partial=128,quotient=128,src=canonical,dA=256,sec=Linf;pre1=PACK,s=128,h=2,partial=128,quotient=128,src=canonical,dA=256,sec=Linf]/L1[chunks=1@0,rel=quotient,qrm=0,cqrm=0,eor=0,in=107160576,out=13471744;witness=PACK,s=512,h=1,partial=512,quotient=512,src=canonical,dA=512,sec=Linf;prefix=PACK,s=512,h=1,partial=512,quotient=512,src=canonical,dA=512,sec=Linf]/L2[chunks=1@0,rel=reduced-evaluation,qrm=15488,cqrm=1056,eor=0,in=13471744,out=1400832;witness=ET,s=-,h=-,partial=-,quotient=-,src=canonical,dA=64,sec=Linf]/L3[chunks=1@0,rel=reduced-evaluation,qrm=14080,cqrm=1056,eor=0,in=1400832,out=464896;witness=ET,s=-,h=-,partial=-,quotient=-,src=canonical,dA=64,sec=Linf]/L4[chunks=1@0,rel=reduced-evaluation,qrm=11264,cqrm=1056,eor=0,in=464896,out=219136;witness=ET,s=-,h=-,partial=-,quotient=-,src=canonical,dA=64,sec=Linf]/L5[chunks=1@0,rel=reduced-evaluation,qrm=9856,cqrm=1056,eor=0,in=219136,out=135296;witness=ET,s=-,h=-,partial=-,quotient=-,src=canonical,dA=64,sec=Linf]/L6[chunks=1@0,rel=reduced-evaluation,qrm=9856,cqrm=0,eor=0,in=135296,out=96128;witness=ET,s=-,h=-,partial=-,quotient=-,src=canonical,dA=64,sec=Linf]/T[method=ET,src=canonical,eor=0,input=96128,dA=64,sec=L2]	cutover=L2;L0[chunks=1@0,rel=quotient,qrm=0,cqrm=0,eor=0,in=17179869184,out=107172864;witness=PACK,s=128,h=4,partial=128,quotient=128,src=canonical,dA=512,sec=Linf;pre0=PACK,s=128,h=2,partial=128,quotient=128,src=canonical,dA=256,sec=Linf;pre1=PACK,s=128,h=2,partial=128,quotient=128,src=canonical,dA=256,sec=Linf]/L1[chunks=1@0,rel=quotient,qrm=0,cqrm=0,eor=0,in=107172864,out=13479424;witness=PACK,s=512,h=1,partial=512,quotient=512,src=canonical,dA=512,sec=Linf;prefix=PACK,s=512,h=1,partial=512,quotient=512,src=canonical,dA=512,sec=Linf]/L2[chunks=1@0,rel=reduced-evaluation,qrm=18304,cqrm=2112,eor=0,in=13479424,out=1486336;witness=ET,s=-,h=-,partial=-,quotient=-,src=canonical,dA=64,sec=Linf]/L3[chunks=1@0,rel=reduced-evaluation,qrm=14080,cqrm=2112,eor=0,in=1486336,out=431872;witness=ET,s=-,h=-,partial=-,quotient=-,src=canonical,dA=64,sec=L2]/L4[chunks=1@0,rel=reduced-evaluation,qrm=12672,cqrm=2112,eor=0,in=431872,out=222976;witness=ET,s=-,h=-,partial=-,quotient=-,src=canonical,dA=64,sec=Linf]/L5[chunks=1@0,rel=reduced-evaluation,qrm=12672,cqrm=0,eor=0,in=222976,out=124672;witness=ET,s=-,h=-,partial=-,quotient=-,src=canonical,dA=64,sec=Linf]/L6[chunks=1@0,rel=reduced-evaluation,qrm=9856,cqrm=0,eor=0,in=124672,out=93696;witness=ET,s=-,h=-,partial=-,quotient=-,src=canonical,dA=64,sec=L2]/T[method=ET,src=canonical,eor=0,input=93696,dA=64,sec=L2]
fp128_onehot_recursive	changed	final=36:1;precommitted=	b9f19e5b22668a057b75ac8efda23eb70064baa0dde95e015463454c195a7713	b9f19e5b22668a057b75ac8efda23eb70064baa0dde95e015463454c195a7713	16777216	33554432	4194304	4194304	75965	87758	8	8	1c7d21bba89b037f1348e69afcd911c319b8f8b4a805c28a1c544b9ecd7dfce6	19537a2409c59ebe0c48604c50d5881291461db80806263f3ed58e2f10793cb5	cutover=L2;L0[chunks=1@0,rel=quotient,qrm=0,cqrm=0,eor=0,in=68719476736,out=168688064;witness=PACK,s=64,h=8,partial=64,quotient=64,src=canonical,dA=512,sec=Linf]/L1[chunks=1@0,rel=quotient,qrm=0,cqrm=0,eor=0,in=168688064,out=33524224;witness=PACK,s=512,h=1,partial=512,quotient=512,src=canonical,dA=512,sec=Linf;prefix=PACK,s=512,h=1,partial=512,quotient=512,src=canonical,dA=512,sec=Linf]/L2[chunks=1@0,rel=reduced-evaluation,qrm=22016,cqrm=2064,eor=0,in=33524224,out=3174400;witness=ET,s=-,h=-,partial=-,quotient=-,src=canonical,dA=64,sec=Linf]/L3[chunks=1@0,rel=reduced-evaluation,qrm=22016,cqrm=2064,eor=0,in=3174400,out=957568;witness=ET,s=-,h=-,partial=-,quotient=-,src=canonical,dA=64,sec=Linf]/L4[chunks=1@0,rel=reduced-evaluation,qrm=16384,cqrm=1536,eor=0,in=957568,out=401408;witness=ET,s=-,h=-,partial=-,quotient=-,src=canonical,dA=64,sec=Linf]/L5[chunks=1@0,rel=reduced-evaluation,qrm=12288,cqrm=1536,eor=0,in=401408,out=225280;witness=ET,s=-,h=-,partial=-,quotient=-,src=canonical,dA=64,sec=L2]/L6[chunks=1@0,rel=reduced-evaluation,qrm=9984,cqrm=0,eor=0,in=225280,out=112128;witness=ET,s=-,h=-,partial=-,quotient=-,src=canonical,dA=64,sec=L2]/T[method=ET,src=canonical,eor=0,input=112128,dA=64,sec=L2]	cutover=L2;L0[chunks=1@0,rel=quotient,qrm=0,cqrm=0,eor=0,in=68719476736,out=157129792;witness=PACK,s=128,h=4,partial=128,quotient=128,src=canonical,dA=512,sec=Linf]/L1[chunks=1@0,rel=quotient,qrm=0,cqrm=0,eor=0,in=157129792,out=20695552;witness=PACK,s=64,h=8,partial=64,quotient=64,src=canonical,dA=512,sec=Linf;prefix=PACK,s=64,h=8,partial=64,quotient=64,src=canonical,dA=512,sec=Linf]/L2[chunks=1@0,rel=reduced-evaluation,qrm=20480,cqrm=3072,eor=0,in=20695552,out=1951744;witness=ET,s=-,h=-,partial=-,quotient=-,src=canonical,dA=64,sec=Linf]/L3[chunks=1@0,rel=reduced-evaluation,qrm=16384,cqrm=3072,eor=0,in=1951744,out=589824;witness=ET,s=-,h=-,partial=-,quotient=-,src=canonical,dA=64,sec=Linf]/L4[chunks=1@0,rel=reduced-evaluation,qrm=13312,cqrm=2496,eor=0,in=589824,out=245504;witness=ET,s=-,h=-,partial=-,quotient=-,src=canonical,dA=64,sec=Linf]/L5[chunks=1@0,rel=reduced-evaluation,qrm=11264,cqrm=0,eor=0,in=245504,out=121856;witness=ET,s=-,h=-,partial=-,quotient=-,src=canonical,dA=64,sec=L2]/L6[chunks=1@0,rel=reduced-evaluation,qrm=9856,cqrm=0,eor=0,in=121856,out=93696;witness=ET,s=-,h=-,partial=-,quotient=-,src=canonical,dA=64,sec=L2]/T[method=ET,src=canonical,eor=0,input=93696,dA=64,sec=L2]
fp128_onehot_recursive_multi_chunk_w2r3	changed	final=32:2;precommitted=16:1,16:1	9882cc59cdc8601cd325c44ad84abf3269e30cc6ce2a63acddbae029c50cae8b	45cc29a518e485dc1b28fab1eca8d47fee289270e11105b470445e044d6acc28	8388608	8388608	2097152	2097152	78197	90662	8	8	2ba5ef616e04cab411648e05b9a2442d781a02b82a3333bed6605f44effc6b2c	73bed4808f6ddd2bb933329a8e3f3c4fd5bc6a2a1e791d442128959be9ddd3c1	cutover=L2;L0[chunks=2@3,rel=quotient,qrm=0,cqrm=0,eor=0,in=4294967296,out=77889536;witness=PACK,s=64,h=8,partial=64,quotient=64,src=canonical,dA=512,sec=Linf;pre0=PACK,s=64,h=4,partial=64,quotient=64,src=canonical,dA=256,sec=Linf;pre1=PACK,s=64,h=4,partial=64,quotient=64,src=canonical,dA=256,sec=Linf]/L1[chunks=2@3,rel=quotient,qrm=0,cqrm=0,eor=0,in=77889536,out=18176256;witness=PACK,s=256,h=1,partial=256,quotient=256,src=canonical,dA=256,sec=Linf;prefix=PACK,s=256,h=1,partial=256,quotient=256,src=canonical,dA=256,sec=Linf]/L2[chunks=2@3,rel=reduced-evaluation,qrm=16384,cqrm=1536,eor=0,in=18176256,out=2641920;witness=ET,s=-,h=-,partial=-,quotient=-,src=canonical,dA=64,sec=Linf]/L3[chunks=1@0,rel=reduced-evaluation,qrm=16384,cqrm=1536,eor=0,in=2641920,out=671744;witness=ET,s=-,h=-,partial=-,quotient=-,src=canonical,dA=64,sec=Linf]/L4[chunks=1@0,rel=reduced-evaluation,qrm=14336,cqrm=1536,eor=0,in=671744,out=333824;witness=ET,s=-,h=-,partial=-,quotient=-,src=canonical,dA=64,sec=Linf]/L5[chunks=1@0,rel=reduced-evaluation,qrm=12288,cqrm=1536,eor=0,in=333824,out=208896;witness=ET,s=-,h=-,partial=-,quotient=-,src=canonical,dA=64,sec=L2]/L6[chunks=1@0,rel=reduced-evaluation,qrm=9984,cqrm=0,eor=0,in=208896,out=112128;witness=ET,s=-,h=-,partial=-,quotient=-,src=canonical,dA=64,sec=L2]/T[method=ET,src=canonical,eor=0,input=112128,dA=64,sec=L2]	cutover=L2;L0[chunks=2@3,rel=quotient,qrm=0,cqrm=0,eor=0,in=4294967296,out=79996416;witness=PACK,s=128,h=4,partial=128,quotient=128,src=canonical,dA=512,sec=Linf;pre0=PACK,s=128,h=4,partial=128,quotient=128,src=canonical,dA=512,sec=Linf;pre1=PACK,s=128,h=4,partial=128,quotient=128,src=canonical,dA=512,sec=Linf]/L1[chunks=2@3,rel=quotient,qrm=0,cqrm=0,eor=0,in=79996416,out=14290944;witness=PACK,s=256,h=2,partial=256,quotient=256,src=canonical,dA=512,sec=Linf;prefix=PACK,s=256,h=2,partial=256,quotient=256,src=canonical,dA=512,sec=Linf]/L2[chunks=2@3,rel=reduced-evaluation,qrm=19968,cqrm=2496,eor=0,in=14290944,out=2400256;witness=ET,s=-,h=-,partial=-,quotient=-,src=canonical,dA=64,sec=Linf]/L3[chunks=1@0,rel=reduced-evaluation,qrm=13312,cqrm=2496,eor=0,in=2400256,out=607488;witness=ET,s=-,h=-,partial=-,quotient=-,src=canonical,dA=64,sec=L2]/L4[chunks=1@0,rel=reduced-evaluation,qrm=11648,cqrm=2496,eor=0,in=607488,out=280960;witness=ET,s=-,h=-,partial=-,quotient=-,src=canonical,dA=64,sec=L2]/L5[chunks=1@0,rel=reduced-evaluation,qrm=11264,cqrm=0,eor=0,in=280960,out=128896;witness=ET,s=-,h=-,partial=-,quotient=-,src=canonical,dA=64,sec=L2]/L6[chunks=1@0,rel=reduced-evaluation,qrm=9856,cqrm=0,eor=0,in=128896,out=93696;witness=ET,s=-,h=-,partial=-,quotient=-,src=canonical,dA=64,sec=L2]/T[method=ET,src=canonical,eor=0,input=93696,dA=64,sec=L2]
fp128_onehot_recursive_multi_chunk_w2r3	changed	final=34:2;precommitted=16:1,16:1	6698f2a827993ffd739decd889939bbcf32edac9755cba9f9567e65755c400f6	1c1d062fd6a93a41e831d69516fe67af3289b831e223e6f038991c140fea2a7c	16777216	16777216	4194304	4194304	78347	90818	8	9	7c3665503c45007e60cddb50df8cf434a52be882cc0cf341fa26188d90441ed6	eb3e61b5b0ad5a9fcad55f3b6c698421f27041c99f93958cac9b3325ee8da51a	cutover=L2;L0[chunks=2@3,rel=quotient,qrm=0,cqrm=0,eor=0,in=17179869184,out=157644288;witness=PACK,s=128,h=4,partial=128,quotient=128,src=canonical,dA=512,sec=Linf;pre0=PACK,s=128,h=2,partial=128,quotient=128,src=canonical,dA=256,sec=Linf;pre1=PACK,s=128,h=2,partial=128,quotient=128,src=canonical,dA=256,sec=Linf]/L1[chunks=2@3,rel=quotient,qrm=0,cqrm=0,eor=0,in=157644288,out=21078272;witness=PACK,s=128,h=1,partial=128,quotient=128,src=canonical,dA=128,sec=Linf;prefix=PACK,s=128,h=1,partial=128,quotient=128,src=canonical,dA=128,sec=Linf]/L2[chunks=2@3,rel=reduced-evaluation,qrm=16384,cqrm=1536,eor=0,in=21078272,out=2641920;witness=ET,s=-,h=-,partial=-,quotient=-,src=canonical,dA=64,sec=Linf]/L3[chunks=1@0,rel=reduced-evaluation,qrm=16384,cqrm=1536,eor=0,in=2641920,out=671744;witness=ET,s=-,h=-,partial=-,quotient=-,src=canonical,dA=64,sec=Linf]/L4[chunks=1@0,rel=reduced-evaluation,qrm=14336,cqrm=1536,eor=0,in=671744,out=333824;witness=ET,s=-,h=-,partial=-,quotient=-,src=canonical,dA=64,sec=Linf]/L5[chunks=1@0,rel=reduced-evaluation,qrm=12288,cqrm=1536,eor=0,in=333824,out=208896;witness=ET,s=-,h=-,partial=-,quotient=-,src=canonical,dA=64,sec=L2]/L6[chunks=1@0,rel=reduced-evaluation,qrm=9984,cqrm=0,eor=0,in=208896,out=112128;witness=ET,s=-,h=-,partial=-,quotient=-,src=canonical,dA=64,sec=L2]/T[method=ET,src=canonical,eor=0,input=112128,dA=64,sec=L2]	cutover=L2;L0[chunks=2@3,rel=quotient,qrm=0,cqrm=0,eor=0,in=17179869184,out=158639616;witness=PACK,s=128,h=4,partial=128,quotient=128,src=canonical,dA=512,sec=Linf;pre0=PACK,s=128,h=4,partial=128,quotient=128,src=canonical,dA=512,sec=Linf;pre1=PACK,s=128,h=4,partial=128,quotient=128,src=canonical,dA=512,sec=Linf]/L1[chunks=2@3,rel=quotient,qrm=0,cqrm=0,eor=0,in=158639616,out=23208448;witness=PACK,s=128,h=2,partial=128,quotient=128,src=canonical,dA=256,sec=Linf;prefix=PACK,s=128,h=2,partial=128,quotient=128,src=canonical,dA=256,sec=Linf]/L2[chunks=2@3,rel=reduced-evaluation,qrm=20480,cqrm=3072,eor=0,in=23208448,out=2916352;witness=ET,s=-,h=-,partial=-,quotient=-,src=canonical,dA=64,sec=Linf]/L3[chunks=1@0,rel=reduced-evaluation,qrm=18432,cqrm=3072,eor=0,in=2916352,out=747520;witness=ET,s=-,h=-,partial=-,quotient=-,src=canonical,dA=64,sec=Linf]/L4[chunks=1@0,rel=reduced-evaluation,qrm=16384,cqrm=3072,eor=0,in=747520,out=368640;witness=ET,s=-,h=-,partial=-,quotient=-,src=canonical,dA=64,sec=Linf]/L5[chunks=1@0,rel=reduced-evaluation,qrm=14336,cqrm=0,eor=0,in=368640,out=221184;witness=ET,s=-,h=-,partial=-,quotient=-,src=canonical,dA=64,sec=L2]/L6[chunks=1@0,rel=reduced-evaluation,qrm=11648,cqrm=0,eor=0,in=221184,out=123776;witness=ET,s=-,h=-,partial=-,quotient=-,src=canonical,dA=64,sec=L2]/L7[chunks=1@0,rel=reduced-evaluation,qrm=9856,cqrm=0,eor=0,in=123776,out=93696;witness=ET,s=-,h=-,partial=-,quotient=-,src=canonical,dA=64,sec=L2]/T[method=ET,src=canonical,eor=0,input=93696,dA=64,sec=L2]
fp128_onehot_recursive_multi_chunk_w4r3	changed	final=32:2;precommitted=16:1,16:1	fe21144693fdbfb015404fae5a795e085547442e838d7b35a3c4e6f363b256bf	7bacfcee37e74c80f7b1c900e1efd2da313d46aac18501aa058dc854f71c8cbf	8388608	8388608	4194304	4194304	78196	88636	8	9	28ba1cea47d1ed8b84cdfb647e58355acf5d2ead7af5e1cced7fabb1d3328bda	58667c774a35ac856c56a6ae15c1f9dd43f3dd17ed900e64fd898ce4e435e84f	cutover=L4;L0[chunks=4@3,rel=quotient,qrm=0,cqrm=0,eor=0,in=4294967296,out=103120896;witness=PACK,s=64,h=4,partial=64,quotient=64,src=canonical,dA=256,sec=Linf;pre0=PACK,s=64,h=8,partial=64,quotient=64,src=canonical,dA=512,sec=Linf;pre1=PACK,s=64,h=8,partial=64,quotient=64,src=canonical,dA=512,sec=Linf]/L1[chunks=4@3,rel=quotient,qrm=0,cqrm=0,eor=0,in=103120896,out=21049600;witness=PACK,s=64,h=1,partial=64,quotient=64,src=canonical,dA=64,sec=Linf;prefix=PACK,s=64,h=1,partial=64,quotient=64,src=canonical,dA=64,sec=Linf]/L2[chunks=4@3,rel=quotient,qrm=0,cqrm=0,eor=0,in=21049600,out=3708416;witness=ET,s=-,h=-,partial=-,quotient=-,src=canonical,dA=64,sec=Linf]/L3[chunks=1@0,rel=quotient,qrm=0,cqrm=0,eor=0,in=3708416,out=787968;witness=ET,s=-,h=-,partial=-,quotient=-,src=canonical,dA=64,sec=Linf]/L4[chunks=1@0,rel=reduced-evaluation,qrm=14336,cqrm=1536,eor=0,in=787968,out=374784;witness=ET,s=-,h=-,partial=-,quotient=-,src=canonical,dA=64,sec=Linf]/L5[chunks=1@0,rel=reduced-evaluation,qrm=12288,cqrm=1536,eor=0,in=374784,out=217088;witness=ET,s=-,h=-,partial=-,quotient=-,src=canonical,dA=64,sec=L2]/L6[chunks=1@0,rel=reduced-evaluation,qrm=9984,cqrm=0,eor=0,in=217088,out=112128;witness=ET,s=-,h=-,partial=-,quotient=-,src=canonical,dA=64,sec=L2]/T[method=ET,src=canonical,eor=0,input=112128,dA=64,sec=L2]	cutover=L2;L0[chunks=4@3,rel=quotient,qrm=0,cqrm=0,eor=0,in=4294967296,out=128299008;witness=PACK,s=64,h=8,partial=64,quotient=64,src=canonical,dA=512,sec=Linf;pre0=PACK,s=64,h=8,partial=64,quotient=64,src=canonical,dA=512,sec=Linf;pre1=PACK,s=64,h=8,partial=64,quotient=64,src=canonical,dA=512,sec=Linf]/L1[chunks=4@3,rel=quotient,qrm=0,cqrm=0,eor=0,in=128299008,out=32634112;witness=PACK,s=64,h=2,partial=64,quotient=64,src=canonical,dA=128,sec=Linf;prefix=PACK,s=64,h=2,partial=64,quotient=64,src=canonical,dA=128,sec=Linf]/L2[chunks=4@3,rel=reduced-evaluation,qrm=24768,cqrm=4128,eor=0,in=32634112,out=7364608;witness=ET,s=-,h=-,partial=-,quotient=-,src=canonical,dA=64,sec=Linf]/L3[chunks=1@0,rel=reduced-evaluation,qrm=24768,cqrm=4128,eor=0,in=7364608,out=1631808;witness=ET,s=-,h=-,partial=-,quotient=-,src=canonical,dA=64,sec=Linf]/L4[chunks=1@0,rel=reduced-evaluation,qrm=22016,cqrm=4128,eor=0,in=1631808,out=699520;witness=ET,s=-,h=-,partial=-,quotient=-,src=canonical,dA=64,sec=Linf]/L5[chunks=1@0,rel=reduced-evaluation,qrm=13312,cqrm=2496,eor=0,in=699520,out=265472;witness=ET,s=-,h=-,partial=-,quotient=-,src=canonical,dA=64,sec=Linf]/L6[chunks=1@0,rel=reduced-evaluation,qrm=11264,cqrm=0,eor=0,in=265472,out=128896;witness=ET,s=-,h=-,partial=-,quotient=-,src=canonical,dA=64,sec=L2]/L7[chunks=1@0,rel=reduced-evaluation,qrm=9856,cqrm=0,eor=0,in=128896,out=93696;witness=ET,s=-,h=-,partial=-,quotient=-,src=canonical,dA=64,sec=L2]/T[method=ET,src=canonical,eor=0,input=93696,dA=64,sec=L2]
fp128_onehot_recursive_multi_chunk_w4r3	changed	final=34:2;precommitted=16:1,16:1	3874f62ca62a31b611d4aa0e415d65fc88ab06666d9e18b2b0ca69d3be7eae6f	a566276dafd88ca52207ba1f4784f4d83086d9fad91b86e4018094ba450ead4c	16777216	16777216	4194304	4194304	78647	94560	8	9	299936e0b55595757c16e9bc6ac1719269b01c92af345fbcdda61fe9e38a368b	bf5af77ea2438cf5fb018c8b3ab16e0f1d2fd3b4b0c85ecca30008619bdd6490	cutover=L2;L0[chunks=4@3,rel=quotient,qrm=0,cqrm=0,eor=0,in=17179869184,out=205881344;witness=PACK,s=64,h=4,partial=64,quotient=64,src=canonical,dA=256,sec=Linf;pre0=PACK,s=64,h=8,partial=64,quotient=64,src=canonical,dA=512,sec=Linf;pre1=PACK,s=64,h=8,partial=64,quotient=64,src=canonical,dA=512,sec=Linf]/L1[chunks=4@3,rel=quotient,qrm=0,cqrm=0,eor=0,in=205881344,out=37837056;witness=PACK,s=256,h=1,partial=256,quotient=256,src=canonical,dA=256,sec=Linf;prefix=PACK,s=256,h=1,partial=256,quotient=256,src=canonical,dA=256,sec=Linf]/L2[chunks=4@3,rel=reduced-evaluation,qrm=16384,cqrm=1536,eor=0,in=37837056,out=5263360;witness=ET,s=-,h=-,partial=-,quotient=-,src=canonical,dA=64,sec=Linf]/L3[chunks=1@0,rel=reduced-evaluation,qrm=16384,cqrm=1536,eor=0,in=5263360,out=917504;witness=ET,s=-,h=-,partial=-,quotient=-,src=canonical,dA=64,sec=Linf]/L4[chunks=1@0,rel=reduced-evaluation,qrm=16384,cqrm=1536,eor=0,in=917504,out=389120;witness=ET,s=-,h=-,partial=-,quotient=-,src=canonical,dA=64,sec=Linf]/L5[chunks=1@0,rel=reduced-evaluation,qrm=12288,cqrm=1536,eor=0,in=389120,out=217088;witness=ET,s=-,h=-,partial=-,quotient=-,src=canonical,dA=64,sec=L2]/L6[chunks=1@0,rel=reduced-evaluation,qrm=9984,cqrm=0,eor=0,in=217088,out=112128;witness=ET,s=-,h=-,partial=-,quotient=-,src=canonical,dA=64,sec=L2]/T[method=ET,src=canonical,eor=0,input=112128,dA=64,sec=L2]	cutover=L2;L0[chunks=4@3,rel=quotient,qrm=0,cqrm=0,eor=0,in=17179869184,out=260439040;witness=PACK,s=128,h=4,partial=128,quotient=128,src=canonical,dA=512,sec=Linf;pre0=PACK,s=128,h=4,partial=128,quotient=128,src=canonical,dA=512,sec=Linf;pre1=PACK,s=128,h=4,partial=128,quotient=128,src=canonical,dA=512,sec=Linf]/L1[chunks=4@3,rel=quotient,qrm=0,cqrm=0,eor=0,in=260439040,out=31572480;witness=PACK,s=256,h=2,partial=256,quotient=256,src=canonical,dA=512,sec=Linf;prefix=PACK,s=256,h=2,partial=256,quotient=256,src=canonical,dA=512,sec=Linf]/L2[chunks=4@3,rel=reduced-evaluation,qrm=21632,cqrm=2496,eor=0,in=31572480,out=5283840;witness=ET,s=-,h=-,partial=-,quotient=-,src=canonical,dA=64,sec=Linf]/L3[chunks=1@0,rel=reduced-evaluation,qrm=18304,cqrm=2496,eor=0,in=5283840,out=971776;witness=ET,s=-,h=-,partial=-,quotient=-,src=canonical,dA=64,sec=Linf]/L4[chunks=1@0,rel=reduced-evaluation,qrm=18304,cqrm=2496,eor=0,in=971776,out=429056;witness=ET,s=-,h=-,partial=-,quotient=-,src=canonical,dA=64,sec=Linf]/L5[chunks=1@0,rel=reduced-evaluation,qrm=14976,cqrm=2496,eor=0,in=429056,out=285952;witness=ET,s=-,h=-,partial=-,quotient=-,src=canonical,dA=64,sec=Linf]/L6[chunks=1@0,rel=reduced-evaluation,qrm=11264,cqrm=0,eor=0,in=285952,out=128896;witness=ET,s=-,h=-,partial=-,quotient=-,src=canonical,dA=64,sec=L2]/L7[chunks=1@0,rel=reduced-evaluation,qrm=9856,cqrm=0,eor=0,in=128896,out=93696;witness=ET,s=-,h=-,partial=-,quotient=-,src=canonical,dA=64,sec=L2]/T[method=ET,src=canonical,eor=0,input=93696,dA=64,sec=L2]
fp128_onehot_recursive_multi_chunk_w8r2	changed	final=32:2;precommitted=16:1,16:1	b1af2baa3f1cd4c8a77d92f88734bab4403d9377dcccfa4f885822f132506dc6	a75d52be250d13edee83fc5777a93c31e103d0ac4dd63113d61c436c84207302	8388608	8388608	4194304	4194304	78139	86456	8	8	9234f05f6da13d2c97c17bd0fc774aff09733c51d0043c58790132cfeb244bea	cd636206dce5923cca4bcb24d88d3cfd9f924f5f3680c7b0f82b6f5f90075964	cutover=L2;L0[chunks=8@2,rel=quotient,qrm=0,cqrm=0,eor=0,in=4294967296,out=153452544;witness=PACK,s=64,h=4,partial=64,quotient=64,src=canonical,dA=256,sec=Linf;pre0=PACK,s=64,h=8,partial=64,quotient=64,src=canonical,dA=512,sec=Linf;pre1=PACK,s=64,h=8,partial=64,quotient=64,src=canonical,dA=512,sec=Linf]/L1[chunks=8@2,rel=quotient,qrm=0,cqrm=0,eor=0,in=153452544,out=33646848;witness=PACK,s=64,h=2,partial=64,quotient=64,src=canonical,dA=128,sec=Linf;prefix=PACK,s=64,h=2,partial=64,quotient=64,src=canonical,dA=128,sec=Linf]/L2[chunks=1@0,rel=reduced-evaluation,qrm=16384,cqrm=1536,eor=0,in=33646848,out=2392064;witness=ET,s=-,h=-,partial=-,quotient=-,src=canonical,dA=64,sec=Linf]/L3[chunks=1@0,rel=reduced-evaluation,qrm=16384,cqrm=1536,eor=0,in=2392064,out=647168;witness=ET,s=-,h=-,partial=-,quotient=-,src=canonical,dA=64,sec=Linf]/L4[chunks=1@0,rel=reduced-evaluation,qrm=14336,cqrm=1536,eor=0,in=647168,out=323584;witness=ET,s=-,h=-,partial=-,quotient=-,src=canonical,dA=64,sec=Linf]/L5[chunks=1@0,rel=reduced-evaluation,qrm=14336,cqrm=1536,eor=0,in=323584,out=221184;witness=ET,s=-,h=-,partial=-,quotient=-,src=canonical,dA=64,sec=Linf]/L6[chunks=1@0,rel=reduced-evaluation,qrm=9984,cqrm=0,eor=0,in=221184,out=112128;witness=ET,s=-,h=-,partial=-,quotient=-,src=canonical,dA=64,sec=L2]/T[method=ET,src=canonical,eor=0,input=112128,dA=64,sec=L2]	cutover=L2;L0[chunks=8@2,rel=quotient,qrm=0,cqrm=0,eor=0,in=4294967296,out=231065088;witness=PACK,s=64,h=8,partial=64,quotient=64,src=canonical,dA=512,sec=Linf;pre0=PACK,s=128,h=4,partial=128,quotient=128,src=canonical,dA=512,sec=Linf;pre1=PACK,s=128,h=4,partial=128,quotient=128,src=canonical,dA=512,sec=Linf]/L1[chunks=8@2,rel=quotient,qrm=0,cqrm=0,eor=0,in=231065088,out=54692480;witness=PACK,s=64,h=2,partial=64,quotient=64,src=canonical,dA=128,sec=Linf;prefix=PACK,s=64,h=2,partial=64,quotient=64,src=canonical,dA=128,sec=Linf]/L2[chunks=1@0,rel=reduced-evaluation,qrm=24768,cqrm=4128,eor=0,in=54692480,out=4144448;witness=ET,s=-,h=-,partial=-,quotient=-,src=canonical,dA=64,sec=Linf]/L3[chunks=1@0,rel=reduced-evaluation,qrm=19264,cqrm=4128,eor=0,in=4144448,out=989184;witness=ET,s=-,h=-,partial=-,quotient=-,src=canonical,dA=64,sec=L2]/L4[chunks=1@0,rel=reduced-evaluation,qrm=11648,cqrm=2496,eor=0,in=989184,out=288768;witness=ET,s=-,h=-,partial=-,quotient=-,src=canonical,dA=64,sec=L2]/L5[chunks=1@0,rel=reduced-evaluation,qrm=11264,cqrm=0,eor=0,in=288768,out=128896;witness=ET,s=-,h=-,partial=-,quotient=-,src=canonical,dA=64,sec=L2]/L6[chunks=1@0,rel=reduced-evaluation,qrm=9856,cqrm=0,eor=0,in=128896,out=93696;witness=ET,s=-,h=-,partial=-,quotient=-,src=canonical,dA=64,sec=L2]/T[method=ET,src=canonical,eor=0,input=93696,dA=64,sec=L2]
fp128_onehot_recursive_multi_chunk_w8r2	changed	final=34:2;precommitted=16:1,16:1	418bce9bd474b57ce061831417be3dd051d57be5e5b7d7bdc9cb550f40527ae6	4df8d71545925a8473be3f295dea00d1725c97fff86fc2636ab7153dc3b8d15e	16777216	16777216	4194304	8388608	80218	88504	8	8	79902bb3a8e37693b3560246897957b1555185e7a6304b3be6978ead8e67845d	954a7e80ab59fb35d0cfd211e0e5653c7eb8f5f211c12845694b5cfe7a10b9b8	cutover=L3;L0[chunks=8@2,rel=quotient,qrm=0,cqrm=0,eor=0,in=17179869184,out=306544640;witness=PACK,s=64,h=4,partial=64,quotient=64,src=canonical,dA=256,sec=Linf;pre0=PACK,s=64,h=8,partial=64,quotient=64,src=canonical,dA=512,sec=Linf;pre1=PACK,s=64,h=8,partial=64,quotient=64,src=canonical,dA=512,sec=Linf]/L1[chunks=8@2,rel=quotient,qrm=0,cqrm=0,eor=0,in=306544640,out=46760192;witness=PACK,s=64,h=1,partial=64,quotient=64,src=canonical,dA=64,sec=Linf;prefix=PACK,s=64,h=1,partial=64,quotient=64,src=canonical,dA=64,sec=Linf]/L2[chunks=1@0,rel=quotient,qrm=0,cqrm=0,eor=0,in=46760192,out=8904960;witness=ET,s=-,h=-,partial=-,quotient=-,src=canonical,dA=64,sec=Linf;prefix=ET,s=-,h=-,partial=-,quotient=-,src=canonical,dA=64,sec=Linf]/L3[chunks=1@0,rel=reduced-evaluation,qrm=16384,cqrm=1536,eor=0,in=8904960,out=1224704;witness=ET,s=-,h=-,partial=-,quotient=-,src=canonical,dA=64,sec=Linf]/L4[chunks=1@0,rel=reduced-evaluation,qrm=14336,cqrm=1536,eor=0,in=1224704,out=411648;witness=ET,s=-,h=-,partial=-,quotient=-,src=canonical,dA=64,sec=L2]/L5[chunks=1@0,rel=reduced-evaluation,qrm=12288,cqrm=1536,eor=0,in=411648,out=225280;witness=ET,s=-,h=-,partial=-,quotient=-,src=canonical,dA=64,sec=L2]/L6[chunks=1@0,rel=reduced-evaluation,qrm=9984,cqrm=0,eor=0,in=225280,out=112128;witness=ET,s=-,h=-,partial=-,quotient=-,src=canonical,dA=64,sec=L2]/T[method=ET,src=canonical,eor=0,input=112128,dA=64,sec=L2]	cutover=L2;L0[chunks=8@2,rel=quotient,qrm=0,cqrm=0,eor=0,in=17179869184,out=457568256;witness=PACK,s=64,h=8,partial=64,quotient=64,src=canonical,dA=512,sec=Linf;pre0=PACK,s=128,h=4,partial=128,quotient=128,src=canonical,dA=512,sec=Linf;pre1=PACK,s=128,h=4,partial=128,quotient=128,src=canonical,dA=512,sec=Linf]/L1[chunks=8@2,rel=quotient,qrm=0,cqrm=0,eor=0,in=457568256,out=75718912;witness=PACK,s=64,h=4,partial=64,quotient=64,src=canonical,dA=256,sec=Linf;prefix=PACK,s=64,h=4,partial=64,quotient=64,src=canonical,dA=256,sec=Linf]/L2[chunks=1@0,rel=reduced-evaluation,qrm=24768,cqrm=4128,eor=0,in=75718912,out=4915008;witness=ET,s=-,h=-,partial=-,quotient=-,src=canonical,dA=64,sec=Linf]/L3[chunks=1@0,rel=reduced-evaluation,qrm=19264,cqrm=4128,eor=0,in=4915008,out=1071744;witness=ET,s=-,h=-,partial=-,quotient=-,src=canonical,dA=64,sec=L2]/L4[chunks=1@0,rel=reduced-evaluation,qrm=11648,cqrm=0,eor=0,in=1071744,out=272512;witness=ET,s=-,h=-,partial=-,quotient=-,src=canonical,dA=64,sec=L2]/L5[chunks=1@0,rel=reduced-evaluation,qrm=11264,cqrm=0,eor=0,in=272512,out=128896;witness=ET,s=-,h=-,partial=-,quotient=-,src=canonical,dA=64,sec=L2]/L6[chunks=1@0,rel=reduced-evaluation,qrm=9856,cqrm=0,eor=0,in=128896,out=93696;witness=ET,s=-,h=-,partial=-,quotient=-,src=canonical,dA=64,sec=L2]/T[method=ET,src=canonical,eor=0,input=93696,dA=64,sec=L2]
fp128_onehot_recursive_multi_chunk_w8r3	changed	final=32:2;precommitted=16:1,16:1	b1af2baa3f1cd4c8a77d92f88734bab4403d9377dcccfa4f885822f132506dc6	bd4e6504bb728c0655ca08602eaf5e84fc53905087b94502ed97eb81938232e1	8388608	8388608	4194304	4194304	78613	89099	8	9	269faee6b3993d57f356eaf26b7a7770ecb676704380f29077a51e19f0d22d8e	8bb048807f430a65c908a97bfcfe2b87c3dd7ca57f027f069fbca9695c4617dc	cutover=L2;L0[chunks=8@3,rel=quotient,qrm=0,cqrm=0,eor=0,in=4294967296,out=153452544;witness=PACK,s=64,h=4,partial=64,quotient=64,src=canonical,dA=256,sec=Linf;pre0=PACK,s=64,h=8,partial=64,quotient=64,src=canonical,dA=512,sec=Linf;pre1=PACK,s=64,h=8,partial=64,quotient=64,src=canonical,dA=512,sec=Linf]/L1[chunks=8@3,rel=quotient,qrm=0,cqrm=0,eor=0,in=153452544,out=32729344;witness=PACK,s=64,h=2,partial=64,quotient=64,src=canonical,dA=128,sec=Linf;prefix=PACK,s=64,h=2,partial=64,quotient=64,src=canonical,dA=128,sec=Linf]/L2[chunks=8@3,rel=reduced-evaluation,qrm=18432,cqrm=1536,eor=0,in=32729344,out=7360512;witness=ET,s=-,h=-,partial=-,quotient=-,src=canonical,dA=64,sec=Linf]/L3[chunks=1@0,rel=reduced-evaluation,qrm=16384,cqrm=1536,eor=0,in=7360512,out=1114112;witness=ET,s=-,h=-,partial=-,quotient=-,src=canonical,dA=64,sec=Linf]/L4[chunks=1@0,rel=reduced-evaluation,qrm=16384,cqrm=1536,eor=0,in=1114112,out=425984;witness=ET,s=-,h=-,partial=-,quotient=-,src=canonical,dA=64,sec=Linf]/L5[chunks=1@0,rel=reduced-evaluation,qrm=12288,cqrm=1536,eor=0,in=425984,out=225280;witness=ET,s=-,h=-,partial=-,quotient=-,src=canonical,dA=64,sec=L2]/L6[chunks=1@0,rel=reduced-evaluation,qrm=9984,cqrm=0,eor=0,in=225280,out=112128;witness=ET,s=-,h=-,partial=-,quotient=-,src=canonical,dA=64,sec=L2]/T[method=ET,src=canonical,eor=0,input=112128,dA=64,sec=L2]	cutover=L2;L0[chunks=8@3,rel=quotient,qrm=0,cqrm=0,eor=0,in=4294967296,out=231059456;witness=PACK,s=64,h=8,partial=64,quotient=64,src=canonical,dA=512,sec=Linf;pre0=PACK,s=64,h=8,partial=64,quotient=64,src=canonical,dA=512,sec=Linf;pre1=PACK,s=64,h=8,partial=64,quotient=64,src=canonical,dA=512,sec=Linf]/L1[chunks=8@3,rel=quotient,qrm=0,cqrm=0,eor=0,in=231059456,out=52592576;witness=PACK,s=64,h=1,partial=64,quotient=64,src=canonical,dA=64,sec=Linf;prefix=PACK,s=64,h=1,partial=64,quotient=64,src=canonical,dA=64,sec=Linf]/L2[chunks=8@3,rel=reduced-evaluation,qrm=27520,cqrm=4128,eor=0,in=52592576,out=14704640;witness=ET,s=-,h=-,partial=-,quotient=-,src=canonical,dA=64,sec=Linf]/L3[chunks=1@0,rel=reduced-evaluation,qrm=24768,cqrm=4128,eor=0,in=14704640,out=2171200;witness=ET,s=-,h=-,partial=-,quotient=-,src=canonical,dA=64,sec=Linf]/L4[chunks=1@0,rel=reduced-evaluation,qrm=22016,cqrm=4128,eor=0,in=2171200,out=848128;witness=ET,s=-,h=-,partial=-,quotient=-,src=canonical,dA=64,sec=Linf]/L5[chunks=1@0,rel=reduced-evaluation,qrm=13312,cqrm=2496,eor=0,in=848128,out=285440;witness=ET,s=-,h=-,partial=-,quotient=-,src=canonical,dA=64,sec=Linf]/L6[chunks=1@0,rel=reduced-evaluation,qrm=11264,cqrm=0,eor=0,in=285440,out=128896;witness=ET,s=-,h=-,partial=-,quotient=-,src=canonical,dA=64,sec=L2]/L7[chunks=1@0,rel=reduced-evaluation,qrm=9856,cqrm=0,eor=0,in=128896,out=93696;witness=ET,s=-,h=-,partial=-,quotient=-,src=canonical,dA=64,sec=L2]/T[method=ET,src=canonical,eor=0,input=93696,dA=64,sec=L2]
fp128_onehot_recursive_multi_chunk_w8r3	changed	final=34:2;precommitted=16:1,16:1	418bce9bd474b57ce061831417be3dd051d57be5e5b7d7bdc9cb550f40527ae6	bdc31eb5f14c0a36c8a4d61241e98b64736232ca8a0540f7514091c983c3ddae	16777216	16777216	8388608	4194304	79403	91110	8	9	2112d3912ac7b846f9c3cd4ad01eed1a18326aac8d4eaab8a2de777446c81003	9678fd36c712c9d6af6eba371be88007b940c3291ef3533aae822439d2cf48f7	cutover=L2;L0[chunks=8@3,rel=quotient,qrm=0,cqrm=0,eor=0,in=17179869184,out=306544640;witness=PACK,s=64,h=4,partial=64,quotient=64,src=canonical,dA=256,sec=Linf;pre0=PACK,s=64,h=8,partial=64,quotient=64,src=canonical,dA=512,sec=Linf;pre1=PACK,s=64,h=8,partial=64,quotient=64,src=canonical,dA=512,sec=Linf]/L1[chunks=8@3,rel=quotient,qrm=0,cqrm=0,eor=0,in=306544640,out=47282432;witness=PACK,s=64,h=2,partial=64,quotient=64,src=canonical,dA=128,sec=Linf;prefix=PACK,s=64,h=2,partial=64,quotient=64,src=canonical,dA=128,sec=Linf]/L2[chunks=8@3,rel=reduced-evaluation,qrm=18432,cqrm=1536,eor=0,in=47282432,out=8671232;witness=ET,s=-,h=-,partial=-,quotient=-,src=canonical,dA=64,sec=Linf]/L3[chunks=1@0,rel=reduced-evaluation,qrm=16384,cqrm=1536,eor=0,in=8671232,out=1224704;witness=ET,s=-,h=-,partial=-,quotient=-,src=canonical,dA=64,sec=Linf]/L4[chunks=1@0,rel=reduced-evaluation,qrm=14336,cqrm=1536,eor=0,in=1224704,out=411648;witness=ET,s=-,h=-,partial=-,quotient=-,src=canonical,dA=64,sec=L2]/L5[chunks=1@0,rel=reduced-evaluation,qrm=12288,cqrm=1536,eor=0,in=411648,out=225280;witness=ET,s=-,h=-,partial=-,quotient=-,src=canonical,dA=64,sec=L2]/L6[chunks=1@0,rel=reduced-evaluation,qrm=9984,cqrm=0,eor=0,in=225280,out=112128;witness=ET,s=-,h=-,partial=-,quotient=-,src=canonical,dA=64,sec=L2]/T[method=ET,src=canonical,eor=0,input=112128,dA=64,sec=L2]	cutover=L3;L0[chunks=8@3,rel=quotient,qrm=0,cqrm=0,eor=0,in=17179869184,out=457562624;witness=PACK,s=64,h=8,partial=64,quotient=64,src=canonical,dA=512,sec=Linf;pre0=PACK,s=64,h=8,partial=64,quotient=64,src=canonical,dA=512,sec=Linf;pre1=PACK,s=64,h=8,partial=64,quotient=64,src=canonical,dA=512,sec=Linf]/L1[chunks=8@3,rel=quotient,qrm=0,cqrm=0,eor=0,in=457562624,out=75675136;witness=PACK,s=64,h=4,partial=64,quotient=64,src=canonical,dA=256,sec=Linf;prefix=PACK,s=64,h=4,partial=64,quotient=64,src=canonical,dA=256,sec=Linf]/L2[chunks=8@3,rel=quotient,qrm=0,cqrm=0,eor=0,in=75675136,out=46268288;witness=ET,s=-,h=-,partial=-,quotient=-,src=canonical,dA=64,sec=Linf;prefix=ET,s=-,h=-,partial=-,quotient=-,src=canonical,dA=64,sec=Linf]/L3[chunks=1@0,rel=reduced-evaluation,qrm=24768,cqrm=4128,eor=0,in=46268288,out=3836224;witness=ET,s=-,h=-,partial=-,quotient=-,src=canonical,dA=64,sec=Linf]/L4[chunks=1@0,rel=reduced-evaluation,qrm=19264,cqrm=4128,eor=0,in=3836224,out=961664;witness=ET,s=-,h=-,partial=-,quotient=-,src=canonical,dA=64,sec=L2]/L5[chunks=1@0,rel=reduced-evaluation,qrm=11648,cqrm=2496,eor=0,in=961664,out=280448;witness=ET,s=-,h=-,partial=-,quotient=-,src=canonical,dA=64,sec=L2]/L6[chunks=1@0,rel=reduced-evaluation,qrm=11264,cqrm=0,eor=0,in=280448,out=128896;witness=ET,s=-,h=-,partial=-,quotient=-,src=canonical,dA=64,sec=L2]/L7[chunks=1@0,rel=reduced-evaluation,qrm=9856,cqrm=0,eor=0,in=128896,out=93696;witness=ET,s=-,h=-,partial=-,quotient=-,src=canonical,dA=64,sec=L2]/T[method=ET,src=canonical,eor=0,input=93696,dA=64,sec=L2]
fp32_dense	changed	final=20:1;precommitted=	7e615f063166da9e18d6e9eacc305f7128e85099f64b8b48278e935e02e876fe	7e615f063166da9e18d6e9eacc305f7128e85099f64b8b48278e935e02e876fe	458752	524288	131072	131072	62779	71813	6	6	71ccfe4fed6cec22b3be7bc50fb87697909c4b2338736c9ca78451f097777364	fb4e102984cf1847d7c535f022004e6c76cd86014eced8fa7122a70808219fb5	cutover=L2;L0[chunks=1@0,rel=quotient,qrm=0,cqrm=0,eor=0,in=1048576,out=1728064;witness=PACK,s=64,h=8,partial=256,quotient=256,src=canonical,dA=2048,sec=Linf]/L1[chunks=1@0,rel=quotient,qrm=0,cqrm=0,eor=0,in=1728064,out=800512;witness=PACK,s=128,h=2,partial=512,quotient=512,src=canonical,dA=1024,sec=Linf]/L2[chunks=1@0,rel=reduced-evaluation,qrm=10752,cqrm=1344,eor=656,in=800512,out=244736;witness=ET,s=-,h=-,partial=-,quotient=-,src=tensor-k4,dA=128,sec=Linf]/L3[chunks=1@0,rel=reduced-evaluation,qrm=9984,cqrm=1152,eor=592,in=244736,out=141312;witness=ET,s=-,h=-,partial=-,quotient=-,src=tensor-k4,dA=128,sec=Linf]/L4[chunks=1@0,rel=reduced-evaluation,qrm=8448,cqrm=0,eor=592,in=141312,out=81152;witness=ET,s=-,h=-,partial=-,quotient=-,src=tensor-k4,dA=128,sec=L2]/T[method=ET,src=tensor-k4,eor=560,input=81152,dA=128,sec=L2]	cutover=L2;L0[chunks=1@0,rel=quotient,qrm=0,cqrm=0,eor=0,in=1048576,out=1734272;witness=PACK,s=64,h=8,partial=256,quotient=256,src=canonical,dA=2048,sec=Linf]/L1[chunks=1@0,rel=quotient,qrm=0,cqrm=0,eor=0,in=1734272,out=780672;witness=PACK,s=64,h=1,partial=256,quotient=256,src=canonical,dA=256,sec=Linf]/L2[chunks=1@0,rel=reduced-evaluation,qrm=11648,cqrm=2688,eor=656,in=780672,out=252416;witness=ET,s=-,h=-,partial=-,quotient=-,src=tensor-k4,dA=128,sec=Linf]/L3[chunks=1@0,rel=reduced-evaluation,qrm=9984,cqrm=0,eor=592,in=252416,out=114688;witness=ET,s=-,h=-,partial=-,quotient=-,src=tensor-k4,dA=128,sec=L2]/L4[chunks=1@0,rel=reduced-evaluation,qrm=10752,cqrm=0,eor=560,in=114688,out=81152;witness=ET,s=-,h=-,partial=-,quotient=-,src=tensor-k4,dA=128,sec=L2]/T[method=ET,src=tensor-k4,eor=560,input=81152,dA=128,sec=L2]
fp32_dense	changed	final=20:1;precommitted=20:1	c1c8cc48e7b2f6ccce87fe79e055aa2b7bb1c720907c7533780b767bd93d8ecf	eb9006da2ba11329054b41effb1a570facd47539ad53c5a94d61c08461fd2e64	524288	655360	262144	262144	63607	73577	6	6	99776bcef59160faa8e9ec28a25ecdff31537497cb4660004ee0c859431e4502	92dc3fb91e04d4a1201cbd30f530fafc9d83120e6c02f526e855442ad365e38e	cutover=L2;L0[chunks=1@0,rel=quotient,qrm=0,cqrm=0,eor=0,in=1048576,out=3399680;witness=PACK,s=64,h=8,partial=256,quotient=256,src=canonical,dA=2048,sec=Linf;pre0=PACK,s=64,h=8,partial=256,quotient=256,src=canonical,dA=2048,sec=Linf]/L1[chunks=1@0,rel=quotient,qrm=0,cqrm=0,eor=0,in=3399680,out=1019776;witness=PACK,s=128,h=2,partial=512,quotient=512,src=canonical,dA=1024,sec=Linf]/L2[chunks=1@0,rel=reduced-evaluation,qrm=9984,cqrm=1152,eor=656,in=1019776,out=262144;witness=ET,s=-,h=-,partial=-,quotient=-,src=tensor-k4,dA=128,sec=Linf]/L3[chunks=1@0,rel=reduced-evaluation,qrm=9984,cqrm=1152,eor=592,in=262144,out=141312;witness=ET,s=-,h=-,partial=-,quotient=-,src=tensor-k4,dA=128,sec=Linf]/L4[chunks=1@0,rel=reduced-evaluation,qrm=8448,cqrm=0,eor=592,in=141312,out=81152;witness=ET,s=-,h=-,partial=-,quotient=-,src=tensor-k4,dA=128,sec=L2]/T[method=ET,src=tensor-k4,eor=560,input=81152,dA=128,sec=L2]	cutover=L2;L0[chunks=1@0,rel=quotient,qrm=0,cqrm=0,eor=0,in=1048576,out=3407872;witness=PACK,s=64,h=8,partial=256,quotient=256,src=canonical,dA=2048,sec=Linf;pre0=PACK,s=64,h=8,partial=256,quotient=256,src=canonical,dA=2048,sec=Linf]/L1[chunks=1@0,rel=quotient,qrm=0,cqrm=0,eor=0,in=3407872,out=953344;witness=PACK,s=64,h=8,partial=256,quotient=256,src=canonical,dA=2048,sec=Linf]/L2[chunks=1@0,rel=reduced-evaluation,qrm=15360,cqrm=3072,eor=656,in=953344,out=390144;witness=ET,s=-,h=-,partial=-,quotient=-,src=tensor-k4,dA=128,sec=Linf]/L3[chunks=1@0,rel=reduced-evaluation,qrm=12288,cqrm=0,eor=624,in=390144,out=196608;witness=ET,s=-,h=-,partial=-,quotient=-,src=tensor-k4,dA=128,sec=L2]/L4[chunks=1@0,rel=reduced-evaluation,qrm=11648,cqrm=0,eor=592,in=196608,out=113920;witness=ET,s=-,h=-,partial=-,quotient=-,src=tensor-k4,dA=128,sec=Linf]/T[method=ET,src=tensor-k4,eor=560,input=113920,dA=128,sec=L2]
fp32_dense	changed	final=26:1;precommitted=	c93e949f727a2db762f7dbfe2fcdcdc29cf0a3b5fd10f76b3019de436810bc9b	c93e949f727a2db762f7dbfe2fcdcdc29cf0a3b5fd10f76b3019de436810bc9b	1310720	1048576	1048576	1048576	65383	75548	6	7	c57dfefdc54aece92ae0eecc371183ecc11f66d5d8233b829246353322bae025	b5b88448fc23c992d9ea4d11109ffd8ade3fba09381c753ad1de63b3aedf9373	cutover=L2;L0[chunks=1@0,rel=quotient,qrm=0,cqrm=0,eor=0,in=67108864,out=12910144;witness=PACK,s=64,h=8,partial=256,quotient=256,src=canonical,dA=2048,sec=Linf]/L1[chunks=1@0,rel=quotient,qrm=0,cqrm=0,eor=0,in=12910144,out=1439232;witness=PACK,s=64,h=1,partial=256,quotient=256,src=canonical,dA=256,sec=Linf]/L2[chunks=1@0,rel=reduced-evaluation,qrm=13312,cqrm=1536,eor=688,in=1439232,out=419840;witness=ET,s=-,h=-,partial=-,quotient=-,src=tensor-k4,dA=128,sec=Linf]/L3[chunks=1@0,rel=reduced-evaluation,qrm=9856,cqrm=0,eor=624,in=419840,out=147072;witness=ET,s=-,h=-,partial=-,quotient=-,src=tensor-k4,dA=128,sec=L2]/L4[chunks=1@0,rel=reduced-evaluation,qrm=8448,cqrm=0,eor=592,in=147072,out=81152;witness=ET,s=-,h=-,partial=-,quotient=-,src=tensor-k4,dA=128,sec=L2]/T[method=ET,src=tensor-k4,eor=560,input=81152,dA=128,sec=L2]	cutover=L2;L0[chunks=1@0,rel=quotient,qrm=0,cqrm=0,eor=0,in=67108864,out=12916352;witness=PACK,s=64,h=8,partial=256,quotient=256,src=canonical,dA=2048,sec=Linf]/L1[chunks=1@0,rel=quotient,qrm=0,cqrm=0,eor=0,in=12916352,out=1549312;witness=PACK,s=64,h=2,partial=256,quotient=256,src=canonical,dA=512,sec=Linf]/L2[chunks=1@0,rel=reduced-evaluation,qrm=15360,cqrm=3072,eor=688,in=1549312,out=491520;witness=ET,s=-,h=-,partial=-,quotient=-,src=tensor-k4,dA=128,sec=Linf]/L3[chunks=1@0,rel=reduced-evaluation,qrm=15360,cqrm=3072,eor=624,in=491520,out=291840;witness=ET,s=-,h=-,partial=-,quotient=-,src=tensor-k4,dA=128,sec=Linf]/L4[chunks=1@0,rel=reduced-evaluation,qrm=10752,cqrm=0,eor=624,in=291840,out=130048;witness=ET,s=-,h=-,partial=-,quotient=-,src=tensor-k4,dA=128,sec=L2]/L5[chunks=1@0,rel=reduced-evaluation,qrm=9984,cqrm=0,eor=560,in=130048,out=81920;witness=ET,s=-,h=-,partial=-,quotient=-,src=tensor-k4,dA=128,sec=L2]/T[method=ET,src=tensor-k4,eor=560,input=81920,dA=128,sec=L2]
fp32_dense	changed	final=28:1;precommitted=	a46de3bb37f42fa48a71b95f2322aad4c4e9c8626b40c631cd6537cb251072a1	a46de3bb37f42fa48a71b95f2322aad4c4e9c8626b40c631cd6537cb251072a1	2883584	2883584	4194304	4194304	66858	76862	7	7	36fb9a7a01675e19c8a51f7e6ef483bf75f4f67ede849fa8ebac73d631f7eeb1	6b99355f16fea683b69ee5913229e600d9839fbf1a7a6ce2e9dd5341da84154d	cutover=L2;L0[chunks=1@0,rel=quotient,qrm=0,cqrm=0,eor=0,in=268435456,out=27090304;witness=PACK,s=128,h=4,partial=512,quotient=512,src=canonical,dA=2048,sec=Linf]/L1[chunks=1@0,rel=quotient,qrm=0,cqrm=0,eor=0,in=27090304,out=3814976;witness=PACK,s=64,h=8,partial=256,quotient=256,src=canonical,dA=2048,sec=Linf]/L2[chunks=1@0,rel=reduced-evaluation,qrm=16896,cqrm=2112,eor=720,in=3814976,out=920832;witness=ET,s=-,h=-,partial=-,quotient=-,src=tensor-k4,dA=128,sec=Linf]/L3[chunks=1@0,rel=reduced-evaluation,qrm=10752,cqrm=1344,eor=656,in=920832,out=259072;witness=ET,s=-,h=-,partial=-,quotient=-,src=tensor-k4,dA=128,sec=Linf]/L4[chunks=1@0,rel=reduced-evaluation,qrm=9984,cqrm=1152,eor=592,in=259072,out=141312;witness=ET,s=-,h=-,partial=-,quotient=-,src=tensor-k4,dA=128,sec=Linf]/L5[chunks=1@0,rel=reduced-evaluation,qrm=8448,cqrm=0,eor=592,in=141312,out=81152;witness=ET,s=-,h=-,partial=-,quotient=-,src=tensor-k4,dA=128,sec=L2]/T[method=ET,src=tensor-k4,eor=560,input=81152,dA=128,sec=L2]	cutover=L2;L0[chunks=1@0,rel=quotient,qrm=0,cqrm=0,eor=0,in=268435456,out=27096448;witness=PACK,s=128,h=4,partial=512,quotient=512,src=canonical,dA=2048,sec=Linf]/L1[chunks=1@0,rel=quotient,qrm=0,cqrm=0,eor=0,in=27096448,out=3821184;witness=PACK,s=64,h=8,partial=256,quotient=256,src=canonical,dA=2048,sec=Linf]/L2[chunks=1@0,rel=reduced-evaluation,qrm=15360,cqrm=3072,eor=720,in=3821184,out=755712;witness=ET,s=-,h=-,partial=-,quotient=-,src=tensor-k4,dA=128,sec=Linf]/L3[chunks=1@0,rel=reduced-evaluation,qrm=11648,cqrm=2688,eor=656,in=755712,out=252416;witness=ET,s=-,h=-,partial=-,quotient=-,src=tensor-k4,dA=128,sec=Linf]/L4[chunks=1@0,rel=reduced-evaluation,qrm=9984,cqrm=0,eor=592,in=252416,out=114688;witness=ET,s=-,h=-,partial=-,quotient=-,src=tensor-k4,dA=128,sec=L2]/L5[chunks=1@0,rel=reduced-evaluation,qrm=10752,cqrm=0,eor=560,in=114688,out=81152;witness=ET,s=-,h=-,partial=-,quotient=-,src=tensor-k4,dA=128,sec=L2]/T[method=ET,src=tensor-k4,eor=560,input=81152,dA=128,sec=L2]
fp32_dense	changed	final=30:1;precommitted=	0661c6ea7796b195873f4f0afc34e1f8ab8b773648907a24b0f5110247bb10d2	0661c6ea7796b195873f4f0afc34e1f8ab8b773648907a24b0f5110247bb10d2	5767168	5242880	8388608	8388608	66974	77760	7	7	ff5b559c5638ee2bf44d165ad4c5a09b13511bc9518b3a94ab72fc4d44b6f5d4	f48c26305e0762b1ec1f478c7164be4aca083cc11d37de25056a11915a83bdb2	cutover=L2;L0[chunks=1@0,rel=quotient,qrm=0,cqrm=0,eor=0,in=1073741824,out=58285440;witness=PACK,s=128,h=4,partial=512,quotient=512,src=canonical,dA=2048,sec=Linf]/L1[chunks=1@0,rel=quotient,qrm=0,cqrm=0,eor=0,in=58285440,out=4034624;witness=PACK,s=64,h=1,partial=256,quotient=256,src=canonical,dA=256,sec=Linf]/L2[chunks=1@0,rel=reduced-evaluation,qrm=16896,cqrm=2112,eor=720,in=4034624,out=933504;witness=ET,s=-,h=-,partial=-,quotient=-,src=tensor-k4,dA=128,sec=Linf]/L3[chunks=1@0,rel=reduced-evaluation,qrm=10752,cqrm=1344,eor=656,in=933504,out=259072;witness=ET,s=-,h=-,partial=-,quotient=-,src=tensor-k4,dA=128,sec=Linf]/L4[chunks=1@0,rel=reduced-evaluation,qrm=9984,cqrm=1152,eor=592,in=259072,out=141312;witness=ET,s=-,h=-,partial=-,quotient=-,src=tensor-k4,dA=128,sec=Linf]/L5[chunks=1@0,rel=reduced-evaluation,qrm=8448,cqrm=0,eor=592,in=141312,out=81152;witness=ET,s=-,h=-,partial=-,quotient=-,src=tensor-k4,dA=128,sec=L2]/T[method=ET,src=tensor-k4,eor=560,input=81152,dA=128,sec=L2]	cutover=L2;L0[chunks=1@0,rel=quotient,qrm=0,cqrm=0,eor=0,in=1073741824,out=57546368;witness=PACK,s=64,h=8,partial=256,quotient=256,src=canonical,dA=2048,sec=Linf]/L1[chunks=1@0,rel=quotient,qrm=0,cqrm=0,eor=0,in=57546368,out=3908608;witness=PACK,s=128,h=4,partial=512,quotient=512,src=canonical,dA=2048,sec=Linf]/L2[chunks=1@0,rel=reduced-evaluation,qrm=15360,cqrm=3072,eor=720,in=3908608,out=755712;witness=ET,s=-,h=-,partial=-,quotient=-,src=tensor-k4,dA=128,sec=Linf]/L3[chunks=1@0,rel=reduced-evaluation,qrm=11648,cqrm=2688,eor=656,in=755712,out=252416;witness=ET,s=-,h=-,partial=-,quotient=-,src=tensor-k4,dA=128,sec=Linf]/L4[chunks=1@0,rel=reduced-evaluation,qrm=9984,cqrm=0,eor=592,in=252416,out=114688;witness=ET,s=-,h=-,partial=-,quotient=-,src=tensor-k4,dA=128,sec=L2]/L5[chunks=1@0,rel=reduced-evaluation,qrm=10752,cqrm=0,eor=560,in=114688,out=81152;witness=ET,s=-,h=-,partial=-,quotient=-,src=tensor-k4,dA=128,sec=L2]/T[method=ET,src=tensor-k4,eor=560,input=81152,dA=128,sec=L2]
fp32_dense_recursive	changed	final=20:1;precommitted=	7e615f063166da9e18d6e9eacc305f7128e85099f64b8b48278e935e02e876fe	7e615f063166da9e18d6e9eacc305f7128e85099f64b8b48278e935e02e876fe	131072	131072	131072	131072	160700	316732	3	3	21ef0b2a885b0ab9e6570962366e8e8ee5e3fe993e5977dd98b95a784f97ea42	49742fcd9ca77d3db536a4ed30e364aabef3edfbf34c8736a97a63cef4c64409	cutover=none;L0[chunks=1@0,rel=quotient,qrm=0,cqrm=0,eor=0,in=1048576,out=1728064;witness=PACK,s=64,h=8,partial=256,quotient=256,src=canonical,dA=2048,sec=Linf]/L1[chunks=1@0,rel=quotient,qrm=0,cqrm=0,eor=0,in=1728064,out=448896;witness=PACK,s=128,h=2,partial=512,quotient=512,src=canonical,dA=1024,sec=Linf]/T[method=ET,src=tensor-k4,eor=624,input=448896,dA=128,sec=Linf]	cutover=none;L0[chunks=1@0,rel=quotient,qrm=0,cqrm=0,eor=0,in=1048576,out=1734272;witness=PACK,s=64,h=8,partial=256,quotient=256,src=canonical,dA=2048,sec=Linf]/L1[chunks=1@0,rel=quotient,qrm=0,cqrm=0,eor=0,in=1734272,out=472960;witness=PACK,s=128,h=2,partial=512,quotient=512,src=canonical,dA=1024,sec=Linf]/T[method=ET,src=tensor-k4,eor=624,input=472960,dA=128,sec=Linf]
fp32_dense_recursive	changed	final=22:1;precommitted=	43c57a9c37004f9565033f2c8ae56fdc6891e2e8ee936abeb6267fa9a84e3696	43c57a9c37004f9565033f2c8ae56fdc6891e2e8ee936abeb6267fa9a84e3696	262144	262144	262144	262144	64991	227252	6	3	1b4e5a62f54487c360d5436d266123211c502277470d807b02d2bda7a1183e85	a45392a4435806ac707a8807f7f8c88470c8ed7eb09c038347f1c9d61a6a6e66	cutover=L2;L0[chunks=1@0,rel=quotient,qrm=0,cqrm=0,eor=0,in=4194304,out=3325504;witness=PACK,s=64,h=8,partial=256,quotient=256,src=canonical,dA=2048,sec=Linf]/L1[chunks=1@0,rel=quotient,qrm=0,cqrm=0,eor=0,in=3325504,out=587904;witness=PACK,s=128,h=2,partial=512,quotient=512,src=canonical,dA=1024,sec=Linf]/L2[chunks=1@0,rel=reduced-evaluation,qrm=9984,cqrm=1152,eor=656,in=587904,out=210432;witness=ET,s=-,h=-,partial=-,quotient=-,src=tensor-k4,dA=128,sec=Linf]/L3[chunks=1@0,rel=reduced-evaluation,qrm=9984,cqrm=1152,eor=592,in=210432,out=134400;witness=ET,s=-,h=-,partial=-,quotient=-,src=tensor-k4,dA=128,sec=Linf]/L4[chunks=1@0,rel=reduced-evaluation,qrm=8448,cqrm=0,eor=592,in=134400,out=81152;witness=ET,s=-,h=-,partial=-,quotient=-,src=tensor-k4,dA=128,sec=L2]/T[method=ET,src=tensor-k4,eor=560,input=81152,dA=128,sec=L2]	cutover=none;L0[chunks=1@0,rel=quotient,qrm=0,cqrm=0,eor=0,in=4194304,out=3331712;witness=PACK,s=64,h=8,partial=256,quotient=256,src=canonical,dA=2048,sec=Linf]/L1[chunks=1@0,rel=quotient,qrm=0,cqrm=0,eor=0,in=3331712,out=1276032;witness=PACK,s=64,h=8,partial=256,quotient=256,src=canonical,dA=2048,sec=Linf]/T[method=ET,src=tensor-k4,eor=688,input=1276032,dA=128,sec=Linf]
fp32_dense_recursive	changed	final=24:1;precommitted=	94e7a14c6d0dc602c7ebc7e2d1dd26de309a4ccf1ba006bd7c284ecae724ca0d	94e7a14c6d0dc602c7ebc7e2d1dd26de309a4ccf1ba006bd7c284ecae724ca0d	524288	524288	262144	524288	68535	203816	6	3	c516a6f12d29ca8c2986f94ddf3b44023c5b3e178762b7f07222c44086ec814e	6c74b0d19b0a3c723caaa4236d809f66d177d5d5610197cba46825065c9fb8c5	cutover=L2;L0[chunks=1@0,rel=quotient,qrm=0,cqrm=0,eor=0,in=16777216,out=6520384;witness=PACK,s=64,h=8,partial=256,quotient=256,src=canonical,dA=2048,sec=Linf]/L1[chunks=1@0,rel=quotient,qrm=0,cqrm=0,eor=0,in=6520384,out=1540096;witness=PACK,s=128,h=2,partial=512,quotient=512,src=canonical,dA=1024,sec=Linf;prefix=PACK,s=128,h=2,partial=512,quotient=512,src=canonical,dA=1024,sec=Linf]/L2[chunks=1@0,rel=reduced-evaluation,qrm=9984,cqrm=1152,eor=688,in=1540096,out=317440;witness=ET,s=-,h=-,partial=-,quotient=-,src=tensor-k4,dA=128,sec=Linf]/L3[chunks=1@0,rel=reduced-evaluation,qrm=9216,cqrm=0,eor=624,in=317440,out=126976;witness=ET,s=-,h=-,partial=-,quotient=-,src=tensor-k4,dA=128,sec=L2]/L4[chunks=1@0,rel=reduced-evaluation,qrm=9216,cqrm=0,eor=560,in=126976,out=81920;witness=ET,s=-,h=-,partial=-,quotient=-,src=tensor-k4,dA=128,sec=L2]/T[method=ET,src=tensor-k4,eor=560,input=81920,dA=128,sec=L2]	cutover=none;L0[chunks=1@0,rel=quotient,qrm=0,cqrm=0,eor=0,in=16777216,out=6526592;witness=PACK,s=64,h=8,partial=256,quotient=256,src=canonical,dA=2048,sec=Linf]/L1[chunks=1@0,rel=quotient,qrm=0,cqrm=0,eor=0,in=6526592,out=1597056;witness=PACK,s=64,h=2,partial=256,quotient=256,src=canonical,dA=512,sec=Linf]/T[method=ET,src=tensor-k4,eor=688,input=1597056,dA=128,sec=Linf]
fp32_dense_recursive	changed	final=26:1;precommitted=	c93e949f727a2db762f7dbfe2fcdcdc29cf0a3b5fd10f76b3019de436810bc9b	c93e949f727a2db762f7dbfe2fcdcdc29cf0a3b5fd10f76b3019de436810bc9b	1048576	1048576	524288	1048576	68736	75548	7	7	7846033d88c876a3f2c593eb4382060eabd154d0c42d4110213c678992c1806e	b5b88448fc23c992d9ea4d11109ffd8ade3fba09381c753ad1de63b3aedf9373	cutover=L2;L0[chunks=1@0,rel=quotient,qrm=0,cqrm=0,eor=0,in=67108864,out=12910144;witness=PACK,s=64,h=8,partial=256,quotient=256,src=canonical,dA=2048,sec=Linf]/L1[chunks=1@0,rel=quotient,qrm=0,cqrm=0,eor=0,in=12910144,out=2894336;witness=PACK,s=64,h=2,partial=256,quotient=256,src=canonical,dA=512,sec=Linf;prefix=PACK,s=64,h=2,partial=256,quotient=256,src=canonical,dA=512,sec=Linf]/L2[chunks=1@0,rel=reduced-evaluation,qrm=13312,cqrm=1536,eor=720,in=2894336,out=625664;witness=ET,s=-,h=-,partial=-,quotient=-,src=tensor-k4,dA=128,sec=Linf]/L3[chunks=1@0,rel=reduced-evaluation,qrm=11264,cqrm=1536,eor=656,in=625664,out=262144;witness=ET,s=-,h=-,partial=-,quotient=-,src=tensor-k4,dA=128,sec=L2]/L4[chunks=1@0,rel=reduced-evaluation,qrm=10752,cqrm=1344,eor=592,in=262144,out=143360;witness=ET,s=-,h=-,partial=-,quotient=-,src=tensor-k4,dA=128,sec=Linf]/L5[chunks=1@0,rel=reduced-evaluation,qrm=8448,cqrm=0,eor=592,in=143360,out=81152;witness=ET,s=-,h=-,partial=-,quotient=-,src=tensor-k4,dA=128,sec=L2]/T[method=ET,src=tensor-k4,eor=560,input=81152,dA=128,sec=L2]	cutover=L2;L0[chunks=1@0,rel=quotient,qrm=0,cqrm=0,eor=0,in=67108864,out=12916352;witness=PACK,s=64,h=8,partial=256,quotient=256,src=canonical,dA=2048,sec=Linf]/L1[chunks=1@0,rel=quotient,qrm=0,cqrm=0,eor=0,in=12916352,out=1549312;witness=PACK,s=64,h=2,partial=256,quotient=256,src=canonical,dA=512,sec=Linf]/L2[chunks=1@0,rel=reduced-evaluation,qrm=15360,cqrm=3072,eor=688,in=1549312,out=491520;witness=ET,s=-,h=-,partial=-,quotient=-,src=tensor-k4,dA=128,sec=Linf]/L3[chunks=1@0,rel=reduced-evaluation,qrm=15360,cqrm=3072,eor=624,in=491520,out=291840;witness=ET,s=-,h=-,partial=-,quotient=-,src=tensor-k4,dA=128,sec=Linf]/L4[chunks=1@0,rel=reduced-evaluation,qrm=10752,cqrm=0,eor=624,in=291840,out=130048;witness=ET,s=-,h=-,partial=-,quotient=-,src=tensor-k4,dA=128,sec=L2]/L5[chunks=1@0,rel=reduced-evaluation,qrm=9984,cqrm=0,eor=560,in=130048,out=81920;witness=ET,s=-,h=-,partial=-,quotient=-,src=tensor-k4,dA=128,sec=L2]/T[method=ET,src=tensor-k4,eor=560,input=81920,dA=128,sec=L2]
fp32_dense_recursive	changed	final=28:1;precommitted=	a46de3bb37f42fa48a71b95f2322aad4c4e9c8626b40c631cd6537cb251072a1	a46de3bb37f42fa48a71b95f2322aad4c4e9c8626b40c631cd6537cb251072a1	4194304	4194304	1048576	2097152	69320	78726	7	7	2a7d63d5081826aff0467d64dc2960824329c49cdb43c91b475feef6464d732d	73f0f741c8d56e387971184f3d507ac3677321e4bab0fd83821760ccc53443a5	cutover=L2;L0[chunks=1@0,rel=quotient,qrm=0,cqrm=0,eor=0,in=268435456,out=27090304;witness=PACK,s=128,h=2,partial=512,quotient=512,src=canonical,dA=1024,sec=Linf]/L1[chunks=1@0,rel=quotient,qrm=0,cqrm=0,eor=0,in=27090304,out=4669952;witness=PACK,s=128,h=1,partial=512,quotient=512,src=canonical,dA=512,sec=Linf;prefix=PACK,s=128,h=1,partial=512,quotient=512,src=canonical,dA=512,sec=Linf]/L2[chunks=1@0,rel=reduced-evaluation,qrm=13312,cqrm=1536,eor=752,in=4669952,out=745472;witness=ET,s=-,h=-,partial=-,quotient=-,src=tensor-k4,dA=128,sec=Linf]/L3[chunks=1@0,rel=reduced-evaluation,qrm=10752,cqrm=1344,eor=656,in=745472,out=237568;witness=ET,s=-,h=-,partial=-,quotient=-,src=tensor-k4,dA=128,sec=Linf]/L4[chunks=1@0,rel=reduced-evaluation,qrm=9984,cqrm=1152,eor=592,in=237568,out=141312;witness=ET,s=-,h=-,partial=-,quotient=-,src=tensor-k4,dA=128,sec=Linf]/L5[chunks=1@0,rel=reduced-evaluation,qrm=8448,cqrm=0,eor=592,in=141312,out=81152;witness=ET,s=-,h=-,partial=-,quotient=-,src=tensor-k4,dA=128,sec=L2]/T[method=ET,src=tensor-k4,eor=560,input=81152,dA=128,sec=L2]	cutover=L2;L0[chunks=1@0,rel=quotient,qrm=0,cqrm=0,eor=0,in=268435456,out=27096448;witness=PACK,s=128,h=2,partial=512,quotient=512,src=canonical,dA=1024,sec=Linf]/L1[chunks=1@0,rel=quotient,qrm=0,cqrm=0,eor=0,in=27096448,out=6401536;witness=PACK,s=64,h=2,partial=256,quotient=256,src=canonical,dA=512,sec=Linf;prefix=PACK,s=64,h=2,partial=256,quotient=256,src=canonical,dA=512,sec=Linf]/L2[chunks=1@0,rel=reduced-evaluation,qrm=15360,cqrm=3072,eor=752,in=6401536,out=969728;witness=ET,s=-,h=-,partial=-,quotient=-,src=tensor-k4,dA=128,sec=Linf]/L3[chunks=1@0,rel=reduced-evaluation,qrm=15360,cqrm=3072,eor=656,in=969728,out=390144;witness=ET,s=-,h=-,partial=-,quotient=-,src=tensor-k4,dA=128,sec=Linf]/L4[chunks=1@0,rel=reduced-evaluation,qrm=12288,cqrm=0,eor=624,in=390144,out=196608;witness=ET,s=-,h=-,partial=-,quotient=-,src=tensor-k4,dA=128,sec=L2]/L5[chunks=1@0,rel=reduced-evaluation,qrm=11648,cqrm=0,eor=592,in=196608,out=113920;witness=ET,s=-,h=-,partial=-,quotient=-,src=tensor-k4,dA=128,sec=Linf]/T[method=ET,src=tensor-k4,eor=560,input=113920,dA=128,sec=L2]
fp32_dense_recursive	changed	final=30:1;precommitted=	0661c6ea7796b195873f4f0afc34e1f8ab8b773648907a24b0f5110247bb10d2	0661c6ea7796b195873f4f0afc34e1f8ab8b773648907a24b0f5110247bb10d2	8388608	8388608	1048576	2097152	69772	79692	7	7	13c551a1d09179f3a81004beafc5e07df9e489b1d3831c3b7ee637b0ced2e16c	0ffbc1f562302a44d0f132e636968ab36cecbcb6931242dc2627dfe6bc053185	cutover=L2;L0[chunks=1@0,rel=quotient,qrm=0,cqrm=0,eor=0,in=1073741824,out=57496128;witness=PACK,s=64,h=8,partial=256,quotient=256,src=canonical,dA=2048,sec=Linf]/L1[chunks=1@0,rel=quotient,qrm=0,cqrm=0,eor=0,in=57496128,out=7324672;witness=PACK,s=128,h=2,partial=512,quotient=512,src=canonical,dA=1024,sec=Linf;prefix=PACK,s=128,h=2,partial=512,quotient=512,src=canonical,dA=1024,sec=Linf]/L2[chunks=1@0,rel=reduced-evaluation,qrm=13312,cqrm=1536,eor=752,in=7324672,out=929792;witness=ET,s=-,h=-,partial=-,quotient=-,src=tensor-k4,dA=128,sec=Linf]/L3[chunks=1@0,rel=reduced-evaluation,qrm=13312,cqrm=1536,eor=656,in=929792,out=355328;witness=ET,s=-,h=-,partial=-,quotient=-,src=tensor-k4,dA=128,sec=Linf]/L4[chunks=1@0,rel=reduced-evaluation,qrm=8448,cqrm=1152,eor=624,in=355328,out=145152;witness=ET,s=-,h=-,partial=-,quotient=-,src=tensor-k4,dA=128,sec=L2]/L5[chunks=1@0,rel=reduced-evaluation,qrm=8448,cqrm=0,eor=592,in=145152,out=81152;witness=ET,s=-,h=-,partial=-,quotient=-,src=tensor-k4,dA=128,sec=L2]/T[method=ET,src=tensor-k4,eor=560,input=81152,dA=128,sec=L2]	cutover=L2;L0[chunks=1@0,rel=quotient,qrm=0,cqrm=0,eor=0,in=1073741824,out=57546368;witness=PACK,s=64,h=8,partial=256,quotient=256,src=canonical,dA=2048,sec=Linf]/L1[chunks=1@0,rel=quotient,qrm=0,cqrm=0,eor=0,in=57546368,out=6527488;witness=PACK,s=64,h=2,partial=256,quotient=256,src=canonical,dA=512,sec=Linf;prefix=PACK,s=64,h=2,partial=256,quotient=256,src=canonical,dA=512,sec=Linf]/L2[chunks=1@0,rel=reduced-evaluation,qrm=15360,cqrm=3072,eor=752,in=6527488,out=980992;witness=ET,s=-,h=-,partial=-,quotient=-,src=tensor-k4,dA=128,sec=Linf]/L3[chunks=1@0,rel=reduced-evaluation,qrm=15360,cqrm=3072,eor=656,in=980992,out=390144;witness=ET,s=-,h=-,partial=-,quotient=-,src=tensor-k4,dA=128,sec=Linf]/L4[chunks=1@0,rel=reduced-evaluation,qrm=12288,cqrm=0,eor=624,in=390144,out=196608;witness=ET,s=-,h=-,partial=-,quotient=-,src=tensor-k4,dA=128,sec=L2]/L5[chunks=1@0,rel=reduced-evaluation,qrm=11648,cqrm=0,eor=592,in=196608,out=113920;witness=ET,s=-,h=-,partial=-,quotient=-,src=tensor-k4,dA=128,sec=Linf]/T[method=ET,src=tensor-k4,eor=560,input=113920,dA=128,sec=L2]
fp32_onehot	changed	final=14:1;precommitted=	235fdc37cb4e83e243a17cafde8597967ef2316443a2656dee73a57dc55cac8e	235fdc37cb4e83e243a17cafde8597967ef2316443a2656dee73a57dc55cac8e	98304	114688	16384	16384	39095	45879	2	2	240d2d0d3652e3b671a564694ca4b71ec6e5f52fa545441e82559921c1df4635	47ee93c512105edf4ff6fd771d4e9787291945d337b259716acd1f7db64a53ec	cutover=none;L0[chunks=1@0,rel=quotient,qrm=0,cqrm=0,eor=0,in=16384,out=67456;witness=PACK,s=128,h=1,partial=512,quotient=512,src=canonical,dA=512,sec=Linf]/T[method=ET,src=tensor-k4,eor=560,input=67456,dA=128,sec=Linf]	cutover=none;L0[chunks=1@0,rel=quotient,qrm=0,cqrm=0,eor=0,in=16384,out=87552;witness=PACK,s=64,h=4,partial=256,quotient=256,src=canonical,dA=1024,sec=Linf]/T[method=ET,src=tensor-k4,eor=560,input=87552,dA=128,sec=Linf]
fp32_onehot	changed	final=16:1;precommitted=	619d5acd56307a5aff5911635e36969a167028482b33cc55f9f90598a55554be	619d5acd56307a5aff5911635e36969a167028482b33cc55f9f90598a55554be	212992	229376	16384	16384	55629	60365	2	2	def16abf4244f3514cef58b65b4129af23c48a728c32ea31135f9ad9aee7c054	1aca339c8777b6728f28e4536068cfffc69d0d6c7580dbf4cd53e7645d6815cf	cutover=none;L0[chunks=1@0,rel=quotient,qrm=0,cqrm=0,eor=0,in=65536,out=136896;witness=PACK,s=64,h=4,partial=256,quotient=256,src=canonical,dA=1024,sec=Linf]/T[method=ET,src=tensor-k4,eor=592,input=136896,dA=64,sec=Linf]	cutover=none;L0[chunks=1@0,rel=quotient,qrm=0,cqrm=0,eor=0,in=65536,out=143104;witness=PACK,s=64,h=4,partial=256,quotient=256,src=canonical,dA=1024,sec=Linf]/T[method=ET,src=tensor-k4,eor=592,input=143104,dA=128,sec=Linf]
fp32_onehot	changed	final=16:2;precommitted=	1d3119b577401489425a46a52a8368829ffee0287db544156fcb790c4c1190e1	1d3119b577401489425a46a52a8368829ffee0287db544156fcb790c4c1190e1	131072	229376	32768	32768	56284	64463	5	2	fb75678102bb2c2eb52d6f2889d3d921ce19bb6c7eab2035b7e29d4fc6a45449	a0652c632ddb6615c51ed87ac56e91df85215a1a84cf4e733763042e5e7c083c	cutover=L2;L0[chunks=1@0,rel=quotient,qrm=0,cqrm=0,eor=0,in=65536,out=158656;witness=PACK,s=64,h=4,partial=256,quotient=256,src=canonical,dA=1024,sec=Linf]/L1[chunks=1@0,rel=quotient,qrm=0,cqrm=0,eor=0,in=158656,out=144704;witness=PACK,s=64,h=1,partial=256,quotient=256,src=canonical,dA=256,sec=Linf]/L2[chunks=1@0,rel=reduced-evaluation,qrm=9984,cqrm=0,eor=592,in=144704,out=94976;witness=ET,s=-,h=-,partial=-,quotient=-,src=tensor-k4,dA=128,sec=Linf]/L3[chunks=1@0,rel=reduced-evaluation,qrm=8448,cqrm=0,eor=560,in=94976,out=65024;witness=ET,s=-,h=-,partial=-,quotient=-,src=tensor-k4,dA=128,sec=L2]/T[method=ET,src=tensor-k4,eor=528,input=65024,dA=128,sec=L2]	cutover=none;L0[chunks=1@0,rel=quotient,qrm=0,cqrm=0,eor=0,in=65536,out=175872;witness=PACK,s=64,h=4,partial=256,quotient=256,src=canonical,dA=1024,sec=Linf]/T[method=ET,src=tensor-k4,eor=592,input=175872,dA=128,sec=Linf]
fp32_onehot	changed	final=20:1;precommitted=	7e615f063166da9e18d6e9eacc305f7128e85099f64b8b48278e935e02e876fe	7e615f063166da9e18d6e9eacc305f7128e85099f64b8b48278e935e02e876fe	262144	524288	65536	65536	59232	68915	5	6	8617615543d5e86dffaac2dac9264b9e1b5a857e481fb81358cdf388b42f9a40	69e7246f655187b814795d765e5dfae5ac7eb1417a13ad09938a69a3551cf605	cutover=L2;L0[chunks=1@0,rel=quotient,qrm=0,cqrm=0,eor=0,in=1048576,out=491712;witness=PACK,s=64,h=4,partial=256,quotient=256,src=canonical,dA=1024,sec=Linf]/L1[chunks=1@0,rel=quotient,qrm=0,cqrm=0,eor=0,in=491712,out=253312;witness=PACK,s=128,h=2,partial=512,quotient=512,src=canonical,dA=1024,sec=Linf]/L2[chunks=1@0,rel=reduced-evaluation,qrm=9984,cqrm=1152,eor=592,in=253312,out=141312;witness=ET,s=-,h=-,partial=-,quotient=-,src=tensor-k4,dA=128,sec=Linf]/L3[chunks=1@0,rel=reduced-evaluation,qrm=8448,cqrm=0,eor=592,in=141312,out=81152;witness=ET,s=-,h=-,partial=-,quotient=-,src=tensor-k4,dA=128,sec=L2]/T[method=ET,src=tensor-k4,eor=560,input=81152,dA=128,sec=L2]	cutover=L2;L0[chunks=1@0,rel=quotient,qrm=0,cqrm=0,eor=0,in=1048576,out=503424;witness=PACK,s=64,h=4,partial=256,quotient=256,src=canonical,dA=1024,sec=Linf]/L1[chunks=1@0,rel=quotient,qrm=0,cqrm=0,eor=0,in=503424,out=383104;witness=PACK,s=128,h=2,partial=512,quotient=512,src=canonical,dA=1024,sec=Linf]/L2[chunks=1@0,rel=reduced-evaluation,qrm=16896,cqrm=4224,eor=624,in=383104,out=293120;witness=ET,s=-,h=-,partial=-,quotient=-,src=tensor-k4,dA=128,sec=Linf]/L3[chunks=1@0,rel=reduced-evaluation,qrm=15488,cqrm=4224,eor=624,in=293120,out=220160;witness=ET,s=-,h=-,partial=-,quotient=-,src=tensor-k4,dA=128,sec=Linf]/L4[chunks=1@0,rel=reduced-evaluation,qrm=9856,cqrm=0,eor=592,in=220160,out=109440;witness=ET,s=-,h=-,partial=-,quotient=-,src=tensor-k4,dA=128,sec=L2]/T[method=ET,src=tensor-k4,eor=560,input=109440,dA=128,sec=L2]
fp32_onehot	changed	final=20:1;precommitted=14:1	474c6a482ed91153fd6eef1fdf41a919979a4d028621bf34593eae5868f8cf66	7ec38a4dfd9004990b8cc0ead2652f3ddf8a9f2525ff9b8630bba57c112c8232	262144	524288	65536	65536	59350	69257	5	6	43ad9444df6fe4afdd629cdcce145cca7f6b6f68d152381865327e24083a4d9b	1b793aca4f1d7d4f1e4109fceacc76bd9857e088983df7ea76add5bcca541a2e	cutover=L2;L0[chunks=1@0,rel=quotient,qrm=0,cqrm=0,eor=0,in=1048576,out=550912;witness=PACK,s=64,h=4,partial=256,quotient=256,src=canonical,dA=1024,sec=Linf;pre0=PACK,s=128,h=1,partial=512,quotient=512,src=canonical,dA=512,sec=Linf]/L1[chunks=1@0,rel=quotient,qrm=0,cqrm=0,eor=0,in=550912,out=246080;witness=PACK,s=64,h=4,partial=256,quotient=256,src=canonical,dA=1024,sec=Linf]/L2[chunks=1@0,rel=reduced-evaluation,qrm=9984,cqrm=1152,eor=592,in=246080,out=141312;witness=ET,s=-,h=-,partial=-,quotient=-,src=tensor-k4,dA=128,sec=Linf]/L3[chunks=1@0,rel=reduced-evaluation,qrm=8448,cqrm=0,eor=592,in=141312,out=81152;witness=ET,s=-,h=-,partial=-,quotient=-,src=tensor-k4,dA=128,sec=L2]/T[method=ET,src=tensor-k4,eor=560,input=81152,dA=128,sec=L2]	cutover=L2;L0[chunks=1@0,rel=quotient,qrm=0,cqrm=0,eor=0,in=1048576,out=579584;witness=PACK,s=64,h=4,partial=256,quotient=256,src=canonical,dA=1024,sec=Linf;pre0=PACK,s=64,h=4,partial=256,quotient=256,src=canonical,dA=1024,sec=Linf]/L1[chunks=1@0,rel=quotient,qrm=0,cqrm=0,eor=0,in=579584,out=411008;witness=PACK,s=128,h=2,partial=512,quotient=512,src=canonical,dA=1024,sec=Linf]/L2[chunks=1@0,rel=reduced-evaluation,qrm=16896,cqrm=4224,eor=624,in=411008,out=305792;witness=ET,s=-,h=-,partial=-,quotient=-,src=tensor-k4,dA=128,sec=Linf]/L3[chunks=1@0,rel=reduced-evaluation,qrm=9856,cqrm=0,eor=624,in=305792,out=128256;witness=ET,s=-,h=-,partial=-,quotient=-,src=tensor-k4,dA=128,sec=L2]/L4[chunks=1@0,rel=reduced-evaluation,qrm=9984,cqrm=0,eor=560,in=128256,out=81920;witness=ET,s=-,h=-,partial=-,quotient=-,src=tensor-k4,dA=128,sec=L2]/T[method=ET,src=tensor-k4,eor=560,input=81920,dA=128,sec=L2]
fp32_onehot	changed	final=28:1;precommitted=	a46de3bb37f42fa48a71b95f2322aad4c4e9c8626b40c631cd6537cb251072a1	a46de3bb37f42fa48a71b95f2322aad4c4e9c8626b40c631cd6537cb251072a1	1048576	1048576	1048576	1048576	64103	75548	6	7	711f2e423ed56cc5459cbe0916b6dc0b09ce1f37a82b59936a8313fd7a217e1d	562c814b59f67934418d3ba4e6b5f701d7390d9cbb48d4baad724c26fb0efd01	cutover=L2;L0[chunks=1@0,rel=quotient,qrm=0,cqrm=0,eor=0,in=268435456,out=6825536;witness=PACK,s=64,h=4,partial=256,quotient=256,src=canonical,dA=1024,sec=Linf]/L1[chunks=1@0,rel=quotient,qrm=0,cqrm=0,eor=0,in=6825536,out=1475968;witness=PACK,s=128,h=1,partial=512,quotient=512,src=canonical,dA=512,sec=Linf]/L2[chunks=1@0,rel=reduced-evaluation,qrm=10752,cqrm=1344,eor=688,in=1475968,out=316416;witness=ET,s=-,h=-,partial=-,quotient=-,src=tensor-k4,dA=128,sec=Linf]/L3[chunks=1@0,rel=reduced-evaluation,qrm=8448,cqrm=1152,eor=624,in=316416,out=139776;witness=ET,s=-,h=-,partial=-,quotient=-,src=tensor-k4,dA=128,sec=L2]/L4[chunks=1@0,rel=reduced-evaluation,qrm=8448,cqrm=0,eor=592,in=139776,out=81152;witness=ET,s=-,h=-,partial=-,quotient=-,src=tensor-k4,dA=128,sec=L2]/T[method=ET,src=tensor-k4,eor=560,input=81152,dA=128,sec=L2]	cutover=L2;L0[chunks=1@0,rel=quotient,qrm=0,cqrm=0,eor=0,in=268435456,out=10819200;witness=PACK,s=64,h=8,partial=256,quotient=256,src=canonical,dA=2048,sec=Linf]/L1[chunks=1@0,rel=quotient,qrm=0,cqrm=0,eor=0,in=10819200,out=1522688;witness=PACK,s=128,h=1,partial=512,quotient=512,src=canonical,dA=512,sec=Linf]/L2[chunks=1@0,rel=reduced-evaluation,qrm=15360,cqrm=3072,eor=688,in=1522688,out=491520;witness=ET,s=-,h=-,partial=-,quotient=-,src=tensor-k4,dA=128,sec=Linf]/L3[chunks=1@0,rel=reduced-evaluation,qrm=15360,cqrm=3072,eor=624,in=491520,out=291840;witness=ET,s=-,h=-,partial=-,quotient=-,src=tensor-k4,dA=128,sec=Linf]/L4[chunks=1@0,rel=reduced-evaluation,qrm=10752,cqrm=0,eor=624,in=291840,out=130048;witness=ET,s=-,h=-,partial=-,quotient=-,src=tensor-k4,dA=128,sec=L2]/L5[chunks=1@0,rel=reduced-evaluation,qrm=9984,cqrm=0,eor=560,in=130048,out=81920;witness=ET,s=-,h=-,partial=-,quotient=-,src=tensor-k4,dA=128,sec=L2]/T[method=ET,src=tensor-k4,eor=560,input=81920,dA=128,sec=L2]
fp32_onehot	changed	final=30:1;precommitted=	0661c6ea7796b195873f4f0afc34e1f8ab8b773648907a24b0f5110247bb10d2	0661c6ea7796b195873f4f0afc34e1f8ab8b773648907a24b0f5110247bb10d2	2097152	2097152	2097152	2097152	66644	76862	7	7	d5e2d7797d87cb6197c475bd9e3c15ed23a47c6d4868d155083e9902d67bf1a1	b34da254edf34da244eab66a816b50951224aebb58141224b7704f2313542f01	cutover=L2;L0[chunks=1@0,rel=quotient,qrm=0,cqrm=0,eor=0,in=1073741824,out=21495360;witness=PACK,s=64,h=8,partial=256,quotient=256,src=canonical,dA=2048,sec=Linf]/L1[chunks=1@0,rel=quotient,qrm=0,cqrm=0,eor=0,in=21495360,out=1832448;witness=PACK,s=64,h=1,partial=256,quotient=256,src=canonical,dA=256,sec=Linf]/L2[chunks=1@0,rel=reduced-evaluation,qrm=13312,cqrm=1536,eor=688,in=1832448,out=475136;witness=ET,s=-,h=-,partial=-,quotient=-,src=tensor-k4,dA=128,sec=Linf]/L3[chunks=1@0,rel=reduced-evaluation,qrm=13312,cqrm=1536,eor=624,in=475136,out=257024;witness=ET,s=-,h=-,partial=-,quotient=-,src=tensor-k4,dA=128,sec=Linf]/L4[chunks=1@0,rel=reduced-evaluation,qrm=10752,cqrm=1344,eor=592,in=257024,out=143360;witness=ET,s=-,h=-,partial=-,quotient=-,src=tensor-k4,dA=128,sec=Linf]/L5[chunks=1@0,rel=reduced-evaluation,qrm=8448,cqrm=0,eor=592,in=143360,out=81152;witness=ET,s=-,h=-,partial=-,quotient=-,src=tensor-k4,dA=128,sec=L2]/T[method=ET,src=tensor-k4,eor=560,input=81152,dA=128,sec=L2]	cutover=L2;L0[chunks=1@0,rel=quotient,qrm=0,cqrm=0,eor=0,in=1073741824,out=21501568;witness=PACK,s=64,h=8,partial=256,quotient=256,src=canonical,dA=2048,sec=Linf]/L1[chunks=1@0,rel=quotient,qrm=0,cqrm=0,eor=0,in=21501568,out=3288960;witness=PACK,s=64,h=8,partial=256,quotient=256,src=canonical,dA=2048,sec=Linf]/L2[chunks=1@0,rel=reduced-evaluation,qrm=15360,cqrm=3072,eor=720,in=3288960,out=710656;witness=ET,s=-,h=-,partial=-,quotient=-,src=tensor-k4,dA=128,sec=Linf]/L3[chunks=1@0,rel=reduced-evaluation,qrm=11648,cqrm=2688,eor=656,in=710656,out=244352;witness=ET,s=-,h=-,partial=-,quotient=-,src=tensor-k4,dA=128,sec=Linf]/L4[chunks=1@0,rel=reduced-evaluation,qrm=9984,cqrm=0,eor=592,in=244352,out=114688;witness=ET,s=-,h=-,partial=-,quotient=-,src=tensor-k4,dA=128,sec=L2]/L5[chunks=1@0,rel=reduced-evaluation,qrm=10752,cqrm=0,eor=560,in=114688,out=81152;witness=ET,s=-,h=-,partial=-,quotient=-,src=tensor-k4,dA=128,sec=L2]/T[method=ET,src=tensor-k4,eor=560,input=81152,dA=128,sec=L2]
fp32_onehot	changed	final=34:1;precommitted=	66a207dd2ca7efff383d2cbfb09722aa71c0b3e44ba990a146833ebba9496679	66a207dd2ca7efff383d2cbfb09722aa71c0b3e44ba990a146833ebba9496679	8388608	16777216	8388608	16777216	67950	77876	7	7	d84fea803dd379748165d5c9dbbc3cbdc64ce2b19f7edd442f5598937eb639a9	943752349d0799ebf80cc9dcf304e650aebfd972501940b2b2df33c4c8308c6d	cutover=L2;L0[chunks=1@0,rel=quotient,qrm=0,cqrm=0,eor=0,in=17179869184,out=85589568;witness=PACK,s=64,h=8,partial=256,quotient=256,src=canonical,dA=2048,sec=Linf]/L1[chunks=1@0,rel=quotient,qrm=0,cqrm=0,eor=0,in=85589568,out=4913216;witness=PACK,s=64,h=1,partial=256,quotient=256,src=canonical,dA=256,sec=Linf]/L2[chunks=1@0,rel=reduced-evaluation,qrm=16896,cqrm=2112,eor=752,in=4913216,out=1022208;witness=ET,s=-,h=-,partial=-,quotient=-,src=tensor-k4,dA=128,sec=Linf]/L3[chunks=1@0,rel=reduced-evaluation,qrm=9984,cqrm=1152,eor=656,in=1022208,out=262144;witness=ET,s=-,h=-,partial=-,quotient=-,src=tensor-k4,dA=128,sec=Linf]/L4[chunks=1@0,rel=reduced-evaluation,qrm=9984,cqrm=1152,eor=592,in=262144,out=141312;witness=ET,s=-,h=-,partial=-,quotient=-,src=tensor-k4,dA=128,sec=Linf]/L5[chunks=1@0,rel=reduced-evaluation,qrm=8448,cqrm=0,eor=592,in=141312,out=81152;witness=ET,s=-,h=-,partial=-,quotient=-,src=tensor-k4,dA=128,sec=L2]/T[method=ET,src=tensor-k4,eor=560,input=81152,dA=128,sec=L2]	cutover=L2;L0[chunks=1@0,rel=quotient,qrm=0,cqrm=0,eor=0,in=17179869184,out=93197952;witness=PACK,s=64,h=8,partial=256,quotient=256,src=canonical,dA=2048,sec=Linf]/L1[chunks=1@0,rel=quotient,qrm=0,cqrm=0,eor=0,in=93197952,out=4191232;witness=PACK,s=64,h=1,partial=256,quotient=256,src=canonical,dA=256,sec=Linf]/L2[chunks=1@0,rel=reduced-evaluation,qrm=15360,cqrm=3072,eor=720,in=4191232,out=778240;witness=ET,s=-,h=-,partial=-,quotient=-,src=tensor-k4,dA=128,sec=Linf]/L3[chunks=1@0,rel=reduced-evaluation,qrm=11648,cqrm=2688,eor=656,in=778240,out=252416;witness=ET,s=-,h=-,partial=-,quotient=-,src=tensor-k4,dA=128,sec=Linf]/L4[chunks=1@0,rel=reduced-evaluation,qrm=9984,cqrm=0,eor=592,in=252416,out=114688;witness=ET,s=-,h=-,partial=-,quotient=-,src=tensor-k4,dA=128,sec=L2]/L5[chunks=1@0,rel=reduced-evaluation,qrm=10752,cqrm=0,eor=560,in=114688,out=81152;witness=ET,s=-,h=-,partial=-,quotient=-,src=tensor-k4,dA=128,sec=L2]/T[method=ET,src=tensor-k4,eor=560,input=81152,dA=128,sec=L2]
fp64_dense	changed	final=14:1;precommitted=	235fdc37cb4e83e243a17cafde8597967ef2316443a2656dee73a57dc55cac8e	235fdc37cb4e83e243a17cafde8597967ef2316443a2656dee73a57dc55cac8e	131072	262144	32768	32768	61050	71047	5	5	deec1e7e5788735a6ddd2ac3b19f3c603a07cca6f4768fcbcf5996323c92dc50	4630f45345989a64d2f94f33ff4ff0afeee04d034394377c60e88b1ab46d6f0f	cutover=L2;L0[chunks=1@0,rel=quotient,qrm=0,cqrm=0,eor=0,in=16384,out=319040;witness=PACK,s=64,h=4,partial=128,quotient=128,src=canonical,dA=512,sec=Linf]/L1[chunks=1@0,rel=quotient,qrm=0,cqrm=0,eor=0,in=319040,out=192000;witness=PACK,s=64,h=2,partial=128,quotient=128,src=canonical,dA=256,sec=Linf]/L2[chunks=1@0,rel=reduced-evaluation,qrm=9856,cqrm=1056,eor=592,in=192000,out=128256;witness=ET,s=-,h=-,partial=-,quotient=-,src=tensor-k2,dA=128,sec=Linf]/L3[chunks=1@0,rel=reduced-evaluation,qrm=8448,cqrm=0,eor=560,in=128256,out=77824;witness=ET,s=-,h=-,partial=-,quotient=-,src=tensor-k2,dA=128,sec=L2]/T[method=ET,src=tensor-k2,eor=560,input=77824,dA=128,sec=L2]	cutover=L2;L0[chunks=1@0,rel=quotient,qrm=0,cqrm=0,eor=0,in=16384,out=366720;witness=PACK,s=128,h=4,partial=256,quotient=256,src=canonical,dA=1024,sec=Linf]/L1[chunks=1@0,rel=quotient,qrm=0,cqrm=0,eor=0,in=366720,out=360320;witness=PACK,s=128,h=2,partial=256,quotient=256,src=canonical,dA=512,sec=Linf]/L2[chunks=1@0,rel=reduced-evaluation,qrm=11648,cqrm=0,eor=624,in=360320,out=157056;witness=ET,s=-,h=-,partial=-,quotient=-,src=tensor-k2,dA=128,sec=Linf]/L3[chunks=1@0,rel=reduced-evaluation,qrm=9152,cqrm=0,eor=592,in=157056,out=97216;witness=ET,s=-,h=-,partial=-,quotient=-,src=tensor-k2,dA=64,sec=L2]/T[method=ET,src=tensor-k2,eor=560,input=97216,dA=64,sec=L2]
fp64_dense	changed	final=16:1;precommitted=	619d5acd56307a5aff5911635e36969a167028482b33cc55f9f90598a55554be	619d5acd56307a5aff5911635e36969a167028482b33cc55f9f90598a55554be	131072	262144	65536	65536	62956	72873	5	6	a8d4cba14ce29ec3b9118868b4425e45951bc0beec99b29813845302f330f5b0	989cb44fcc137ac411ab2b041a821e527ea6ff6145705b2f401d187157f64c04	cutover=L2;L0[chunks=1@0,rel=quotient,qrm=0,cqrm=0,eor=0,in=65536,out=576064;witness=PACK,s=64,h=8,partial=128,quotient=128,src=canonical,dA=1024,sec=Linf]/L1[chunks=1@0,rel=quotient,qrm=0,cqrm=0,eor=0,in=576064,out=256000;witness=PACK,s=128,h=2,partial=256,quotient=256,src=canonical,dA=512,sec=Linf]/L2[chunks=1@0,rel=reduced-evaluation,qrm=9856,cqrm=0,eor=592,in=256000,out=121856;witness=ET,s=-,h=-,partial=-,quotient=-,src=tensor-k2,dA=128,sec=Linf]/L3[chunks=1@0,rel=reduced-evaluation,qrm=8448,cqrm=0,eor=560,in=121856,out=77824;witness=ET,s=-,h=-,partial=-,quotient=-,src=tensor-k2,dA=128,sec=L2]/T[method=ET,src=tensor-k2,eor=560,input=77824,dA=128,sec=L2]	cutover=L2;L0[chunks=1@0,rel=quotient,qrm=0,cqrm=0,eor=0,in=65536,out=615808;witness=PACK,s=128,h=4,partial=256,quotient=256,src=canonical,dA=1024,sec=Linf]/L1[chunks=1@0,rel=quotient,qrm=0,cqrm=0,eor=0,in=615808,out=478848;witness=PACK,s=256,h=1,partial=512,quotient=512,src=canonical,dA=512,sec=Linf]/L2[chunks=1@0,rel=reduced-evaluation,qrm=11648,cqrm=2496,eor=624,in=478848,out=214912;witness=ET,s=-,h=-,partial=-,quotient=-,src=tensor-k2,dA=128,sec=Linf]/L3[chunks=1@0,rel=reduced-evaluation,qrm=9856,cqrm=0,eor=592,in=214912,out=109888;witness=ET,s=-,h=-,partial=-,quotient=-,src=tensor-k2,dA=64,sec=L2]/L4[chunks=1@0,rel=reduced-evaluation,qrm=9856,cqrm=0,eor=560,in=109888,out=77120;witness=ET,s=-,h=-,partial=-,quotient=-,src=tensor-k2,dA=64,sec=L2]/T[method=ET,src=tensor-k2,eor=560,input=77120,dA=64,sec=L2]
fp64_dense	changed	final=20:1;precommitted=	7e615f063166da9e18d6e9eacc305f7128e85099f64b8b48278e935e02e876fe	7e615f063166da9e18d6e9eacc305f7128e85099f64b8b48278e935e02e876fe	262144	327680	262144	262144	65737	75503	6	6	1c40b4f059e8b3d734c6af7cdc347bdf980f76d06093b9fcb8629ed9a4c9c516	6cde6ea018510e2ccf46522fcba1149b9c5550353cbaecd89eb6735a94533dcc	cutover=L2;L0[chunks=1@0,rel=quotient,qrm=0,cqrm=0,eor=0,in=1048576,out=2137472;witness=PACK,s=128,h=4,partial=256,quotient=256,src=canonical,dA=1024,sec=Linf]/L1[chunks=1@0,rel=quotient,qrm=0,cqrm=0,eor=0,in=2137472,out=650752;witness=PACK,s=128,h=2,partial=256,quotient=256,src=canonical,dA=512,sec=Linf]/L2[chunks=1@0,rel=reduced-evaluation,qrm=11648,cqrm=1248,eor=656,in=650752,out=234752;witness=ET,s=-,h=-,partial=-,quotient=-,src=tensor-k2,dA=128,sec=Linf]/L3[chunks=1@0,rel=reduced-evaluation,qrm=8448,cqrm=1056,eor=592,in=234752,out=131072;witness=ET,s=-,h=-,partial=-,quotient=-,src=tensor-k2,dA=128,sec=L2]/L4[chunks=1@0,rel=reduced-evaluation,qrm=8448,cqrm=0,eor=560,in=131072,out=77824;witness=ET,s=-,h=-,partial=-,quotient=-,src=tensor-k2,dA=128,sec=L2]/T[method=ET,src=tensor-k2,eor=560,input=77824,dA=128,sec=L2]	cutover=L2;L0[chunks=1@0,rel=quotient,qrm=0,cqrm=0,eor=0,in=1048576,out=2372992;witness=PACK,s=128,h=4,partial=256,quotient=256,src=canonical,dA=1024,sec=Linf]/L1[chunks=1@0,rel=quotient,qrm=0,cqrm=0,eor=0,in=2372992,out=705536;witness=PACK,s=64,h=1,partial=128,quotient=128,src=canonical,dA=128,sec=Linf]/L2[chunks=1@0,rel=reduced-evaluation,qrm=11648,cqrm=0,eor=656,in=705536,out=222592;witness=ET,s=-,h=-,partial=-,quotient=-,src=tensor-k2,dA=128,sec=Linf]/L3[chunks=1@0,rel=reduced-evaluation,qrm=9856,cqrm=0,eor=592,in=222592,out=109888;witness=ET,s=-,h=-,partial=-,quotient=-,src=tensor-k2,dA=64,sec=L2]/L4[chunks=1@0,rel=reduced-evaluation,qrm=9856,cqrm=0,eor=560,in=109888,out=77120;witness=ET,s=-,h=-,partial=-,quotient=-,src=tensor-k2,dA=64,sec=L2]/T[method=ET,src=tensor-k2,eor=560,input=77120,dA=64,sec=L2]
fp64_dense	changed	final=20:1;precommitted=16:1	3c5ba7256078ff330e2aca0d9e34b1358d1ea63a3d988e70c41608492806b46d	e8303d90d05eeb84a45ea5462698e3bc2118c0419ea438f8fcfd10cb376a4d43	327680	786432	262144	262144	65739	76287	6	6	212069ca27f700d1e7d61a2e7d3b163e829bae2a8ee23bb5053389bf55f7ac02	c58b6ab179511832ae36a7caf0872512c26ea31e522dee0cce437eb2b3b482e9	cutover=L2;L0[chunks=1@0,rel=quotient,qrm=0,cqrm=0,eor=0,in=1048576,out=2724864;witness=PACK,s=128,h=4,partial=256,quotient=256,src=canonical,dA=1024,sec=Linf;pre0=PACK,s=128,h=4,partial=256,quotient=256,src=canonical,dA=1024,sec=Linf]/L1[chunks=1@0,rel=quotient,qrm=0,cqrm=0,eor=0,in=2724864,out=761344;witness=PACK,s=64,h=1,partial=128,quotient=128,src=canonical,dA=128,sec=Linf]/L2[chunks=1@0,rel=reduced-evaluation,qrm=11648,cqrm=1248,eor=656,in=761344,out=251392;witness=ET,s=-,h=-,partial=-,quotient=-,src=tensor-k2,dA=128,sec=Linf]/L3[chunks=1@0,rel=reduced-evaluation,qrm=8448,cqrm=1056,eor=592,in=251392,out=131072;witness=ET,s=-,h=-,partial=-,quotient=-,src=tensor-k2,dA=128,sec=L2]/L4[chunks=1@0,rel=reduced-evaluation,qrm=8448,cqrm=0,eor=560,in=131072,out=77824;witness=ET,s=-,h=-,partial=-,quotient=-,src=tensor-k2,dA=128,sec=L2]/T[method=ET,src=tensor-k2,eor=560,input=77824,dA=128,sec=L2]	cutover=L2;L0[chunks=1@0,rel=quotient,qrm=0,cqrm=0,eor=0,in=1048576,out=2971648;witness=PACK,s=128,h=4,partial=256,quotient=256,src=canonical,dA=1024,sec=Linf;pre0=PACK,s=128,h=4,partial=256,quotient=256,src=canonical,dA=1024,sec=Linf]/L1[chunks=1@0,rel=quotient,qrm=0,cqrm=0,eor=0,in=2971648,out=769024;witness=PACK,s=64,h=1,partial=128,quotient=128,src=canonical,dA=128,sec=Linf]/L2[chunks=1@0,rel=reduced-evaluation,qrm=11648,cqrm=2496,eor=656,in=769024,out=255488;witness=ET,s=-,h=-,partial=-,quotient=-,src=tensor-k2,dA=128,sec=Linf]/L3[chunks=1@0,rel=reduced-evaluation,qrm=9856,cqrm=2112,eor=592,in=255488,out=144896;witness=ET,s=-,h=-,partial=-,quotient=-,src=tensor-k2,dA=64,sec=L2]/L4[chunks=1@0,rel=reduced-evaluation,qrm=9152,cqrm=0,eor=592,in=144896,out=97216;witness=ET,s=-,h=-,partial=-,quotient=-,src=tensor-k2,dA=64,sec=L2]/T[method=ET,src=tensor-k2,eor=560,input=97216,dA=64,sec=L2]
fp64_dense	changed	final=26:1;precommitted=	c93e949f727a2db762f7dbfe2fcdcdc29cf0a3b5fd10f76b3019de436810bc9b	c93e949f727a2db762f7dbfe2fcdcdc29cf0a3b5fd10f76b3019de436810bc9b	1572864	1441792	2097152	2097152	68988	79724	7	7	e45de409d4c5d3c1fe47388961787a84f0d16666e4902048275f59bdb123f1a6	6272808c57c384dc7e156ddf99f46786f3756226507ad858230fb5e87528de2d	cutover=L2;L0[chunks=1@0,rel=quotient,qrm=0,cqrm=0,eor=0,in=67108864,out=18363520;witness=PACK,s=128,h=4,partial=256,quotient=256,src=canonical,dA=1024,sec=Linf]/L1[chunks=1@0,rel=quotient,qrm=0,cqrm=0,eor=0,in=18363520,out=2721024;witness=PACK,s=256,h=1,partial=512,quotient=512,src=canonical,dA=512,sec=Linf]/L2[chunks=1@0,rel=reduced-evaluation,qrm=19712,cqrm=2112,eor=720,in=2721024,out=840448;witness=ET,s=-,h=-,partial=-,quotient=-,src=tensor-k2,dA=128,sec=Linf]/L3[chunks=1@0,rel=reduced-evaluation,qrm=11648,cqrm=1248,eor=656,in=840448,out=259712;witness=ET,s=-,h=-,partial=-,quotient=-,src=tensor-k2,dA=128,sec=Linf]/L4[chunks=1@0,rel=reduced-evaluation,qrm=8448,cqrm=1056,eor=592,in=259712,out=131072;witness=ET,s=-,h=-,partial=-,quotient=-,src=tensor-k2,dA=128,sec=L2]/L5[chunks=1@0,rel=reduced-evaluation,qrm=8448,cqrm=0,eor=560,in=131072,out=77824;witness=ET,s=-,h=-,partial=-,quotient=-,src=tensor-k2,dA=128,sec=L2]/T[method=ET,src=tensor-k2,eor=560,input=77824,dA=128,sec=L2]	cutover=L2;L0[chunks=1@0,rel=quotient,qrm=0,cqrm=0,eor=0,in=67108864,out=21851776;witness=PACK,s=64,h=16,partial=128,quotient=128,src=canonical,dA=2048,sec=Linf]/L1[chunks=1@0,rel=quotient,qrm=0,cqrm=0,eor=0,in=21851776,out=3008896;witness=PACK,s=128,h=1,partial=256,quotient=256,src=canonical,dA=256,sec=Linf]/L2[chunks=1@0,rel=reduced-evaluation,qrm=16384,cqrm=3072,eor=720,in=3008896,out=700416;witness=ET,s=-,h=-,partial=-,quotient=-,src=tensor-k2,dA=128,sec=Linf]/L3[chunks=1@0,rel=reduced-evaluation,qrm=11648,cqrm=0,eor=656,in=700416,out=222592;witness=ET,s=-,h=-,partial=-,quotient=-,src=tensor-k2,dA=128,sec=Linf]/L4[chunks=1@0,rel=reduced-evaluation,qrm=9856,cqrm=0,eor=592,in=222592,out=109888;witness=ET,s=-,h=-,partial=-,quotient=-,src=tensor-k2,dA=64,sec=L2]/L5[chunks=1@0,rel=reduced-evaluation,qrm=9856,cqrm=0,eor=560,in=109888,out=77120;witness=ET,s=-,h=-,partial=-,quotient=-,src=tensor-k2,dA=64,sec=L2]/T[method=ET,src=tensor-k2,eor=560,input=77120,dA=64,sec=L2]
fp64_dense	changed	final=28:1;precommitted=	a46de3bb37f42fa48a71b95f2322aad4c4e9c8626b40c631cd6537cb251072a1	a46de3bb37f42fa48a71b95f2322aad4c4e9c8626b40c631cd6537cb251072a1	4194304	2883584	4194304	4194304	69428	80622	7	7	d6055fafb5e70b743a2ef9cc232c90a0bc0ae9ebe623ac4b0f25cee3fa71d2bc	75d3e5015eca60ecc74c4ff364e8dbbaa4ac52d3d929297a8ac483f6116cf1cb	cutover=L2;L0[chunks=1@0,rel=quotient,qrm=0,cqrm=0,eor=0,in=268435456,out=39673216;witness=PACK,s=128,h=4,partial=256,quotient=256,src=canonical,dA=1024,sec=Linf]/L1[chunks=1@0,rel=quotient,qrm=0,cqrm=0,eor=0,in=39673216,out=4109888;witness=PACK,s=64,h=8,partial=128,quotient=128,src=canonical,dA=1024,sec=Linf]/L2[chunks=1@0,rel=reduced-evaluation,qrm=19712,cqrm=2112,eor=720,in=4109888,out=995328;witness=ET,s=-,h=-,partial=-,quotient=-,src=tensor-k2,dA=128,sec=Linf]/L3[chunks=1@0,rel=reduced-evaluation,qrm=9984,cqrm=1248,eor=656,in=995328,out=258048;witness=ET,s=-,h=-,partial=-,quotient=-,src=tensor-k2,dA=128,sec=L2]/L4[chunks=1@0,rel=reduced-evaluation,qrm=8448,cqrm=1056,eor=592,in=258048,out=131072;witness=ET,s=-,h=-,partial=-,quotient=-,src=tensor-k2,dA=128,sec=L2]/L5[chunks=1@0,rel=reduced-evaluation,qrm=8448,cqrm=0,eor=560,in=131072,out=77824;witness=ET,s=-,h=-,partial=-,quotient=-,src=tensor-k2,dA=128,sec=L2]/T[method=ET,src=tensor-k2,eor=560,input=77824,dA=128,sec=L2]	cutover=L2;L0[chunks=1@0,rel=quotient,qrm=0,cqrm=0,eor=0,in=268435456,out=43544192;witness=PACK,s=64,h=16,partial=128,quotient=128,src=canonical,dA=2048,sec=Linf]/L1[chunks=1@0,rel=quotient,qrm=0,cqrm=0,eor=0,in=43544192,out=3007488;witness=PACK,s=128,h=1,partial=256,quotient=256,src=canonical,dA=256,sec=Linf]/L2[chunks=1@0,rel=reduced-evaluation,qrm=16384,cqrm=3072,eor=720,in=3007488,out=700416;witness=ET,s=-,h=-,partial=-,quotient=-,src=tensor-k2,dA=128,sec=Linf]/L3[chunks=1@0,rel=reduced-evaluation,qrm=11648,cqrm=0,eor=656,in=700416,out=222592;witness=ET,s=-,h=-,partial=-,quotient=-,src=tensor-k2,dA=128,sec=Linf]/L4[chunks=1@0,rel=reduced-evaluation,qrm=9856,cqrm=0,eor=592,in=222592,out=109888;witness=ET,s=-,h=-,partial=-,quotient=-,src=tensor-k2,dA=64,sec=L2]/L5[chunks=1@0,rel=reduced-evaluation,qrm=9856,cqrm=0,eor=560,in=109888,out=77120;witness=ET,s=-,h=-,partial=-,quotient=-,src=tensor-k2,dA=64,sec=L2]/T[method=ET,src=tensor-k2,eor=560,input=77120,dA=64,sec=L2]
fp64_dense	changed	final=29:1;precommitted=	a082674574a73638bfa1560ac8173d4e86d4e1bc9f62665c28e7c58fcc4f0d9c	a082674574a73638bfa1560ac8173d4e86d4e1bc9f62665c28e7c58fcc4f0d9c	4194304	4194304	4194304	4194304	69428	81189	7	7	0695d51620821388488cbe09f2d8112acf37331f2948b0acbe425cf5a98fd61f	39c823fd0fdfd6891a3caed76787bd572fd7ce9f9ac1502f8d6c4346959cd64a	cutover=L2;L0[chunks=1@0,rel=quotient,qrm=0,cqrm=0,eor=0,in=536870912,out=62412352;witness=PACK,s=64,h=16,partial=128,quotient=128,src=canonical,dA=2048,sec=Linf]/L1[chunks=1@0,rel=quotient,qrm=0,cqrm=0,eor=0,in=62412352,out=4169792;witness=PACK,s=64,h=1,partial=128,quotient=128,src=canonical,dA=128,sec=Linf]/L2[chunks=1@0,rel=reduced-evaluation,qrm=19712,cqrm=2112,eor=720,in=4169792,out=995328;witness=ET,s=-,h=-,partial=-,quotient=-,src=tensor-k2,dA=128,sec=Linf]/L3[chunks=1@0,rel=reduced-evaluation,qrm=9984,cqrm=1248,eor=656,in=995328,out=258048;witness=ET,s=-,h=-,partial=-,quotient=-,src=tensor-k2,dA=128,sec=L2]/L4[chunks=1@0,rel=reduced-evaluation,qrm=8448,cqrm=1056,eor=592,in=258048,out=131072;witness=ET,s=-,h=-,partial=-,quotient=-,src=tensor-k2,dA=128,sec=L2]/L5[chunks=1@0,rel=reduced-evaluation,qrm=8448,cqrm=0,eor=560,in=131072,out=77824;witness=ET,s=-,h=-,partial=-,quotient=-,src=tensor-k2,dA=128,sec=L2]/T[method=ET,src=tensor-k2,eor=560,input=77824,dA=128,sec=L2]	cutover=L2;L0[chunks=1@0,rel=quotient,qrm=0,cqrm=0,eor=0,in=536870912,out=63863168;witness=PACK,s=128,h=8,partial=256,quotient=256,src=canonical,dA=2048,sec=Linf]/L1[chunks=1@0,rel=quotient,qrm=0,cqrm=0,eor=0,in=63863168,out=4567168;witness=PACK,s=64,h=2,partial=128,quotient=128,src=canonical,dA=256,sec=Linf]/L2[chunks=1@0,rel=reduced-evaluation,qrm=16384,cqrm=3072,eor=752,in=4567168,out=847872;witness=ET,s=-,h=-,partial=-,quotient=-,src=tensor-k2,dA=128,sec=Linf]/L3[chunks=1@0,rel=reduced-evaluation,qrm=14336,cqrm=3072,eor=656,in=847872,out=354304;witness=ET,s=-,h=-,partial=-,quotient=-,src=tensor-k2,dA=128,sec=L2]/L4[chunks=1@0,rel=reduced-evaluation,qrm=11648,cqrm=0,eor=624,in=354304,out=157056;witness=ET,s=-,h=-,partial=-,quotient=-,src=tensor-k2,dA=128,sec=Linf]/L5[chunks=1@0,rel=reduced-evaluation,qrm=9152,cqrm=0,eor=592,in=157056,out=97216;witness=ET,s=-,h=-,partial=-,quotient=-,src=tensor-k2,dA=64,sec=L2]/T[method=ET,src=tensor-k2,eor=560,input=97216,dA=64,sec=L2]
fp64_dense	changed	final=30:1;precommitted=	0661c6ea7796b195873f4f0afc34e1f8ab8b773648907a24b0f5110247bb10d2	0661c6ea7796b195873f4f0afc34e1f8ab8b773648907a24b0f5110247bb10d2	5767168	8388608	8388608	8388608	70084	81904	7	8	0d0e40a0703743bec4ea520e6ca7e341dfa0f8ae816c61aa39b34b8edff58a6d	4cacc15e38f46da5c8786228ae187bbf753663edefafee9358c8003d5c5a4f2f	cutover=L2;L0[chunks=1@0,rel=quotient,qrm=0,cqrm=0,eor=0,in=1073741824,out=86638144;witness=PACK,s=64,h=8,partial=128,quotient=128,src=canonical,dA=1024,sec=Linf]/L1[chunks=1@0,rel=quotient,qrm=0,cqrm=0,eor=0,in=86638144,out=5428288;witness=PACK,s=64,h=2,partial=128,quotient=128,src=canonical,dA=256,sec=Linf]/L2[chunks=1@0,rel=reduced-evaluation,qrm=14336,cqrm=1536,eor=752,in=5428288,out=843776;witness=ET,s=-,h=-,partial=-,quotient=-,src=tensor-k2,dA=128,sec=Linf]/L3[chunks=1@0,rel=reduced-evaluation,qrm=11648,cqrm=1248,eor=656,in=843776,out=259712;witness=ET,s=-,h=-,partial=-,quotient=-,src=tensor-k2,dA=128,sec=Linf]/L4[chunks=1@0,rel=reduced-evaluation,qrm=8448,cqrm=1056,eor=592,in=259712,out=131072;witness=ET,s=-,h=-,partial=-,quotient=-,src=tensor-k2,dA=128,sec=L2]/L5[chunks=1@0,rel=reduced-evaluation,qrm=8448,cqrm=0,eor=560,in=131072,out=77824;witness=ET,s=-,h=-,partial=-,quotient=-,src=tensor-k2,dA=128,sec=L2]/T[method=ET,src=tensor-k2,eor=560,input=77824,dA=128,sec=L2]	cutover=L2;L0[chunks=1@0,rel=quotient,qrm=0,cqrm=0,eor=0,in=1073741824,out=101611904;witness=PACK,s=128,h=8,partial=256,quotient=256,src=canonical,dA=2048,sec=Linf]/L1[chunks=1@0,rel=quotient,qrm=0,cqrm=0,eor=0,in=101611904,out=7021440;witness=PACK,s=128,h=4,partial=256,quotient=256,src=canonical,dA=1024,sec=Linf]/L2[chunks=1@0,rel=reduced-evaluation,qrm=22528,cqrm=4224,eor=752,in=7021440,out=1461248;witness=ET,s=-,h=-,partial=-,quotient=-,src=tensor-k2,dA=128,sec=Linf]/L3[chunks=1@0,rel=reduced-evaluation,qrm=22528,cqrm=4224,eor=688,in=1461248,out=675328;witness=ET,s=-,h=-,partial=-,quotient=-,src=tensor-k2,dA=128,sec=Linf]/L4[chunks=1@0,rel=reduced-evaluation,qrm=9984,cqrm=2496,eor=656,in=675328,out=228864;witness=ET,s=-,h=-,partial=-,quotient=-,src=tensor-k2,dA=64,sec=L2]/L5[chunks=1@0,rel=reduced-evaluation,qrm=9856,cqrm=0,eor=592,in=228864,out=109888;witness=ET,s=-,h=-,partial=-,quotient=-,src=tensor-k2,dA=64,sec=L2]/L6[chunks=1@0,rel=reduced-evaluation,qrm=9856,cqrm=0,eor=560,in=109888,out=77120;witness=ET,s=-,h=-,partial=-,quotient=-,src=tensor-k2,dA=64,sec=L2]/T[method=ET,src=tensor-k2,eor=560,input=77120,dA=64,sec=L2]
fp64_dense_recursive	changed	final=21:1;precommitted=	4f021af291010debd97a561631f77ec725a00685e86c7a86cbbba0d0d21f2afa	4f021af291010debd97a561631f77ec725a00685e86c7a86cbbba0d0d21f2afa	262144	262144	262144	262144	66729	78472	6	7	3c2bdef96ffce948b6aad7d2255b08ec567aa67b5538c190f7267188879d534d	de509d06fde93ad20b1d0567d29285a1b1504b07728371a46f4485c18287ce04	cutover=L2;L0[chunks=1@0,rel=quotient,qrm=0,cqrm=0,eor=0,in=2097152,out=3128896;witness=PACK,s=64,h=8,partial=128,quotient=128,src=canonical,dA=1024,sec=Linf]/L1[chunks=1@0,rel=quotient,qrm=0,cqrm=0,eor=0,in=3128896,out=985984;witness=PACK,s=128,h=2,partial=256,quotient=256,src=canonical,dA=512,sec=Linf]/L2[chunks=1@0,rel=reduced-evaluation,qrm=11648,cqrm=1248,eor=656,in=985984,out=284672;witness=ET,s=-,h=-,partial=-,quotient=-,src=tensor-k2,dA=128,sec=Linf]/L3[chunks=1@0,rel=reduced-evaluation,qrm=9856,cqrm=0,eor=624,in=284672,out=128896;witness=ET,s=-,h=-,partial=-,quotient=-,src=tensor-k2,dA=128,sec=Linf]/L4[chunks=1@0,rel=reduced-evaluation,qrm=8448,cqrm=0,eor=560,in=128896,out=77824;witness=ET,s=-,h=-,partial=-,quotient=-,src=tensor-k2,dA=128,sec=L2]/T[method=ET,src=tensor-k2,eor=560,input=77824,dA=128,sec=L2]	cutover=L2;L0[chunks=1@0,rel=quotient,qrm=0,cqrm=0,eor=0,in=2097152,out=3331712;witness=PACK,s=64,h=8,partial=128,quotient=128,src=canonical,dA=1024,sec=Linf]/L1[chunks=1@0,rel=quotient,qrm=0,cqrm=0,eor=0,in=3331712,out=1320064;witness=PACK,s=64,h=8,partial=128,quotient=128,src=canonical,dA=1024,sec=Linf]/L2[chunks=1@0,rel=reduced-evaluation,qrm=11648,cqrm=2496,eor=688,in=1320064,out=330368;witness=ET,s=-,h=-,partial=-,quotient=-,src=tensor-k2,dA=128,sec=Linf]/L3[chunks=1@0,rel=reduced-evaluation,qrm=11648,cqrm=2496,eor=624,in=330368,out=214400;witness=ET,s=-,h=-,partial=-,quotient=-,src=tensor-k2,dA=128,sec=L2]/L4[chunks=1@0,rel=reduced-evaluation,qrm=9856,cqrm=0,eor=592,in=214400,out=109888;witness=ET,s=-,h=-,partial=-,quotient=-,src=tensor-k2,dA=64,sec=L2]/L5[chunks=1@0,rel=reduced-evaluation,qrm=9856,cqrm=0,eor=560,in=109888,out=77120;witness=ET,s=-,h=-,partial=-,quotient=-,src=tensor-k2,dA=64,sec=L2]/T[method=ET,src=tensor-k2,eor=560,input=77120,dA=64,sec=L2]
fp64_dense_recursive	changed	final=23:1;precommitted=	2fcfd5127478a426862f40c03ac86273c00151e8c0068bc578b1578281e1aee2	2fcfd5127478a426862f40c03ac86273c00151e8c0068bc578b1578281e1aee2	524288	524288	262144	524288	73866	78372	7	7	9bbc7cded54ce27b545f65bfda9d13c5eb3c82eb163e547587efeab2f98c3d07	6575ec5ad226d20c59b324c868496cce91d2ebf513b3753f47c91ca4ac12d71a	cutover=L2;L0[chunks=1@0,rel=quotient,qrm=0,cqrm=0,eor=0,in=8388608,out=6127168;witness=PACK,s=64,h=8,partial=128,quotient=128,src=canonical,dA=1024,sec=Linf]/L1[chunks=1@0,rel=quotient,qrm=0,cqrm=0,eor=0,in=6127168,out=1483264;witness=PACK,s=128,h=2,partial=256,quotient=256,src=canonical,dA=512,sec=Linf;prefix=PACK,s=128,h=2,partial=256,quotient=256,src=canonical,dA=512,sec=Linf]/L2[chunks=1@0,rel=reduced-evaluation,qrm=12672,cqrm=1056,eor=688,in=1483264,out=443776;witness=ET,s=-,h=-,partial=-,quotient=-,src=tensor-k2,dA=128,sec=Linf]/L3[chunks=1@0,rel=reduced-evaluation,qrm=9856,cqrm=1056,eor=624,in=443776,out=184576;witness=ET,s=-,h=-,partial=-,quotient=-,src=tensor-k2,dA=128,sec=Linf]/L4[chunks=1@0,rel=reduced-evaluation,qrm=9856,cqrm=1056,eor=592,in=184576,out=128256;witness=ET,s=-,h=-,partial=-,quotient=-,src=tensor-k2,dA=128,sec=Linf]/L5[chunks=1@0,rel=reduced-evaluation,qrm=8448,cqrm=0,eor=560,in=128256,out=77824;witness=ET,s=-,h=-,partial=-,quotient=-,src=tensor-k2,dA=128,sec=L2]/T[method=ET,src=tensor-k2,eor=560,input=77824,dA=128,sec=L2]	cutover=L2;L0[chunks=1@0,rel=quotient,qrm=0,cqrm=0,eor=0,in=8388608,out=8124800;witness=PACK,s=128,h=8,partial=256,quotient=256,src=canonical,dA=2048,sec=Linf]/L1[chunks=1@0,rel=quotient,qrm=0,cqrm=0,eor=0,in=8124800,out=1418240;witness=PACK,s=64,h=8,partial=128,quotient=128,src=canonical,dA=1024,sec=Linf]/L2[chunks=1@0,rel=reduced-evaluation,qrm=16384,cqrm=3072,eor=688,in=1418240,out=491520;witness=ET,s=-,h=-,partial=-,quotient=-,src=tensor-k2,dA=128,sec=Linf]/L3[chunks=1@0,rel=reduced-evaluation,qrm=11648,cqrm=2496,eor=624,in=491520,out=214912;witness=ET,s=-,h=-,partial=-,quotient=-,src=tensor-k2,dA=128,sec=Linf]/L4[chunks=1@0,rel=reduced-evaluation,qrm=9856,cqrm=0,eor=592,in=214912,out=109888;witness=ET,s=-,h=-,partial=-,quotient=-,src=tensor-k2,dA=64,sec=L2]/L5[chunks=1@0,rel=reduced-evaluation,qrm=9856,cqrm=0,eor=560,in=109888,out=77120;witness=ET,s=-,h=-,partial=-,quotient=-,src=tensor-k2,dA=64,sec=L2]/T[method=ET,src=tensor-k2,eor=560,input=77120,dA=64,sec=L2]
fp64_dense_recursive	changed	final=25:1;precommitted=	8b93e9363d0087a49725b9a1ca103902ab185fff9c1a43773c7025ac4bc11bc9	8b93e9363d0087a49725b9a1ca103902ab185fff9c1a43773c7025ac4bc11bc9	1048576	1048576	524288	524288	71082	81886	7	7	ef96504a1832a2aa1bcad9130197eabce47b8394535f4a5aa5187795fc1b80f7	461c4b2fc602f6451b7a7541c48f5997cc224acde6c4c62c39e11fe85c3747b3	cutover=L2;L0[chunks=1@0,rel=quotient,qrm=0,cqrm=0,eor=0,in=33554432,out=12123712;witness=PACK,s=64,h=8,partial=128,quotient=128,src=canonical,dA=1024,sec=Linf]/L1[chunks=1@0,rel=quotient,qrm=0,cqrm=0,eor=0,in=12123712,out=3092992;witness=PACK,s=128,h=2,partial=256,quotient=256,src=canonical,dA=512,sec=Linf;prefix=PACK,s=128,h=2,partial=256,quotient=256,src=canonical,dA=512,sec=Linf]/L2[chunks=1@0,rel=reduced-evaluation,qrm=14336,cqrm=1536,eor=720,in=3092992,out=659456;witness=ET,s=-,h=-,partial=-,quotient=-,src=tensor-k2,dA=128,sec=Linf]/L3[chunks=1@0,rel=reduced-evaluation,qrm=11648,cqrm=1248,eor=656,in=659456,out=243072;witness=ET,s=-,h=-,partial=-,quotient=-,src=tensor-k2,dA=128,sec=Linf]/L4[chunks=1@0,rel=reduced-evaluation,qrm=8448,cqrm=1056,eor=592,in=243072,out=131072;witness=ET,s=-,h=-,partial=-,quotient=-,src=tensor-k2,dA=128,sec=L2]/L5[chunks=1@0,rel=reduced-evaluation,qrm=8448,cqrm=0,eor=560,in=131072,out=77824;witness=ET,s=-,h=-,partial=-,quotient=-,src=tensor-k2,dA=128,sec=L2]/T[method=ET,src=tensor-k2,eor=560,input=77824,dA=128,sec=L2]	cutover=L2;L0[chunks=1@0,rel=quotient,qrm=0,cqrm=0,eor=0,in=33554432,out=15724160;witness=PACK,s=64,h=16,partial=128,quotient=128,src=canonical,dA=2048,sec=Linf]/L1[chunks=1@0,rel=quotient,qrm=0,cqrm=0,eor=0,in=15724160,out=3817984;witness=PACK,s=128,h=2,partial=256,quotient=256,src=canonical,dA=512,sec=Linf;prefix=PACK,s=128,h=2,partial=256,quotient=256,src=canonical,dA=512,sec=Linf]/L2[chunks=1@0,rel=reduced-evaluation,qrm=16384,cqrm=3072,eor=720,in=3817984,out=786432;witness=ET,s=-,h=-,partial=-,quotient=-,src=tensor-k2,dA=128,sec=Linf]/L3[chunks=1@0,rel=reduced-evaluation,qrm=11648,cqrm=2496,eor=656,in=786432,out=255488;witness=ET,s=-,h=-,partial=-,quotient=-,src=tensor-k2,dA=128,sec=Linf]/L4[chunks=1@0,rel=reduced-evaluation,qrm=9856,cqrm=2112,eor=592,in=255488,out=144896;witness=ET,s=-,h=-,partial=-,quotient=-,src=tensor-k2,dA=64,sec=L2]/L5[chunks=1@0,rel=reduced-evaluation,qrm=9152,cqrm=0,eor=592,in=144896,out=97216;witness=ET,s=-,h=-,partial=-,quotient=-,src=tensor-k2,dA=64,sec=L2]/T[method=ET,src=tensor-k2,eor=560,input=97216,dA=64,sec=L2]
fp64_dense_recursive	changed	final=27:1;precommitted=	a6c2f122b8b925f416c9bbe519d0f2bedbd9063119ff80f478764499448c6dc8	a6c2f122b8b925f416c9bbe519d0f2bedbd9063119ff80f478764499448c6dc8	2097152	2097152	1048576	1048576	71416	84007	7	8	28c7b6506b0ce045a2f79cae5a663afe65028b94ed301ef0d227a4a1014070a3	320f7962f01e239c0397fc2be3aa737c02849076b01a0d36a145244ab921114f	cutover=L2;L0[chunks=1@0,rel=quotient,qrm=0,cqrm=0,eor=0,in=134217728,out=31282752;witness=PACK,s=64,h=16,partial=128,quotient=128,src=canonical,dA=2048,sec=Linf]/L1[chunks=1@0,rel=quotient,qrm=0,cqrm=0,eor=0,in=31282752,out=4550912;witness=PACK,s=64,h=2,partial=128,quotient=128,src=canonical,dA=256,sec=Linf;prefix=PACK,s=64,h=2,partial=128,quotient=128,src=canonical,dA=256,sec=Linf]/L2[chunks=1@0,rel=reduced-evaluation,qrm=14336,cqrm=1536,eor=752,in=4550912,out=772096;witness=ET,s=-,h=-,partial=-,quotient=-,src=tensor-k2,dA=128,sec=Linf]/L3[chunks=1@0,rel=reduced-evaluation,qrm=11648,cqrm=1248,eor=656,in=772096,out=251392;witness=ET,s=-,h=-,partial=-,quotient=-,src=tensor-k2,dA=128,sec=Linf]/L4[chunks=1@0,rel=reduced-evaluation,qrm=8448,cqrm=1056,eor=592,in=251392,out=131072;witness=ET,s=-,h=-,partial=-,quotient=-,src=tensor-k2,dA=128,sec=L2]/L5[chunks=1@0,rel=reduced-evaluation,qrm=8448,cqrm=0,eor=560,in=131072,out=77824;witness=ET,s=-,h=-,partial=-,quotient=-,src=tensor-k2,dA=128,sec=L2]/T[method=ET,src=tensor-k2,eor=560,input=77824,dA=128,sec=L2]	cutover=L2;L0[chunks=1@0,rel=quotient,qrm=0,cqrm=0,eor=0,in=134217728,out=31288960;witness=PACK,s=64,h=16,partial=128,quotient=128,src=canonical,dA=2048,sec=Linf]/L1[chunks=1@0,rel=quotient,qrm=0,cqrm=0,eor=0,in=31288960,out=5784064;witness=PACK,s=256,h=1,partial=512,quotient=512,src=canonical,dA=512,sec=Linf;prefix=PACK,s=256,h=1,partial=512,quotient=512,src=canonical,dA=512,sec=Linf]/L2[chunks=1@0,rel=reduced-evaluation,qrm=16384,cqrm=3072,eor=752,in=5784064,out=970752;witness=ET,s=-,h=-,partial=-,quotient=-,src=tensor-k2,dA=128,sec=Linf]/L3[chunks=1@0,rel=reduced-evaluation,qrm=16384,cqrm=3072,eor=656,in=970752,out=405504;witness=ET,s=-,h=-,partial=-,quotient=-,src=tensor-k2,dA=128,sec=Linf]/L4[chunks=1@0,rel=reduced-evaluation,qrm=11648,cqrm=2496,eor=624,in=405504,out=198272;witness=ET,s=-,h=-,partial=-,quotient=-,src=tensor-k2,dA=128,sec=Linf]/L5[chunks=1@0,rel=reduced-evaluation,qrm=9856,cqrm=0,eor=592,in=198272,out=109888;witness=ET,s=-,h=-,partial=-,quotient=-,src=tensor-k2,dA=64,sec=L2]/L6[chunks=1@0,rel=reduced-evaluation,qrm=9856,cqrm=0,eor=560,in=109888,out=77120;witness=ET,s=-,h=-,partial=-,quotient=-,src=tensor-k2,dA=64,sec=L2]/T[method=ET,src=tensor-k2,eor=560,input=77120,dA=64,sec=L2]
fp64_dense_recursive	changed	final=29:1;precommitted=	a082674574a73638bfa1560ac8173d4e86d4e1bc9f62665c28e7c58fcc4f0d9c	a082674574a73638bfa1560ac8173d4e86d4e1bc9f62665c28e7c58fcc4f0d9c	4194304	4194304	1048576	2097152	73280	82719	7	8	60161ad9c3f3860778aad9d919cd56c85be7d5dbe4c0eebbb8a08f3f78c68c8d	1889d4cdb460d87de1e94295a37f4e8d0a05fec2065744217031bf0774d0d225	cutover=L2;L0[chunks=1@0,rel=quotient,qrm=0,cqrm=0,eor=0,in=536870912,out=62412352;witness=PACK,s=64,h=16,partial=128,quotient=128,src=canonical,dA=2048,sec=Linf]/L1[chunks=1@0,rel=quotient,qrm=0,cqrm=0,eor=0,in=62412352,out=7070208;witness=PACK,s=128,h=2,partial=256,quotient=256,src=canonical,dA=512,sec=Linf;prefix=PACK,s=128,h=2,partial=256,quotient=256,src=canonical,dA=512,sec=Linf]/L2[chunks=1@0,rel=reduced-evaluation,qrm=14336,cqrm=1536,eor=752,in=7070208,out=966656;witness=ET,s=-,h=-,partial=-,quotient=-,src=tensor-k2,dA=128,sec=Linf]/L3[chunks=1@0,rel=reduced-evaluation,qrm=12288,cqrm=1536,eor=656,in=966656,out=339968;witness=ET,s=-,h=-,partial=-,quotient=-,src=tensor-k2,dA=128,sec=L2]/L4[chunks=1@0,rel=reduced-evaluation,qrm=8448,cqrm=0,eor=624,in=339968,out=127488;witness=ET,s=-,h=-,partial=-,quotient=-,src=tensor-k2,dA=128,sec=L2]/L5[chunks=1@0,rel=reduced-evaluation,qrm=8448,cqrm=0,eor=560,in=127488,out=77824;witness=ET,s=-,h=-,partial=-,quotient=-,src=tensor-k2,dA=128,sec=L2]/T[method=ET,src=tensor-k2,eor=560,input=77824,dA=128,sec=L2]	cutover=L2;L0[chunks=1@0,rel=quotient,qrm=0,cqrm=0,eor=0,in=536870912,out=62418560;witness=PACK,s=64,h=16,partial=128,quotient=128,src=canonical,dA=2048,sec=Linf]/L1[chunks=1@0,rel=quotient,qrm=0,cqrm=0,eor=0,in=62418560,out=9376000;witness=PACK,s=128,h=1,partial=256,quotient=256,src=canonical,dA=256,sec=Linf;prefix=PACK,s=128,h=1,partial=256,quotient=256,src=canonical,dA=256,sec=Linf]/L2[chunks=1@0,rel=reduced-evaluation,qrm=22528,cqrm=4224,eor=784,in=9376000,out=1681408;witness=ET,s=-,h=-,partial=-,quotient=-,src=tensor-k2,dA=128,sec=Linf]/L3[chunks=1@0,rel=reduced-evaluation,qrm=21120,cqrm=4224,eor=688,in=1681408,out=689408;witness=ET,s=-,h=-,partial=-,quotient=-,src=tensor-k2,dA=64,sec=Linf]/L4[chunks=1@0,rel=reduced-evaluation,qrm=9984,cqrm=2496,eor=656,in=689408,out=228864;witness=ET,s=-,h=-,partial=-,quotient=-,src=tensor-k2,dA=64,sec=L2]/L5[chunks=1@0,rel=reduced-evaluation,qrm=9856,cqrm=0,eor=592,in=228864,out=109888;witness=ET,s=-,h=-,partial=-,quotient=-,src=tensor-k2,dA=64,sec=L2]/L6[chunks=1@0,rel=reduced-evaluation,qrm=9856,cqrm=0,eor=560,in=109888,out=77120;witness=ET,s=-,h=-,partial=-,quotient=-,src=tensor-k2,dA=64,sec=L2]/T[method=ET,src=tensor-k2,eor=560,input=77120,dA=64,sec=L2]
fp64_onehot	changed	final=28:1;precommitted=	a46de3bb37f42fa48a71b95f2322aad4c4e9c8626b40c631cd6537cb251072a1	a46de3bb37f42fa48a71b95f2322aad4c4e9c8626b40c631cd6537cb251072a1	1048576	1048576	1048576	1048576	67303	78488	6	7	43c63f2cb0a3f13271243c5d16d055c1c015921909f84697e50ac9b3174768ce	dc0822233273760abde73b36490a283af520498f04e5462a3f40cf0a1dbd646f	cutover=L2;L0[chunks=1@0,rel=quotient,qrm=0,cqrm=0,eor=0,in=268435456,out=6825536;witness=PACK,s=64,h=4,partial=128,quotient=128,src=canonical,dA=512,sec=Linf]/L1[chunks=1@0,rel=quotient,qrm=0,cqrm=0,eor=0,in=6825536,out=1475968;witness=PACK,s=128,h=1,partial=256,quotient=256,src=canonical,dA=256,sec=Linf]/L2[chunks=1@0,rel=reduced-evaluation,qrm=11648,cqrm=1248,eor=688,in=1475968,out=342912;witness=ET,s=-,h=-,partial=-,quotient=-,src=tensor-k2,dA=128,sec=Linf]/L3[chunks=1@0,rel=reduced-evaluation,qrm=8448,cqrm=0,eor=624,in=342912,out=127488;witness=ET,s=-,h=-,partial=-,quotient=-,src=tensor-k2,dA=128,sec=L2]/L4[chunks=1@0,rel=reduced-evaluation,qrm=8448,cqrm=0,eor=560,in=127488,out=77824;witness=ET,s=-,h=-,partial=-,quotient=-,src=tensor-k2,dA=128,sec=L2]/T[method=ET,src=tensor-k2,eor=560,input=77824,dA=128,sec=L2]	cutover=L2;L0[chunks=1@0,rel=quotient,qrm=0,cqrm=0,eor=0,in=268435456,out=9770624;witness=PACK,s=64,h=8,partial=128,quotient=128,src=canonical,dA=1024,sec=Linf]/L1[chunks=1@0,rel=quotient,qrm=0,cqrm=0,eor=0,in=9770624,out=1567744;witness=PACK,s=64,h=8,partial=128,quotient=128,src=canonical,dA=1024,sec=Linf]/L2[chunks=1@0,rel=reduced-evaluation,qrm=16384,cqrm=3072,eor=688,in=1567744,out=516096;witness=ET,s=-,h=-,partial=-,quotient=-,src=tensor-k2,dA=128,sec=Linf]/L3[chunks=1@0,rel=reduced-evaluation,qrm=11648,cqrm=2496,eor=624,in=516096,out=222208;witness=ET,s=-,h=-,partial=-,quotient=-,src=tensor-k2,dA=128,sec=Linf]/L4[chunks=1@0,rel=reduced-evaluation,qrm=9856,cqrm=0,eor=592,in=222208,out=109888;witness=ET,s=-,h=-,partial=-,quotient=-,src=tensor-k2,dA=64,sec=L2]/L5[chunks=1@0,rel=reduced-evaluation,qrm=9856,cqrm=0,eor=560,in=109888,out=77120;witness=ET,s=-,h=-,partial=-,quotient=-,src=tensor-k2,dA=64,sec=L2]/T[method=ET,src=tensor-k2,eor=560,input=77120,dA=64,sec=L2]
fp64_onehot	changed	final=30:1;precommitted=	0661c6ea7796b195873f4f0afc34e1f8ab8b773648907a24b0f5110247bb10d2	0661c6ea7796b195873f4f0afc34e1f8ab8b773648907a24b0f5110247bb10d2	2097152	2097152	2097152	2097152	68722	79333	7	7	071620ca0544cf82d580f757d73f7e170402a7a9b8c1030932e38f26c369f3db	af5b6ffddfe66efed8d4fab55b27576fd9b73c952230b196bacfc688865808ef	cutover=L2;L0[chunks=1@0,rel=quotient,qrm=0,cqrm=0,eor=0,in=1073741824,out=13575744;witness=PACK,s=64,h=4,partial=128,quotient=128,src=canonical,dA=512,sec=Linf]/L1[chunks=1@0,rel=quotient,qrm=0,cqrm=0,eor=0,in=13575744,out=1972288;witness=PACK,s=64,h=1,partial=128,quotient=128,src=canonical,dA=128,sec=Linf]/L2[chunks=1@0,rel=reduced-evaluation,qrm=19712,cqrm=2112,eor=688,in=1972288,out=719104;witness=ET,s=-,h=-,partial=-,quotient=-,src=tensor-k2,dA=128,sec=Linf]/L3[chunks=1@0,rel=reduced-evaluation,qrm=11648,cqrm=1248,eor=656,in=719104,out=243072;witness=ET,s=-,h=-,partial=-,quotient=-,src=tensor-k2,dA=128,sec=Linf]/L4[chunks=1@0,rel=reduced-evaluation,qrm=8448,cqrm=1056,eor=592,in=243072,out=131072;witness=ET,s=-,h=-,partial=-,quotient=-,src=tensor-k2,dA=128,sec=L2]/L5[chunks=1@0,rel=reduced-evaluation,qrm=8448,cqrm=0,eor=560,in=131072,out=77824;witness=ET,s=-,h=-,partial=-,quotient=-,src=tensor-k2,dA=128,sec=L2]/T[method=ET,src=tensor-k2,eor=560,input=77824,dA=128,sec=L2]	cutover=L2;L0[chunks=1@0,rel=quotient,qrm=0,cqrm=0,eor=0,in=1073741824,out=21501568;witness=PACK,s=64,h=8,partial=128,quotient=128,src=canonical,dA=1024,sec=Linf]/L1[chunks=1@0,rel=quotient,qrm=0,cqrm=0,eor=0,in=21501568,out=2749824;witness=PACK,s=64,h=2,partial=128,quotient=128,src=canonical,dA=256,sec=Linf]/L2[chunks=1@0,rel=reduced-evaluation,qrm=22528,cqrm=4224,eor=720,in=2749824,out=903680;witness=ET,s=-,h=-,partial=-,quotient=-,src=tensor-k2,dA=128,sec=Linf]/L3[chunks=1@0,rel=reduced-evaluation,qrm=9984,cqrm=0,eor=656,in=903680,out=224256;witness=ET,s=-,h=-,partial=-,quotient=-,src=tensor-k2,dA=64,sec=L2]/L4[chunks=1@0,rel=reduced-evaluation,qrm=9856,cqrm=0,eor=592,in=224256,out=109888;witness=ET,s=-,h=-,partial=-,quotient=-,src=tensor-k2,dA=64,sec=L2]/L5[chunks=1@0,rel=reduced-evaluation,qrm=9856,cqrm=0,eor=560,in=109888,out=77120;witness=ET,s=-,h=-,partial=-,quotient=-,src=tensor-k2,dA=64,sec=L2]/T[method=ET,src=tensor-k2,eor=560,input=77120,dA=64,sec=L2]
fp64_onehot	changed	final=34:1;precommitted=	66a207dd2ca7efff383d2cbfb09722aa71c0b3e44ba990a146833ebba9496679	66a207dd2ca7efff383d2cbfb09722aa71c0b3e44ba990a146833ebba9496679	8388608	16777216	8388608	16777216	70084	81520	7	7	592695274cdd3a058b52898b18295fa7d8f5c43a5e7fb572d494faa36021a184	064ae36c30c0c1c85aae3e05943ec9cd83f62761fb66be0a8b128b62a62c13fb	cutover=L2;L0[chunks=1@0,rel=quotient,qrm=0,cqrm=0,eor=0,in=17179869184,out=85589568;witness=PACK,s=64,h=8,partial=128,quotient=128,src=canonical,dA=1024,sec=Linf]/L1[chunks=1@0,rel=quotient,qrm=0,cqrm=0,eor=0,in=85589568,out=5388864;witness=PACK,s=64,h=2,partial=128,quotient=128,src=canonical,dA=256,sec=Linf]/L2[chunks=1@0,rel=reduced-evaluation,qrm=14336,cqrm=1536,eor=752,in=5388864,out=843776;witness=ET,s=-,h=-,partial=-,quotient=-,src=tensor-k2,dA=128,sec=Linf]/L3[chunks=1@0,rel=reduced-evaluation,qrm=11648,cqrm=1248,eor=656,in=843776,out=259712;witness=ET,s=-,h=-,partial=-,quotient=-,src=tensor-k2,dA=128,sec=Linf]/L4[chunks=1@0,rel=reduced-evaluation,qrm=8448,cqrm=1056,eor=592,in=259712,out=131072;witness=ET,s=-,h=-,partial=-,quotient=-,src=tensor-k2,dA=128,sec=L2]/L5[chunks=1@0,rel=reduced-evaluation,qrm=8448,cqrm=0,eor=560,in=131072,out=77824;witness=ET,s=-,h=-,partial=-,quotient=-,src=tensor-k2,dA=128,sec=L2]/T[method=ET,src=tensor-k2,eor=560,input=77824,dA=128,sec=L2]	cutover=L2;L0[chunks=1@0,rel=quotient,qrm=0,cqrm=0,eor=0,in=17179869184,out=79274112;witness=PACK,s=128,h=4,partial=256,quotient=256,src=canonical,dA=1024,sec=Linf]/L1[chunks=1@0,rel=quotient,qrm=0,cqrm=0,eor=0,in=79274112,out=3828736;witness=PACK,s=64,h=2,partial=128,quotient=128,src=canonical,dA=256,sec=Linf]/L2[chunks=1@0,rel=reduced-evaluation,qrm=16384,cqrm=3072,eor=720,in=3828736,out=786432;witness=ET,s=-,h=-,partial=-,quotient=-,src=tensor-k2,dA=128,sec=Linf]/L3[chunks=1@0,rel=reduced-evaluation,qrm=11648,cqrm=2496,eor=656,in=786432,out=255488;witness=ET,s=-,h=-,partial=-,quotient=-,src=tensor-k2,dA=128,sec=Linf]/L4[chunks=1@0,rel=reduced-evaluation,qrm=9856,cqrm=2112,eor=592,in=255488,out=144896;witness=ET,s=-,h=-,partial=-,quotient=-,src=tensor-k2,dA=64,sec=L2]/L5[chunks=1@0,rel=reduced-evaluation,qrm=9152,cqrm=0,eor=592,in=144896,out=97216;witness=ET,s=-,h=-,partial=-,quotient=-,src=tensor-k2,dA=64,sec=L2]/T[method=ET,src=tensor-k2,eor=560,input=97216,dA=64,sec=L2]
fp64_onehot	changed	final=35:1;precommitted=	bfb5adcb7db566d2caa4ca8d06480c0b099cf7f3e72a2b1f762b149ecb03e830	bfb5adcb7db566d2caa4ca8d06480c0b099cf7f3e72a2b1f762b149ecb03e830	16777216	16777216	16777216	16777216	70084	81904	7	8	01d3be2e837c87ace19fb3bf8d7a54c827dc41b86cbb828ddb6589d1c81f6f1c	7eafd10bfd7a93317352c14ad07bdf9124107440d1bc8221cdfe09427b39ed8a	cutover=L2;L0[chunks=1@0,rel=quotient,qrm=0,cqrm=0,eor=0,in=34359738368,out=84990848;witness=PACK,s=128,h=2,partial=256,quotient=256,src=canonical,dA=512,sec=Linf]/L1[chunks=1@0,rel=quotient,qrm=0,cqrm=0,eor=0,in=84990848,out=5369152;witness=PACK,s=64,h=2,partial=128,quotient=128,src=canonical,dA=256,sec=Linf]/L2[chunks=1@0,rel=reduced-evaluation,qrm=14336,cqrm=1536,eor=752,in=5369152,out=833536;witness=ET,s=-,h=-,partial=-,quotient=-,src=tensor-k2,dA=128,sec=Linf]/L3[chunks=1@0,rel=reduced-evaluation,qrm=11648,cqrm=1248,eor=656,in=833536,out=259712;witness=ET,s=-,h=-,partial=-,quotient=-,src=tensor-k2,dA=128,sec=Linf]/L4[chunks=1@0,rel=reduced-evaluation,qrm=8448,cqrm=1056,eor=592,in=259712,out=131072;witness=ET,s=-,h=-,partial=-,quotient=-,src=tensor-k2,dA=128,sec=L2]/L5[chunks=1@0,rel=reduced-evaluation,qrm=8448,cqrm=0,eor=560,in=131072,out=77824;witness=ET,s=-,h=-,partial=-,quotient=-,src=tensor-k2,dA=128,sec=L2]/T[method=ET,src=tensor-k2,eor=560,input=77824,dA=128,sec=L2]	cutover=L2;L0[chunks=1@0,rel=quotient,qrm=0,cqrm=0,eor=0,in=34359738368,out=124931200;witness=PACK,s=128,h=4,partial=256,quotient=256,src=canonical,dA=1024,sec=Linf]/L1[chunks=1@0,rel=quotient,qrm=0,cqrm=0,eor=0,in=124931200,out=7328384;witness=PACK,s=64,h=8,partial=128,quotient=128,src=canonical,dA=1024,sec=Linf]/L2[chunks=1@0,rel=reduced-evaluation,qrm=22528,cqrm=4224,eor=752,in=7328384,out=1495040;witness=ET,s=-,h=-,partial=-,quotient=-,src=tensor-k2,dA=128,sec=Linf]/L3[chunks=1@0,rel=reduced-evaluation,qrm=22528,cqrm=4224,eor=688,in=1495040,out=675328;witness=ET,s=-,h=-,partial=-,quotient=-,src=tensor-k2,dA=128,sec=Linf]/L4[chunks=1@0,rel=reduced-evaluation,qrm=9984,cqrm=2496,eor=656,in=675328,out=228864;witness=ET,s=-,h=-,partial=-,quotient=-,src=tensor-k2,dA=64,sec=L2]/L5[chunks=1@0,rel=reduced-evaluation,qrm=9856,cqrm=0,eor=592,in=228864,out=109888;witness=ET,s=-,h=-,partial=-,quotient=-,src=tensor-k2,dA=64,sec=L2]/L6[chunks=1@0,rel=reduced-evaluation,qrm=9856,cqrm=0,eor=560,in=109888,out=77120;witness=ET,s=-,h=-,partial=-,quotient=-,src=tensor-k2,dA=64,sec=L2]/T[method=ET,src=tensor-k2,eor=560,input=77120,dA=64,sec=L2]
