family	logical_key	lookup_key_digest	setup_fields	first_direct_setup_capacity	proof_bytes	fold_levels	row_digest	policy
fp128_dense	final=14:1;precommitted=	235fdc37cb4e83e243a17cafde8597967ef2316443a2656dee73a57dc55cac8e	163840	32768	76462	6	2d0b8c5ecaee81974422cf2877d9bedad062f3ad27d3fa6c850450f3d16f1658	cutover=L2;L0[chunks=1@0,rel=quotient,qrm=0,cqrm=0,eor=0,in=16384,out=493504;witness=PACK,s=64,h=8,partial=64,quotient=64,src=canonical,dA=512,sec=Linf]/L1[chunks=1@0,rel=quotient,qrm=0,cqrm=0,eor=0,in=493504,out=390400;witness=PACK,s=128,h=2,partial=128,quotient=128,src=canonical,dA=256,sec=Linf]/L2[chunks=1@0,rel=reduced-evaluation,qrm=16384,cqrm=3072,eor=0,in=390400,out=270336;witness=ET,s=-,h=-,partial=-,quotient=-,src=canonical,dA=64,sec=Linf]/L3[chunks=1@0,rel=reduced-evaluation,qrm=11264,cqrm=0,eor=0,in=270336,out=128896;witness=ET,s=-,h=-,partial=-,quotient=-,src=canonical,dA=64,sec=L2]/L4[chunks=1@0,rel=reduced-evaluation,qrm=9856,cqrm=0,eor=0,in=128896,out=93696;witness=ET,s=-,h=-,partial=-,quotient=-,src=canonical,dA=64,sec=L2]/T[method=ET,src=canonical,eor=0,input=93696,dA=64,sec=L2]
fp128_dense	final=15:2;precommitted=	c087e777d755574ba60cc3ed9d2768052d7510780d99c0fe235c0a00f0202e57	327680	65536	77038	6	ff5066e453a84acb1e3b0e0ce707950f0b22bfcd31276ce7d1e337de480c4d8b	cutover=L2;L0[chunks=1@0,rel=quotient,qrm=0,cqrm=0,eor=0,in=32768,out=851392;witness=PACK,s=64,h=8,partial=64,quotient=64,src=canonical,dA=512,sec=Linf]/L1[chunks=1@0,rel=quotient,qrm=0,cqrm=0,eor=0,in=851392,out=472960;witness=PACK,s=128,h=2,partial=128,quotient=128,src=canonical,dA=256,sec=Linf]/L2[chunks=1@0,rel=reduced-evaluation,qrm=13312,cqrm=2496,eor=0,in=472960,out=235520;witness=ET,s=-,h=-,partial=-,quotient=-,src=canonical,dA=64,sec=Linf]/L3[chunks=1@0,rel=reduced-evaluation,qrm=11264,cqrm=0,eor=0,in=235520,out=121856;witness=ET,s=-,h=-,partial=-,quotient=-,src=canonical,dA=64,sec=L2]/L4[chunks=1@0,rel=reduced-evaluation,qrm=9856,cqrm=0,eor=0,in=121856,out=93696;witness=ET,s=-,h=-,partial=-,quotient=-,src=canonical,dA=64,sec=L2]/T[method=ET,src=canonical,eor=0,input=93696,dA=64,sec=L2]
fp128_dense	final=16:1;precommitted=	619d5acd56307a5aff5911635e36969a167028482b33cc55f9f90598a55554be	327680	65536	77036	6	3a5a1622551715e27bcaed86d1e240eae8e8f7555cf73fc7c8a959a71c845ba8	cutover=L2;L0[chunks=1@0,rel=quotient,qrm=0,cqrm=0,eor=0,in=65536,out=851392;witness=PACK,s=64,h=8,partial=64,quotient=64,src=canonical,dA=512,sec=Linf]/L1[chunks=1@0,rel=quotient,qrm=0,cqrm=0,eor=0,in=851392,out=472960;witness=PACK,s=128,h=2,partial=128,quotient=128,src=canonical,dA=256,sec=Linf]/L2[chunks=1@0,rel=reduced-evaluation,qrm=13312,cqrm=2496,eor=0,in=472960,out=235520;witness=ET,s=-,h=-,partial=-,quotient=-,src=canonical,dA=64,sec=Linf]/L3[chunks=1@0,rel=reduced-evaluation,qrm=11264,cqrm=0,eor=0,in=235520,out=121856;witness=ET,s=-,h=-,partial=-,quotient=-,src=canonical,dA=64,sec=L2]/L4[chunks=1@0,rel=reduced-evaluation,qrm=9856,cqrm=0,eor=0,in=121856,out=93696;witness=ET,s=-,h=-,partial=-,quotient=-,src=canonical,dA=64,sec=L2]/T[method=ET,src=canonical,eor=0,input=93696,dA=64,sec=L2]
fp128_dense	final=16:1;precommitted=14:1	5e8cc820e837ba71e8dcecb767b2a2f326973198d8ffadfa57c546eaf2ebde57	327680	65536	77270	6	ab3d0e98f87b7a27f0e47cdcfd8115beb1ce8a8f06e5eb0cc54cd66e82e5a4fb	cutover=L2;L0[chunks=1@0,rel=quotient,qrm=0,cqrm=0,eor=0,in=65536,out=1532928;witness=PACK,s=64,h=16,partial=64,quotient=64,src=canonical,dA=1024,sec=Linf;pre0=PACK,s=64,h=8,partial=64,quotient=64,src=canonical,dA=512,sec=Linf]/L1[chunks=1@0,rel=quotient,qrm=0,cqrm=0,eor=0,in=1532928,out=653056;witness=PACK,s=128,h=2,partial=128,quotient=128,src=canonical,dA=256,sec=Linf]/L2[chunks=1@0,rel=reduced-evaluation,qrm=13312,cqrm=2496,eor=0,in=653056,out=255488;witness=ET,s=-,h=-,partial=-,quotient=-,src=canonical,dA=64,sec=Linf]/L3[chunks=1@0,rel=reduced-evaluation,qrm=11264,cqrm=0,eor=0,in=255488,out=121856;witness=ET,s=-,h=-,partial=-,quotient=-,src=canonical,dA=64,sec=L2]/L4[chunks=1@0,rel=reduced-evaluation,qrm=9856,cqrm=0,eor=0,in=121856,out=93696;witness=ET,s=-,h=-,partial=-,quotient=-,src=canonical,dA=64,sec=L2]/T[method=ET,src=canonical,eor=0,input=93696,dA=64,sec=L2]
fp128_dense	final=16:2;precommitted=	1d3119b577401489425a46a52a8368829ffee0287db544156fcb790c4c1190e1	327680	131072	77270	6	787bb3a3564a43ba46a2858c6dfcc6da94ac2312d74c4bacc5a212122fb19ca6	cutover=L2;L0[chunks=1@0,rel=quotient,qrm=0,cqrm=0,eor=0,in=65536,out=1127104;witness=PACK,s=64,h=8,partial=64,quotient=64,src=canonical,dA=512,sec=Linf]/L1[chunks=1@0,rel=quotient,qrm=0,cqrm=0,eor=0,in=1127104,out=592576;witness=PACK,s=128,h=2,partial=128,quotient=128,src=canonical,dA=256,sec=Linf]/L2[chunks=1@0,rel=reduced-evaluation,qrm=13312,cqrm=2496,eor=0,in=592576,out=255488;witness=ET,s=-,h=-,partial=-,quotient=-,src=canonical,dA=64,sec=Linf]/L3[chunks=1@0,rel=reduced-evaluation,qrm=11264,cqrm=0,eor=0,in=255488,out=121856;witness=ET,s=-,h=-,partial=-,quotient=-,src=canonical,dA=64,sec=L2]/L4[chunks=1@0,rel=reduced-evaluation,qrm=9856,cqrm=0,eor=0,in=121856,out=93696;witness=ET,s=-,h=-,partial=-,quotient=-,src=canonical,dA=64,sec=L2]/T[method=ET,src=canonical,eor=0,input=93696,dA=64,sec=L2]
fp128_dense	final=17:4;precommitted=	b996d72cefb7a0a3262ac30ce0fd4e4200b27eff277fd1922a3c219011e6383f	327680	262144	77568	6	4ca33e991eddf896833a4b77fbc9d40d59526b470c3b59cc9e8373faa6283b80	cutover=L2;L0[chunks=1@0,rel=quotient,qrm=0,cqrm=0,eor=0,in=131072,out=2307968;witness=PACK,s=128,h=4,partial=128,quotient=128,src=canonical,dA=512,sec=Linf]/L1[chunks=1@0,rel=quotient,qrm=0,cqrm=0,eor=0,in=2307968,out=845760;witness=PACK,s=256,h=1,partial=256,quotient=256,src=canonical,dA=256,sec=Linf]/L2[chunks=1@0,rel=reduced-evaluation,qrm=13312,cqrm=2496,eor=0,in=845760,out=285440;witness=ET,s=-,h=-,partial=-,quotient=-,src=canonical,dA=64,sec=Linf]/L3[chunks=1@0,rel=reduced-evaluation,qrm=11264,cqrm=0,eor=0,in=285440,out=128896;witness=ET,s=-,h=-,partial=-,quotient=-,src=canonical,dA=64,sec=L2]/L4[chunks=1@0,rel=reduced-evaluation,qrm=9856,cqrm=0,eor=0,in=128896,out=93696;witness=ET,s=-,h=-,partial=-,quotient=-,src=canonical,dA=64,sec=L2]/T[method=ET,src=canonical,eor=0,input=93696,dA=64,sec=L2]
fp128_dense	final=24:1;precommitted=	94e7a14c6d0dc602c7ebc7e2d1dd26de309a4ccf1ba006bd7c284ecae724ca0d	1048576	1048576	81246	7	d99c277db83a0f38f880356853508c592985503d36ebf680ece0236aa7ef30b1	cutover=L2;L0[chunks=1@0,rel=quotient,qrm=0,cqrm=0,eor=0,in=16777216,out=15583168;witness=PACK,s=64,h=16,partial=64,quotient=64,src=canonical,dA=1024,sec=Linf]/L1[chunks=1@0,rel=quotient,qrm=0,cqrm=0,eor=0,in=15583168,out=2670272;witness=PACK,s=64,h=8,partial=64,quotient=64,src=canonical,dA=512,sec=Linf]/L2[chunks=1@0,rel=reduced-evaluation,qrm=24768,cqrm=4128,eor=0,in=2670272,out=953408;witness=ET,s=-,h=-,partial=-,quotient=-,src=canonical,dA=64,sec=Linf]/L3[chunks=1@0,rel=reduced-evaluation,qrm=11648,cqrm=2496,eor=0,in=953408,out=280448;witness=ET,s=-,h=-,partial=-,quotient=-,src=canonical,dA=64,sec=L2]/L4[chunks=1@0,rel=reduced-evaluation,qrm=11264,cqrm=0,eor=0,in=280448,out=128896;witness=ET,s=-,h=-,partial=-,quotient=-,src=canonical,dA=64,sec=L2]/L5[chunks=1@0,rel=reduced-evaluation,qrm=9856,cqrm=0,eor=0,in=128896,out=93696;witness=ET,s=-,h=-,partial=-,quotient=-,src=canonical,dA=64,sec=L2]/T[method=ET,src=canonical,eor=0,input=93696,dA=64,sec=L2]
fp128_dense	final=26:1;precommitted=	c93e949f727a2db762f7dbfe2fcdcdc29cf0a3b5fd10f76b3019de436810bc9b	2097152	2097152	82748	7	024e6c18e70ec9a21a6411a743bbf6528831e728b60105463d0a4b3c2ec8ec8d	cutover=L2;L0[chunks=1@0,rel=quotient,qrm=0,cqrm=0,eor=0,in=67108864,out=31008704;witness=PACK,s=64,h=16,partial=64,quotient=64,src=canonical,dA=1024,sec=Linf]/L1[chunks=1@0,rel=quotient,qrm=0,cqrm=0,eor=0,in=31008704,out=4131584;witness=PACK,s=64,h=8,partial=64,quotient=64,src=canonical,dA=512,sec=Linf]/L2[chunks=1@0,rel=reduced-evaluation,qrm=14976,cqrm=2496,eor=0,in=4131584,out=614400;witness=ET,s=-,h=-,partial=-,quotient=-,src=canonical,dA=64,sec=Linf]/L3[chunks=1@0,rel=reduced-evaluation,qrm=11648,cqrm=2496,eor=0,in=614400,out=280960;witness=ET,s=-,h=-,partial=-,quotient=-,src=canonical,dA=64,sec=L2]/L4[chunks=1@0,rel=reduced-evaluation,qrm=11264,cqrm=0,eor=0,in=280960,out=128896;witness=ET,s=-,h=-,partial=-,quotient=-,src=canonical,dA=64,sec=L2]/L5[chunks=1@0,rel=reduced-evaluation,qrm=9856,cqrm=0,eor=0,in=128896,out=93696;witness=ET,s=-,h=-,partial=-,quotient=-,src=canonical,dA=64,sec=L2]/T[method=ET,src=canonical,eor=0,input=93696,dA=64,sec=L2]
fp128_dense	final=28:1;precommitted=	a46de3bb37f42fa48a71b95f2322aad4c4e9c8626b40c631cd6537cb251072a1	4194304	4194304	83244	7	608f0ca801450a1c8d5e3744f7619b479e0eedf491922afd141dd6b855203e9a	cutover=L2;L0[chunks=1@0,rel=quotient,qrm=0,cqrm=0,eor=0,in=268435456,out=61859776;witness=PACK,s=64,h=16,partial=64,quotient=64,src=canonical,dA=1024,sec=Linf]/L1[chunks=1@0,rel=quotient,qrm=0,cqrm=0,eor=0,in=61859776,out=4434752;witness=PACK,s=64,h=2,partial=64,quotient=64,src=canonical,dA=128,sec=Linf]/L2[chunks=1@0,rel=reduced-evaluation,qrm=24768,cqrm=4128,eor=0,in=4434752,out=1203840;witness=ET,s=-,h=-,partial=-,quotient=-,src=canonical,dA=64,sec=Linf]/L3[chunks=1@0,rel=reduced-evaluation,qrm=11648,cqrm=0,eor=0,in=1203840,out=289152;witness=ET,s=-,h=-,partial=-,quotient=-,src=canonical,dA=64,sec=L2]/L4[chunks=1@0,rel=reduced-evaluation,qrm=11264,cqrm=0,eor=0,in=289152,out=128896;witness=ET,s=-,h=-,partial=-,quotient=-,src=canonical,dA=64,sec=L2]/L5[chunks=1@0,rel=reduced-evaluation,qrm=9856,cqrm=0,eor=0,in=128896,out=93696;witness=ET,s=-,h=-,partial=-,quotient=-,src=canonical,dA=64,sec=L2]/T[method=ET,src=canonical,eor=0,input=93696,dA=64,sec=L2]
fp128_dense	final=30:1;precommitted=	0661c6ea7796b195873f4f0afc34e1f8ab8b773648907a24b0f5110247bb10d2	11272192	16777216	84362	8	9260c19683c32fe9ee297106fc75e94bf79bbabe0306aaf385a6cdbc95f542e9	cutover=L2;L0[chunks=1@0,rel=quotient,qrm=0,cqrm=0,eor=0,in=1073741824,out=126393728;witness=PACK,s=128,h=8,partial=128,quotient=128,src=canonical,dA=1024,sec=Linf]/L1[chunks=1@0,rel=quotient,qrm=0,cqrm=0,eor=0,in=126393728,out=6845376;witness=PACK,s=64,h=2,partial=64,quotient=64,src=canonical,dA=128,sec=Linf]/L2[chunks=1@0,rel=reduced-evaluation,qrm=24768,cqrm=4128,eor=0,in=6845376,out=1569856;witness=ET,s=-,h=-,partial=-,quotient=-,src=canonical,dA=64,sec=Linf]/L3[chunks=1@0,rel=reduced-evaluation,qrm=22016,cqrm=4128,eor=0,in=1569856,out=683008;witness=ET,s=-,h=-,partial=-,quotient=-,src=canonical,dA=64,sec=Linf]/L4[chunks=1@0,rel=reduced-evaluation,qrm=13312,cqrm=2496,eor=0,in=683008,out=265472;witness=ET,s=-,h=-,partial=-,quotient=-,src=canonical,dA=64,sec=Linf]/L5[chunks=1@0,rel=reduced-evaluation,qrm=11264,cqrm=0,eor=0,in=265472,out=128896;witness=ET,s=-,h=-,partial=-,quotient=-,src=canonical,dA=64,sec=L2]/L6[chunks=1@0,rel=reduced-evaluation,qrm=9856,cqrm=0,eor=0,in=128896,out=93696;witness=ET,s=-,h=-,partial=-,quotient=-,src=canonical,dA=64,sec=L2]/T[method=ET,src=canonical,eor=0,input=93696,dA=64,sec=L2]
fp128_dense	final=32:1;precommitted=	47272635f2438376271d1b13f43ae0fbb70effc54ee431f53fae213a90ff22bc	22544384	33554432	84594	8	77a4239d93a5745ad57f4e83309585ac612362d82acbcd997f60256c9c977d32	cutover=L2;L0[chunks=1@0,rel=quotient,qrm=0,cqrm=0,eor=0,in=4294967296,out=252616064;witness=PACK,s=128,h=8,partial=128,quotient=128,src=canonical,dA=1024,sec=Linf]/L1[chunks=1@0,rel=quotient,qrm=0,cqrm=0,eor=0,in=252616064,out=10299008;witness=PACK,s=64,h=8,partial=64,quotient=64,src=canonical,dA=512,sec=Linf]/L2[chunks=1@0,rel=reduced-evaluation,qrm=24768,cqrm=4128,eor=0,in=10299008,out=1843712;witness=ET,s=-,h=-,partial=-,quotient=-,src=canonical,dA=64,sec=Linf]/L3[chunks=1@0,rel=reduced-evaluation,qrm=22016,cqrm=4128,eor=0,in=1843712,out=765568;witness=ET,s=-,h=-,partial=-,quotient=-,src=canonical,dA=64,sec=Linf]/L4[chunks=1@0,rel=reduced-evaluation,qrm=13312,cqrm=2496,eor=0,in=765568,out=275456;witness=ET,s=-,h=-,partial=-,quotient=-,src=canonical,dA=64,sec=Linf]/L5[chunks=1@0,rel=reduced-evaluation,qrm=11264,cqrm=0,eor=0,in=275456,out=128896;witness=ET,s=-,h=-,partial=-,quotient=-,src=canonical,dA=64,sec=L2]/L6[chunks=1@0,rel=reduced-evaluation,qrm=9856,cqrm=0,eor=0,in=128896,out=93696;witness=ET,s=-,h=-,partial=-,quotient=-,src=canonical,dA=64,sec=L2]/T[method=ET,src=canonical,eor=0,input=93696,dA=64,sec=L2]
fp128_dense_bounded	final=14:1;precommitted=	235fdc37cb4e83e243a17cafde8597967ef2316443a2656dee73a57dc55cac8e	163840	32768	73852	5	5456145eb170d52daaac86f308ba1785d17ffcfdcbaea41a0387f82d760e4f98	cutover=L2;L0[chunks=1@0,rel=quotient,qrm=0,cqrm=0,eor=0,in=16384,out=338368;witness=PACK,s=64,h=8,partial=64,quotient=64,src=canonical,dA=512,sec=Linf]/L1[chunks=1@0,rel=quotient,qrm=0,cqrm=0,eor=0,in=338368,out=225600;witness=PACK,s=128,h=2,partial=128,quotient=128,src=canonical,dA=256,sec=Linf]/L2[chunks=1@0,rel=reduced-evaluation,qrm=12672,cqrm=0,eor=0,in=225600,out=124672;witness=ET,s=-,h=-,partial=-,quotient=-,src=canonical,dA=64,sec=Linf]/L3[chunks=1@0,rel=reduced-evaluation,qrm=9856,cqrm=0,eor=0,in=124672,out=93696;witness=ET,s=-,h=-,partial=-,quotient=-,src=canonical,dA=64,sec=L2]/T[method=ET,src=canonical,eor=0,input=93696,dA=64,sec=L2]
fp128_dense_bounded	final=24:1;precommitted=	94e7a14c6d0dc602c7ebc7e2d1dd26de309a4ccf1ba006bd7c284ecae724ca0d	1048576	1048576	80790	7	933a1fcd681e978662c8b6833ee4871183fefb0dc7eda773b74c98d6f73bdac6	cutover=L2;L0[chunks=1@0,rel=quotient,qrm=0,cqrm=0,eor=0,in=16777216,out=9963392;witness=PACK,s=128,h=4,partial=128,quotient=128,src=canonical,dA=512,sec=Linf]/L1[chunks=1@0,rel=quotient,qrm=0,cqrm=0,eor=0,in=9963392,out=2093952;witness=PACK,s=64,h=2,partial=64,quotient=64,src=canonical,dA=128,sec=Linf]/L2[chunks=1@0,rel=reduced-evaluation,qrm=22016,cqrm=4128,eor=0,in=2093952,out=815104;witness=ET,s=-,h=-,partial=-,quotient=-,src=canonical,dA=64,sec=Linf]/L3[chunks=1@0,rel=reduced-evaluation,qrm=13312,cqrm=2496,eor=0,in=815104,out=285440;witness=ET,s=-,h=-,partial=-,quotient=-,src=canonical,dA=64,sec=Linf]/L4[chunks=1@0,rel=reduced-evaluation,qrm=11264,cqrm=0,eor=0,in=285440,out=128896;witness=ET,s=-,h=-,partial=-,quotient=-,src=canonical,dA=64,sec=L2]/L5[chunks=1@0,rel=reduced-evaluation,qrm=9856,cqrm=0,eor=0,in=128896,out=93696;witness=ET,s=-,h=-,partial=-,quotient=-,src=canonical,dA=64,sec=L2]/T[method=ET,src=canonical,eor=0,input=93696,dA=64,sec=L2]
fp128_dense_bounded	final=26:1;precommitted=	c93e949f727a2db762f7dbfe2fcdcdc29cf0a3b5fd10f76b3019de436810bc9b	1409024	2097152	81362	7	a619c5ef677855b85471f790b2ea4eb20d1784d5d05de25f79e1d491d81bd785	cutover=L2;L0[chunks=1@0,rel=quotient,qrm=0,cqrm=0,eor=0,in=67108864,out=22620096;witness=PACK,s=64,h=16,partial=64,quotient=64,src=canonical,dA=1024,sec=Linf]/L1[chunks=1@0,rel=quotient,qrm=0,cqrm=0,eor=0,in=22620096,out=3256896;witness=PACK,s=64,h=8,partial=64,quotient=64,src=canonical,dA=512,sec=Linf]/L2[chunks=1@0,rel=reduced-evaluation,qrm=24768,cqrm=4128,eor=0,in=3256896,out=1030464;witness=ET,s=-,h=-,partial=-,quotient=-,src=canonical,dA=64,sec=Linf]/L3[chunks=1@0,rel=reduced-evaluation,qrm=11648,cqrm=2496,eor=0,in=1030464,out=288768;witness=ET,s=-,h=-,partial=-,quotient=-,src=canonical,dA=64,sec=L2]/L4[chunks=1@0,rel=reduced-evaluation,qrm=11264,cqrm=0,eor=0,in=288768,out=128896;witness=ET,s=-,h=-,partial=-,quotient=-,src=canonical,dA=64,sec=L2]/L5[chunks=1@0,rel=reduced-evaluation,qrm=9856,cqrm=0,eor=0,in=128896,out=93696;witness=ET,s=-,h=-,partial=-,quotient=-,src=canonical,dA=64,sec=L2]/T[method=ET,src=canonical,eor=0,input=93696,dA=64,sec=L2]
fp128_dense_multi_chunk	final=16:1;precommitted=	619d5acd56307a5aff5911635e36969a167028482b33cc55f9f90598a55554be	786432	65536	82896	7	4f331fa1d082c65127b5e702dc2e1ccf242c16839793f7c4d5157fafde5176d5	cutover=L2;L0[chunks=8@2,rel=quotient,qrm=0,cqrm=0,eor=0,in=65536,out=4876224;witness=PACK,s=64,h=16,partial=64,quotient=64,src=canonical,dA=1024,sec=Linf]/L1[chunks=8@2,rel=quotient,qrm=0,cqrm=0,eor=0,in=4876224,out=4460992;witness=PACK,s=64,h=4,partial=64,quotient=64,src=canonical,dA=256,sec=Linf]/L2[chunks=1@0,rel=reduced-evaluation,qrm=24768,cqrm=4128,eor=0,in=4460992,out=1223104;witness=ET,s=-,h=-,partial=-,quotient=-,src=canonical,dA=64,sec=Linf]/L3[chunks=1@0,rel=reduced-evaluation,qrm=11648,cqrm=0,eor=0,in=1223104,out=289152;witness=ET,s=-,h=-,partial=-,quotient=-,src=canonical,dA=64,sec=L2]/L4[chunks=1@0,rel=reduced-evaluation,qrm=11264,cqrm=0,eor=0,in=289152,out=128896;witness=ET,s=-,h=-,partial=-,quotient=-,src=canonical,dA=64,sec=L2]/L5[chunks=1@0,rel=reduced-evaluation,qrm=9856,cqrm=0,eor=0,in=128896,out=93696;witness=ET,s=-,h=-,partial=-,quotient=-,src=canonical,dA=64,sec=L2]/T[method=ET,src=canonical,eor=0,input=93696,dA=64,sec=L2]
fp128_dense_multi_chunk_w8r3	final=16:1;precommitted=	619d5acd56307a5aff5911635e36969a167028482b33cc55f9f90598a55554be	1799808	65536	84594	8	3359695991ef325249e669ee8c2f045d1b2a7238c37bd8637f091ced4c6dc64f	cutover=L2;L0[chunks=8@3,rel=quotient,qrm=0,cqrm=0,eor=0,in=65536,out=4876224;witness=PACK,s=64,h=16,partial=64,quotient=64,src=canonical,dA=1024,sec=Linf]/L1[chunks=8@3,rel=quotient,qrm=0,cqrm=0,eor=0,in=4876224,out=3562496;witness=PACK,s=128,h=1,partial=128,quotient=128,src=canonical,dA=128,sec=Linf]/L2[chunks=8@3,rel=reduced-evaluation,qrm=24768,cqrm=4128,eor=0,in=3562496,out=3301376;witness=ET,s=-,h=-,partial=-,quotient=-,src=canonical,dA=64,sec=Linf]/L3[chunks=1@0,rel=reduced-evaluation,qrm=19264,cqrm=4128,eor=0,in=3301376,out=906624;witness=ET,s=-,h=-,partial=-,quotient=-,src=canonical,dA=64,sec=L2]/L4[chunks=1@0,rel=reduced-evaluation,qrm=11648,cqrm=2496,eor=0,in=906624,out=272128;witness=ET,s=-,h=-,partial=-,quotient=-,src=canonical,dA=64,sec=L2]/L5[chunks=1@0,rel=reduced-evaluation,qrm=11264,cqrm=0,eor=0,in=272128,out=128896;witness=ET,s=-,h=-,partial=-,quotient=-,src=canonical,dA=64,sec=L2]/L6[chunks=1@0,rel=reduced-evaluation,qrm=9856,cqrm=0,eor=0,in=128896,out=93696;witness=ET,s=-,h=-,partial=-,quotient=-,src=canonical,dA=64,sec=L2]/T[method=ET,src=canonical,eor=0,input=93696,dA=64,sec=L2]
fp128_dense_recursive	final=20:1;precommitted=	7e615f063166da9e18d6e9eacc305f7128e85099f64b8b48278e935e02e876fe	245760	262144	191442	3	2826e221ae3764fc597d1d92055de14c86b8a92c4af001b8fdb3bc2ecc7d1682	cutover=none;L0[chunks=1@0,rel=quotient,qrm=0,cqrm=0,eor=0,in=1048576,out=3195328;witness=PACK,s=64,h=8,partial=64,quotient=64,src=canonical,dA=512,sec=Linf]/L1[chunks=1@0,rel=quotient,qrm=0,cqrm=0,eor=0,in=3195328,out=711488;witness=PACK,s=64,h=8,partial=64,quotient=64,src=canonical,dA=512,sec=Linf]/T[method=ET,src=canonical,eor=0,input=711488,dA=64,sec=Linf]
fp128_dense_recursive	final=22:1;precommitted=	43c57a9c37004f9565033f2c8ae56fdc6891e2e8ee936abeb6267fa9a84e3696	524288	524288	80674	7	1276cb58d4dc075fa77301e703d319120d1c01fb9286cefa683b5fe2f8c9e564	cutover=L2;L0[chunks=1@0,rel=quotient,qrm=0,cqrm=0,eor=0,in=4194304,out=7870400;witness=PACK,s=64,h=16,partial=64,quotient=64,src=canonical,dA=1024,sec=Linf]/L1[chunks=1@0,rel=quotient,qrm=0,cqrm=0,eor=0,in=7870400,out=1908224;witness=PACK,s=64,h=8,partial=64,quotient=64,src=canonical,dA=512,sec=Linf]/L2[chunks=1@0,rel=reduced-evaluation,qrm=22016,cqrm=4128,eor=0,in=1908224,out=782080;witness=ET,s=-,h=-,partial=-,quotient=-,src=canonical,dA=64,sec=Linf]/L3[chunks=1@0,rel=reduced-evaluation,qrm=13312,cqrm=2496,eor=0,in=782080,out=275456;witness=ET,s=-,h=-,partial=-,quotient=-,src=canonical,dA=64,sec=Linf]/L4[chunks=1@0,rel=reduced-evaluation,qrm=11264,cqrm=0,eor=0,in=275456,out=128896;witness=ET,s=-,h=-,partial=-,quotient=-,src=canonical,dA=64,sec=L2]/L5[chunks=1@0,rel=reduced-evaluation,qrm=9856,cqrm=0,eor=0,in=128896,out=93696;witness=ET,s=-,h=-,partial=-,quotient=-,src=canonical,dA=64,sec=L2]/T[method=ET,src=canonical,eor=0,input=93696,dA=64,sec=L2]
fp128_dense_recursive	final=24:1;precommitted=	94e7a14c6d0dc602c7ebc7e2d1dd26de309a4ccf1ba006bd7c284ecae724ca0d	1048576	524288	86026	8	f41b27fa5acd8d745e02b5fc5718ad13de29a597ebff120e63d94bc9408f7a07	cutover=L2;L0[chunks=1@0,rel=quotient,qrm=0,cqrm=0,eor=0,in=16777216,out=15583168;witness=PACK,s=64,h=16,partial=64,quotient=64,src=canonical,dA=1024,sec=Linf]/L1[chunks=1@0,rel=quotient,qrm=0,cqrm=0,eor=0,in=15583168,out=4225536;witness=PACK,s=64,h=4,partial=64,quotient=64,src=canonical,dA=256,sec=Linf;prefix=PACK,s=64,h=4,partial=64,quotient=64,src=canonical,dA=256,sec=Linf]/L2[chunks=1@0,rel=reduced-evaluation,qrm=18432,cqrm=3072,eor=0,in=4225536,out=890880;witness=ET,s=-,h=-,partial=-,quotient=-,src=canonical,dA=64,sec=Linf]/L3[chunks=1@0,rel=reduced-evaluation,qrm=16384,cqrm=3072,eor=0,in=890880,out=393216;witness=ET,s=-,h=-,partial=-,quotient=-,src=canonical,dA=64,sec=Linf]/L4[chunks=1@0,rel=reduced-evaluation,qrm=14336,cqrm=0,eor=0,in=393216,out=221184;witness=ET,s=-,h=-,partial=-,quotient=-,src=canonical,dA=64,sec=L2]/L5[chunks=1@0,rel=reduced-evaluation,qrm=11648,cqrm=0,eor=0,in=221184,out=123776;witness=ET,s=-,h=-,partial=-,quotient=-,src=canonical,dA=64,sec=L2]/L6[chunks=1@0,rel=reduced-evaluation,qrm=9856,cqrm=0,eor=0,in=123776,out=93696;witness=ET,s=-,h=-,partial=-,quotient=-,src=canonical,dA=64,sec=L2]/T[method=ET,src=canonical,eor=0,input=93696,dA=64,sec=L2]
fp128_dense_recursive	final=26:1;precommitted=	c93e949f727a2db762f7dbfe2fcdcdc29cf0a3b5fd10f76b3019de436810bc9b	2097152	2097152	82748	7	024e6c18e70ec9a21a6411a743bbf6528831e728b60105463d0a4b3c2ec8ec8d	cutover=L2;L0[chunks=1@0,rel=quotient,qrm=0,cqrm=0,eor=0,in=67108864,out=31008704;witness=PACK,s=64,h=16,partial=64,quotient=64,src=canonical,dA=1024,sec=Linf]/L1[chunks=1@0,rel=quotient,qrm=0,cqrm=0,eor=0,in=31008704,out=4131584;witness=PACK,s=64,h=8,partial=64,quotient=64,src=canonical,dA=512,sec=Linf]/L2[chunks=1@0,rel=reduced-evaluation,qrm=14976,cqrm=2496,eor=0,in=4131584,out=614400;witness=ET,s=-,h=-,partial=-,quotient=-,src=canonical,dA=64,sec=Linf]/L3[chunks=1@0,rel=reduced-evaluation,qrm=11648,cqrm=2496,eor=0,in=614400,out=280960;witness=ET,s=-,h=-,partial=-,quotient=-,src=canonical,dA=64,sec=L2]/L4[chunks=1@0,rel=reduced-evaluation,qrm=11264,cqrm=0,eor=0,in=280960,out=128896;witness=ET,s=-,h=-,partial=-,quotient=-,src=canonical,dA=64,sec=L2]/L5[chunks=1@0,rel=reduced-evaluation,qrm=9856,cqrm=0,eor=0,in=128896,out=93696;witness=ET,s=-,h=-,partial=-,quotient=-,src=canonical,dA=64,sec=L2]/T[method=ET,src=canonical,eor=0,input=93696,dA=64,sec=L2]
fp128_dense_recursive	final=28:1;precommitted=	a46de3bb37f42fa48a71b95f2322aad4c4e9c8626b40c631cd6537cb251072a1	4194304	2097152	85716	8	206a12b3f352f74e16684c1e028d60fee77b0cd3503d05d96f6e2776aae00956	cutover=L2;L0[chunks=1@0,rel=quotient,qrm=0,cqrm=0,eor=0,in=268435456,out=61859776;witness=PACK,s=64,h=16,partial=64,quotient=64,src=canonical,dA=1024,sec=Linf]/L1[chunks=1@0,rel=quotient,qrm=0,cqrm=0,eor=0,in=61859776,out=17385984;witness=PACK,s=512,h=1,partial=512,quotient=512,src=canonical,dA=512,sec=Linf;prefix=PACK,s=512,h=1,partial=512,quotient=512,src=canonical,dA=512,sec=Linf]/L2[chunks=1@0,rel=reduced-evaluation,qrm=24768,cqrm=4128,eor=0,in=17385984,out=2363840;witness=ET,s=-,h=-,partial=-,quotient=-,src=canonical,dA=64,sec=Linf]/L3[chunks=1@0,rel=reduced-evaluation,qrm=22016,cqrm=4128,eor=0,in=2363840,out=897664;witness=ET,s=-,h=-,partial=-,quotient=-,src=canonical,dA=64,sec=Linf]/L4[chunks=1@0,rel=reduced-evaluation,qrm=11648,cqrm=2496,eor=0,in=897664,out=272128;witness=ET,s=-,h=-,partial=-,quotient=-,src=canonical,dA=64,sec=L2]/L5[chunks=1@0,rel=reduced-evaluation,qrm=11264,cqrm=0,eor=0,in=272128,out=128896;witness=ET,s=-,h=-,partial=-,quotient=-,src=canonical,dA=64,sec=L2]/L6[chunks=1@0,rel=reduced-evaluation,qrm=9856,cqrm=0,eor=0,in=128896,out=93696;witness=ET,s=-,h=-,partial=-,quotient=-,src=canonical,dA=64,sec=L2]/T[method=ET,src=canonical,eor=0,input=93696,dA=64,sec=L2]
fp128_onehot	final=12:1;precommitted=	7cea46be72a904b2bacfbccb7a070499ba20889044145649c3db3f45a73dc084	65536	16384	46311	2	b6f3623ae0586a594e13529dbd6e244df6c18dbe404e4c793c1bf1ed031f1acd	cutover=none;L0[chunks=1@0,rel=quotient,qrm=0,cqrm=0,eor=0,in=4096,out=69312;witness=PACK,s=128,h=1,partial=128,quotient=128,src=canonical,dA=128,sec=Linf]/T[method=ET,src=canonical,eor=0,input=69312,dA=64,sec=Linf]
fp128_onehot	final=14:1;precommitted=	235fdc37cb4e83e243a17cafde8597967ef2316443a2656dee73a57dc55cac8e	65536	16384	46311	2	25d4e41ca55256ea11e84029f21678381fd1d3700ab153390682a2c48a18c25b	cutover=none;L0[chunks=1@0,rel=quotient,qrm=0,cqrm=0,eor=0,in=16384,out=75456;witness=PACK,s=128,h=1,partial=128,quotient=128,src=canonical,dA=128,sec=Linf]/T[method=ET,src=canonical,eor=0,input=75456,dA=64,sec=Linf]
fp128_onehot	final=14:2;precommitted=	8a40a8595c14901ece876c6c020dbcdba59bed81270cf9431da74003d3a138aa	131072	32768	59624	2	5e0635142aa101f187c94e61a09caf6e1bbaa023b32bc3805efff641d7794386	cutover=none;L0[chunks=1@0,rel=quotient,qrm=0,cqrm=0,eor=0,in=16384,out=116608;witness=PACK,s=64,h=1,partial=64,quotient=64,src=canonical,dA=64,sec=Linf]/T[method=ET,src=canonical,eor=0,input=116608,dA=64,sec=Linf]
fp128_onehot	final=15:1;precommitted=	fe784ff5321ce50dc781655bbe7fc9a71f08d9527d5445702d0e8e2a2d41fc87	65536	16384	51431	2	8de036ea4dc3150a38c0dc53243d6828ee07515c762904d3f6e375caaa477137	cutover=none;L0[chunks=1@0,rel=quotient,qrm=0,cqrm=0,eor=0,in=32768,out=83648;witness=PACK,s=128,h=1,partial=128,quotient=128,src=canonical,dA=128,sec=Linf]/T[method=ET,src=canonical,eor=0,input=83648,dA=64,sec=Linf]
fp128_onehot	final=15:4;precommitted=	68fb5e2e5571f333ccc18953a6f62b93350179816ef43b814506341ba44a8ef1	131072	65536	69980	2	d51df5ed6f3ce62141ad23e9be51f9e6385caafd1c24799d0e5a5f5702b61cde	cutover=none;L0[chunks=1@0,rel=quotient,qrm=0,cqrm=0,eor=0,in=32768,out=177024;witness=PACK,s=64,h=1,partial=64,quotient=64,src=canonical,dA=64,sec=Linf]/T[method=ET,src=canonical,eor=0,input=177024,dA=64,sec=Linf]
fp128_onehot	final=16:1;precommitted=	619d5acd56307a5aff5911635e36969a167028482b33cc55f9f90598a55554be	131072	16384	69979	2	4673f129ee6f65cd1ad632ba5f75c3ddda4b0c58a36b0d33a9ab588497b8cf88	cutover=none;L0[chunks=1@0,rel=quotient,qrm=0,cqrm=0,eor=0,in=65536,out=168640;witness=PACK,s=64,h=4,partial=64,quotient=64,src=canonical,dA=256,sec=Linf]/T[method=ET,src=canonical,eor=0,input=168640,dA=64,sec=Linf]
fp128_onehot	final=16:1;precommitted=14:1	4a803519410706a55e7c34508587b356c40d472b50b203f3d9f7936a26005f47	163840	32768	73111	4	ff9e3245b7db6d0f184eaa71004af8075883689e17dd2ef688d6e752e2948384	cutover=L2;L0[chunks=1@0,rel=quotient,qrm=0,cqrm=0,eor=0,in=65536,out=158336;witness=PACK,s=128,h=1,partial=128,quotient=128,src=canonical,dA=128,sec=Linf;pre0=PACK,s=128,h=1,partial=128,quotient=128,src=canonical,dA=128,sec=Linf]/L1[chunks=1@0,rel=quotient,qrm=0,cqrm=0,eor=0,in=158336,out=155840;witness=PACK,s=128,h=1,partial=128,quotient=128,src=canonical,dA=128,sec=Linf]/L2[chunks=1@0,rel=reduced-evaluation,qrm=12672,cqrm=0,eor=0,in=155840,out=107776;witness=ET,s=-,h=-,partial=-,quotient=-,src=canonical,dA=64,sec=Linf]/T[method=ET,src=canonical,eor=0,input=107776,dA=64,sec=L2]
fp128_onehot	final=16:1;precommitted=14:1,15:2	a7edb74ec411b6db7215811c008a5e33f5c7d27b18a1564efe1eb407abac02f5	327680	65536	77038	6	d7a8f82c8638581f433aaaa4d0950b0826e2404f051ee0635398bd9c132f9c13	cutover=L2;L0[chunks=1@0,rel=quotient,qrm=0,cqrm=0,eor=0,in=65536,out=1033728;witness=PACK,s=64,h=4,partial=64,quotient=64,src=canonical,dA=256,sec=Linf;pre0=PACK,s=128,h=1,partial=128,quotient=128,src=canonical,dA=128,sec=Linf;pre1=PACK,s=64,h=8,partial=64,quotient=64,src=canonical,dA=512,sec=Linf]/L1[chunks=1@0,rel=quotient,qrm=0,cqrm=0,eor=0,in=1033728,out=522496;witness=PACK,s=128,h=2,partial=128,quotient=128,src=canonical,dA=256,sec=Linf]/L2[chunks=1@0,rel=reduced-evaluation,qrm=13312,cqrm=2496,eor=0,in=522496,out=235520;witness=ET,s=-,h=-,partial=-,quotient=-,src=canonical,dA=64,sec=Linf]/L3[chunks=1@0,rel=reduced-evaluation,qrm=11264,cqrm=0,eor=0,in=235520,out=121856;witness=ET,s=-,h=-,partial=-,quotient=-,src=canonical,dA=64,sec=L2]/L4[chunks=1@0,rel=reduced-evaluation,qrm=9856,cqrm=0,eor=0,in=121856,out=93696;witness=ET,s=-,h=-,partial=-,quotient=-,src=canonical,dA=64,sec=L2]/T[method=ET,src=canonical,eor=0,input=93696,dA=64,sec=L2]
fp128_onehot	final=16:1;precommitted=14:1;producer_contracts=balanced(bound=65)	d64b0853a3c757d5b955880f6d01429c70590908506fb6eb13a7b59925b1e908	183040	32768	74563	5	4b13f1b42e61e115f13191bf15c1b6b419fa4d181a27f37af78845431fbdd687	cutover=L2;L0[chunks=1@0,rel=quotient,qrm=0,cqrm=0,eor=0,in=65536,out=421376;witness=PACK,s=128,h=1,partial=128,quotient=128,src=canonical,dA=128,sec=Linf;pre0=PACK,s=64,h=8,partial=64,quotient=64,src=canonical,dA=512,sec=Linf]/L1[chunks=1@0,rel=quotient,qrm=0,cqrm=0,eor=0,in=421376,out=222912;witness=PACK,s=64,h=1,partial=64,quotient=64,src=canonical,dA=64,sec=Linf]/L2[chunks=1@0,rel=reduced-evaluation,qrm=12672,cqrm=0,eor=0,in=222912,out=124672;witness=ET,s=-,h=-,partial=-,quotient=-,src=canonical,dA=64,sec=Linf]/L3[chunks=1@0,rel=reduced-evaluation,qrm=9856,cqrm=0,eor=0,in=124672,out=93696;witness=ET,s=-,h=-,partial=-,quotient=-,src=canonical,dA=64,sec=L2]/T[method=ET,src=canonical,eor=0,input=93696,dA=64,sec=L2]
fp128_onehot	final=16:2;precommitted=	1d3119b577401489425a46a52a8368829ffee0287db544156fcb790c4c1190e1	131072	32768	69981	2	30b6c50eedb0204de19f3743c804bf5386a2f3a76b609b512e178f51422ccc61	cutover=none;L0[chunks=1@0,rel=quotient,qrm=0,cqrm=0,eor=0,in=65536,out=179520;witness=PACK,s=64,h=4,partial=64,quotient=64,src=canonical,dA=256,sec=Linf]/T[method=ET,src=canonical,eor=0,input=179520,dA=64,sec=Linf]
fp128_onehot	final=18:1;precommitted=	0a64fd27f49046793d7d00ee8c2bda3757f24e60e86752300778d44cd119e709	163840	32768	73128	5	0dfd3ed8e9222ce930c526de70638019da1830869beb8d2aae5b4729e0c8de4a	cutover=L2;L0[chunks=1@0,rel=quotient,qrm=0,cqrm=0,eor=0,in=262144,out=256448;witness=PACK,s=64,h=4,partial=64,quotient=64,src=canonical,dA=256,sec=Linf]/L1[chunks=1@0,rel=quotient,qrm=0,cqrm=0,eor=0,in=256448,out=224256;witness=PACK,s=128,h=2,partial=128,quotient=128,src=canonical,dA=256,sec=Linf]/L2[chunks=1@0,rel=reduced-evaluation,qrm=12672,cqrm=0,eor=0,in=224256,out=124672;witness=ET,s=-,h=-,partial=-,quotient=-,src=canonical,dA=64,sec=Linf]/L3[chunks=1@0,rel=reduced-evaluation,qrm=9856,cqrm=0,eor=0,in=124672,out=93696;witness=ET,s=-,h=-,partial=-,quotient=-,src=canonical,dA=64,sec=L2]/T[method=ET,src=canonical,eor=0,input=93696,dA=64,sec=L2]
fp128_onehot	final=20:1;precommitted=	7e615f063166da9e18d6e9eacc305f7128e85099f64b8b48278e935e02e876fe	163840	65536	76312	6	a71723c2aa5482453f8c49f148840482b27fd6c7a96ccbf3464fdba7550d32e6	cutover=L2;L0[chunks=1@0,rel=quotient,qrm=0,cqrm=0,eor=0,in=1048576,out=432064;witness=PACK,s=64,h=4,partial=64,quotient=64,src=canonical,dA=256,sec=Linf]/L1[chunks=1@0,rel=quotient,qrm=0,cqrm=0,eor=0,in=432064,out=351872;witness=PACK,s=64,h=4,partial=64,quotient=64,src=canonical,dA=256,sec=Linf]/L2[chunks=1@0,rel=reduced-evaluation,qrm=16384,cqrm=3072,eor=0,in=351872,out=258048;witness=ET,s=-,h=-,partial=-,quotient=-,src=canonical,dA=64,sec=Linf]/L3[chunks=1@0,rel=reduced-evaluation,qrm=11264,cqrm=0,eor=0,in=258048,out=121856;witness=ET,s=-,h=-,partial=-,quotient=-,src=canonical,dA=64,sec=L2]/L4[chunks=1@0,rel=reduced-evaluation,qrm=9856,cqrm=0,eor=0,in=121856,out=93696;witness=ET,s=-,h=-,partial=-,quotient=-,src=canonical,dA=64,sec=L2]/T[method=ET,src=canonical,eor=0,input=93696,dA=64,sec=L2]
fp128_onehot	final=20:1;precommitted=14:1	69a43114e91993b4fff4b1e8f3ac3dd5684c65225ba7032276e0fefca119ae3a	163840	65536	76464	6	7a84323ebcc46953b352f135f6e63b6e70a4fbcfaaaff1e6a9dd3c151422c941	cutover=L2;L0[chunks=1@0,rel=quotient,qrm=0,cqrm=0,eor=0,in=1048576,out=490496;witness=PACK,s=64,h=4,partial=64,quotient=64,src=canonical,dA=256,sec=Linf;pre0=PACK,s=128,h=1,partial=128,quotient=128,src=canonical,dA=128,sec=Linf]/L1[chunks=1@0,rel=quotient,qrm=0,cqrm=0,eor=0,in=490496,out=390400;witness=PACK,s=128,h=2,partial=128,quotient=128,src=canonical,dA=256,sec=Linf]/L2[chunks=1@0,rel=reduced-evaluation,qrm=16384,cqrm=3072,eor=0,in=390400,out=270336;witness=ET,s=-,h=-,partial=-,quotient=-,src=canonical,dA=64,sec=Linf]/L3[chunks=1@0,rel=reduced-evaluation,qrm=11264,cqrm=0,eor=0,in=270336,out=128896;witness=ET,s=-,h=-,partial=-,quotient=-,src=canonical,dA=64,sec=L2]/L4[chunks=1@0,rel=reduced-evaluation,qrm=9856,cqrm=0,eor=0,in=128896,out=93696;witness=ET,s=-,h=-,partial=-,quotient=-,src=canonical,dA=64,sec=L2]/T[method=ET,src=canonical,eor=0,input=93696,dA=64,sec=L2]
fp128_onehot	final=20:1;precommitted=14:2	6130d294b9a75f2417eefbed23ea8deae124c1394f9e773c3f1dd956a2a9f901	163840	65536	76580	6	2843ffbf282c92a046c5494a0e8ea1e71721a2c0009fef59c721b9119c34f0d1	cutover=L2;L0[chunks=1@0,rel=quotient,qrm=0,cqrm=0,eor=0,in=1048576,out=531712;witness=PACK,s=64,h=4,partial=64,quotient=64,src=canonical,dA=256,sec=Linf;pre0=PACK,s=64,h=1,partial=64,quotient=64,src=canonical,dA=64,sec=Linf]/L1[chunks=1@0,rel=quotient,qrm=0,cqrm=0,eor=0,in=531712,out=406912;witness=PACK,s=128,h=2,partial=128,quotient=128,src=canonical,dA=256,sec=Linf]/L2[chunks=1@0,rel=reduced-evaluation,qrm=16384,cqrm=3072,eor=0,in=406912,out=282624;witness=ET,s=-,h=-,partial=-,quotient=-,src=canonical,dA=64,sec=Linf]/L3[chunks=1@0,rel=reduced-evaluation,qrm=11264,cqrm=0,eor=0,in=282624,out=128896;witness=ET,s=-,h=-,partial=-,quotient=-,src=canonical,dA=64,sec=L2]/L4[chunks=1@0,rel=reduced-evaluation,qrm=9856,cqrm=0,eor=0,in=128896,out=93696;witness=ET,s=-,h=-,partial=-,quotient=-,src=canonical,dA=64,sec=L2]/T[method=ET,src=canonical,eor=0,input=93696,dA=64,sec=L2]
fp128_onehot	final=20:2;precommitted=	024daea0560fa394f9aaded7cdd706e307cff8e2828bed1c0d981aefbbbf6ef4	163840	131072	76580	6	c826a791ea8b55dee3d01d3dbbf83491a9c47b2aa47bf8b77e03e704c71e590f	cutover=L2;L0[chunks=1@0,rel=quotient,qrm=0,cqrm=0,eor=0,in=1048576,out=541248;witness=PACK,s=64,h=4,partial=64,quotient=64,src=canonical,dA=256,sec=Linf]/L1[chunks=1@0,rel=quotient,qrm=0,cqrm=0,eor=0,in=541248,out=406912;witness=PACK,s=128,h=2,partial=128,quotient=128,src=canonical,dA=256,sec=Linf]/L2[chunks=1@0,rel=reduced-evaluation,qrm=16384,cqrm=3072,eor=0,in=406912,out=282624;witness=ET,s=-,h=-,partial=-,quotient=-,src=canonical,dA=64,sec=Linf]/L3[chunks=1@0,rel=reduced-evaluation,qrm=11264,cqrm=0,eor=0,in=282624,out=128896;witness=ET,s=-,h=-,partial=-,quotient=-,src=canonical,dA=64,sec=L2]/L4[chunks=1@0,rel=reduced-evaluation,qrm=9856,cqrm=0,eor=0,in=128896,out=93696;witness=ET,s=-,h=-,partial=-,quotient=-,src=canonical,dA=64,sec=L2]/T[method=ET,src=canonical,eor=0,input=93696,dA=64,sec=L2]
fp128_onehot	final=20:2;precommitted=14:1	04e3f11e898185d2fb813267b7354610ca97fb872364415877d77e1692abfdd4	163840	131072	76580	6	5a375c6c601e281d226d818cde787338e3aca6e3d31db6986478cb59eecde60b	cutover=L2;L0[chunks=1@0,rel=quotient,qrm=0,cqrm=0,eor=0,in=1048576,out=599552;witness=PACK,s=64,h=4,partial=64,quotient=64,src=canonical,dA=256,sec=Linf;pre0=PACK,s=128,h=1,partial=128,quotient=128,src=canonical,dA=128,sec=Linf]/L1[chunks=1@0,rel=quotient,qrm=0,cqrm=0,eor=0,in=599552,out=423424;witness=PACK,s=128,h=2,partial=128,quotient=128,src=canonical,dA=256,sec=Linf]/L2[chunks=1@0,rel=reduced-evaluation,qrm=16384,cqrm=3072,eor=0,in=423424,out=282624;witness=ET,s=-,h=-,partial=-,quotient=-,src=canonical,dA=64,sec=Linf]/L3[chunks=1@0,rel=reduced-evaluation,qrm=11264,cqrm=0,eor=0,in=282624,out=128896;witness=ET,s=-,h=-,partial=-,quotient=-,src=canonical,dA=64,sec=L2]/L4[chunks=1@0,rel=reduced-evaluation,qrm=9856,cqrm=0,eor=0,in=128896,out=93696;witness=ET,s=-,h=-,partial=-,quotient=-,src=canonical,dA=64,sec=L2]/T[method=ET,src=canonical,eor=0,input=93696,dA=64,sec=L2]
fp128_onehot	final=20:4;precommitted=	1af5783e63010bd55e2ba781c36f9bea6db9cbe9fa4389d166ef22c347deb309	327680	131072	77038	6	0df99344e2c943bcb2ea2dcc266fd3510a2748cfc3b5e2725587166b8e00aa06	cutover=L2;L0[chunks=1@0,rel=quotient,qrm=0,cqrm=0,eor=0,in=1048576,out=914368;witness=PACK,s=64,h=4,partial=64,quotient=64,src=canonical,dA=256,sec=Linf]/L1[chunks=1@0,rel=quotient,qrm=0,cqrm=0,eor=0,in=914368,out=489472;witness=PACK,s=128,h=2,partial=128,quotient=128,src=canonical,dA=256,sec=Linf]/L2[chunks=1@0,rel=reduced-evaluation,qrm=13312,cqrm=2496,eor=0,in=489472,out=235520;witness=ET,s=-,h=-,partial=-,quotient=-,src=canonical,dA=64,sec=Linf]/L3[chunks=1@0,rel=reduced-evaluation,qrm=11264,cqrm=0,eor=0,in=235520,out=121856;witness=ET,s=-,h=-,partial=-,quotient=-,src=canonical,dA=64,sec=L2]/L4[chunks=1@0,rel=reduced-evaluation,qrm=9856,cqrm=0,eor=0,in=121856,out=93696;witness=ET,s=-,h=-,partial=-,quotient=-,src=canonical,dA=64,sec=L2]/T[method=ET,src=canonical,eor=0,input=93696,dA=64,sec=L2]
fp128_onehot	final=20:4;precommitted=14:1,14:1	e49edca76b971eac0a8dcf6f18334c902e0c9046fedc6b5b451165236b547d0d	327680	131072	77038	6	c53b6a0bb6d56815eb95dc94b5c5a76f2c8ee0243cd362d4d82bb60714b19ec2	cutover=L2;L0[chunks=1@0,rel=quotient,qrm=0,cqrm=0,eor=0,in=1048576,out=1031168;witness=PACK,s=64,h=4,partial=64,quotient=64,src=canonical,dA=256,sec=Linf;pre0=PACK,s=128,h=1,partial=128,quotient=128,src=canonical,dA=128,sec=Linf;pre1=PACK,s=128,h=1,partial=128,quotient=128,src=canonical,dA=128,sec=Linf]/L1[chunks=1@0,rel=quotient,qrm=0,cqrm=0,eor=0,in=1031168,out=522496;witness=PACK,s=128,h=2,partial=128,quotient=128,src=canonical,dA=256,sec=Linf]/L2[chunks=1@0,rel=reduced-evaluation,qrm=13312,cqrm=2496,eor=0,in=522496,out=235520;witness=ET,s=-,h=-,partial=-,quotient=-,src=canonical,dA=64,sec=Linf]/L3[chunks=1@0,rel=reduced-evaluation,qrm=11264,cqrm=0,eor=0,in=235520,out=121856;witness=ET,s=-,h=-,partial=-,quotient=-,src=canonical,dA=64,sec=L2]/L4[chunks=1@0,rel=reduced-evaluation,qrm=9856,cqrm=0,eor=0,in=121856,out=93696;witness=ET,s=-,h=-,partial=-,quotient=-,src=canonical,dA=64,sec=L2]/T[method=ET,src=canonical,eor=0,input=93696,dA=64,sec=L2]
fp128_onehot	final=20:4;precommitted=14:1,14:1,14:1	2b4186a8d8e57afc1f67bb27df7600e0f6551e07dc5c359c1cc3f7f61319405a	327680	131072	77270	6	52212f73a9e1b97a1f0ad06268ea59f124aa9793b34aba3a510196335f5a4e9d	cutover=L2;L0[chunks=1@0,rel=quotient,qrm=0,cqrm=0,eor=0,in=1048576,out=1089536;witness=PACK,s=64,h=4,partial=64,quotient=64,src=canonical,dA=256,sec=Linf;pre0=PACK,s=128,h=1,partial=128,quotient=128,src=canonical,dA=128,sec=Linf;pre1=PACK,s=128,h=1,partial=128,quotient=128,src=canonical,dA=128,sec=Linf;pre2=PACK,s=128,h=1,partial=128,quotient=128,src=canonical,dA=128,sec=Linf]/L1[chunks=1@0,rel=quotient,qrm=0,cqrm=0,eor=0,in=1089536,out=592576;witness=PACK,s=128,h=2,partial=128,quotient=128,src=canonical,dA=256,sec=Linf]/L2[chunks=1@0,rel=reduced-evaluation,qrm=13312,cqrm=2496,eor=0,in=592576,out=255488;witness=ET,s=-,h=-,partial=-,quotient=-,src=canonical,dA=64,sec=Linf]/L3[chunks=1@0,rel=reduced-evaluation,qrm=11264,cqrm=0,eor=0,in=255488,out=121856;witness=ET,s=-,h=-,partial=-,quotient=-,src=canonical,dA=64,sec=L2]/L4[chunks=1@0,rel=reduced-evaluation,qrm=9856,cqrm=0,eor=0,in=121856,out=93696;witness=ET,s=-,h=-,partial=-,quotient=-,src=canonical,dA=64,sec=L2]/T[method=ET,src=canonical,eor=0,input=93696,dA=64,sec=L2]
fp128_onehot	final=28:1;precommitted=	a46de3bb37f42fa48a71b95f2322aad4c4e9c8626b40c631cd6537cb251072a1	1048576	1048576	80790	7	0fa2c4cde447362db30a6dd0dbff7ddbf96b9bad43493bd73428cd367a7b0509	cutover=L2;L0[chunks=1@0,rel=quotient,qrm=0,cqrm=0,eor=0,in=268435456,out=9621952;witness=PACK,s=64,h=8,partial=64,quotient=64,src=canonical,dA=512,sec=Linf]/L1[chunks=1@0,rel=quotient,qrm=0,cqrm=0,eor=0,in=9621952,out=2056832;witness=PACK,s=64,h=8,partial=64,quotient=64,src=canonical,dA=512,sec=Linf]/L2[chunks=1@0,rel=reduced-evaluation,qrm=22016,cqrm=4128,eor=0,in=2056832,out=815104;witness=ET,s=-,h=-,partial=-,quotient=-,src=canonical,dA=64,sec=Linf]/L3[chunks=1@0,rel=reduced-evaluation,qrm=13312,cqrm=2496,eor=0,in=815104,out=285440;witness=ET,s=-,h=-,partial=-,quotient=-,src=canonical,dA=64,sec=Linf]/L4[chunks=1@0,rel=reduced-evaluation,qrm=11264,cqrm=0,eor=0,in=285440,out=128896;witness=ET,s=-,h=-,partial=-,quotient=-,src=canonical,dA=64,sec=L2]/L5[chunks=1@0,rel=reduced-evaluation,qrm=9856,cqrm=0,eor=0,in=128896,out=93696;witness=ET,s=-,h=-,partial=-,quotient=-,src=canonical,dA=64,sec=L2]/T[method=ET,src=canonical,eor=0,input=93696,dA=64,sec=L2]
fp128_onehot	final=30:1;precommitted=	0661c6ea7796b195873f4f0afc34e1f8ab8b773648907a24b0f5110247bb10d2	2097152	2097152	81362	7	7f501124276cf2698418ccf40918557a07d41a4922fec943b976d1502637e461	cutover=L2;L0[chunks=1@0,rel=quotient,qrm=0,cqrm=0,eor=0,in=1073741824,out=19108288;witness=PACK,s=64,h=8,partial=64,quotient=64,src=canonical,dA=512,sec=Linf]/L1[chunks=1@0,rel=quotient,qrm=0,cqrm=0,eor=0,in=19108288,out=2992256;witness=PACK,s=64,h=8,partial=64,quotient=64,src=canonical,dA=512,sec=Linf]/L2[chunks=1@0,rel=reduced-evaluation,qrm=24768,cqrm=4128,eor=0,in=2992256,out=991936;witness=ET,s=-,h=-,partial=-,quotient=-,src=canonical,dA=64,sec=Linf]/L3[chunks=1@0,rel=reduced-evaluation,qrm=11648,cqrm=2496,eor=0,in=991936,out=288768;witness=ET,s=-,h=-,partial=-,quotient=-,src=canonical,dA=64,sec=L2]/L4[chunks=1@0,rel=reduced-evaluation,qrm=11264,cqrm=0,eor=0,in=288768,out=128896;witness=ET,s=-,h=-,partial=-,quotient=-,src=canonical,dA=64,sec=L2]/L5[chunks=1@0,rel=reduced-evaluation,qrm=9856,cqrm=0,eor=0,in=128896,out=93696;witness=ET,s=-,h=-,partial=-,quotient=-,src=canonical,dA=64,sec=L2]/T[method=ET,src=canonical,eor=0,input=93696,dA=64,sec=L2]
fp128_onehot	final=30:4;precommitted=	619a78159ae3df6e54d9411603c43aba002307069fda024793c83803f33af61c	4194304	4194304	82866	7	62007b52876618c410c4e9f80a40abafdc65d6b1edaf76e627e48d8fa32f49c6	cutover=L2;L0[chunks=1@0,rel=quotient,qrm=0,cqrm=0,eor=0,in=1073741824,out=42275264;witness=PACK,s=64,h=8,partial=64,quotient=64,src=canonical,dA=512,sec=Linf]/L1[chunks=1@0,rel=quotient,qrm=0,cqrm=0,eor=0,in=42275264,out=4173312;witness=PACK,s=64,h=4,partial=64,quotient=64,src=canonical,dA=256,sec=Linf]/L2[chunks=1@0,rel=reduced-evaluation,qrm=14976,cqrm=2496,eor=0,in=4173312,out=614400;witness=ET,s=-,h=-,partial=-,quotient=-,src=canonical,dA=64,sec=Linf]/L3[chunks=1@0,rel=reduced-evaluation,qrm=11648,cqrm=2496,eor=0,in=614400,out=280960;witness=ET,s=-,h=-,partial=-,quotient=-,src=canonical,dA=64,sec=L2]/L4[chunks=1@0,rel=reduced-evaluation,qrm=11264,cqrm=0,eor=0,in=280960,out=128896;witness=ET,s=-,h=-,partial=-,quotient=-,src=canonical,dA=64,sec=L2]/L5[chunks=1@0,rel=reduced-evaluation,qrm=9856,cqrm=0,eor=0,in=128896,out=93696;witness=ET,s=-,h=-,partial=-,quotient=-,src=canonical,dA=64,sec=L2]/T[method=ET,src=canonical,eor=0,input=93696,dA=64,sec=L2]
fp128_onehot	final=32:1;precommitted=	47272635f2438376271d1b13f43ae0fbb70effc54ee431f53fae213a90ff22bc	4194304	4194304	82864	7	8efc56a414b0edd379bd900005ac7eb27f02da53c9298b16685bb994ffd94099	cutover=L2;L0[chunks=1@0,rel=quotient,qrm=0,cqrm=0,eor=0,in=4294967296,out=42275264;witness=PACK,s=64,h=8,partial=64,quotient=64,src=canonical,dA=512,sec=Linf]/L1[chunks=1@0,rel=quotient,qrm=0,cqrm=0,eor=0,in=42275264,out=4173312;witness=PACK,s=64,h=4,partial=64,quotient=64,src=canonical,dA=256,sec=Linf]/L2[chunks=1@0,rel=reduced-evaluation,qrm=14976,cqrm=2496,eor=0,in=4173312,out=614400;witness=ET,s=-,h=-,partial=-,quotient=-,src=canonical,dA=64,sec=Linf]/L3[chunks=1@0,rel=reduced-evaluation,qrm=11648,cqrm=2496,eor=0,in=614400,out=280960;witness=ET,s=-,h=-,partial=-,quotient=-,src=canonical,dA=64,sec=L2]/L4[chunks=1@0,rel=reduced-evaluation,qrm=11264,cqrm=0,eor=0,in=280960,out=128896;witness=ET,s=-,h=-,partial=-,quotient=-,src=canonical,dA=64,sec=L2]/L5[chunks=1@0,rel=reduced-evaluation,qrm=9856,cqrm=0,eor=0,in=128896,out=93696;witness=ET,s=-,h=-,partial=-,quotient=-,src=canonical,dA=64,sec=L2]/T[method=ET,src=canonical,eor=0,input=93696,dA=64,sec=L2]
fp128_onehot	final=32:2;precommitted=16:1,16:1	7af0b4d281bc91485cb708c45d09dbeff67604e5e932e20cdb84ee742250c355	8388608	8388608	82866	7	0cdf64e2768d2375f1949ccd2f3e8c75116bced1e3bf66b21fcd4fac59060a23	cutover=L2;L0[chunks=1@0,rel=quotient,qrm=0,cqrm=0,eor=0,in=4294967296,out=53826560;witness=PACK,s=128,h=4,partial=128,quotient=128,src=canonical,dA=512,sec=Linf;pre0=PACK,s=128,h=2,partial=128,quotient=128,src=canonical,dA=256,sec=Linf;pre1=PACK,s=128,h=2,partial=128,quotient=128,src=canonical,dA=256,sec=Linf]/L1[chunks=1@0,rel=quotient,qrm=0,cqrm=0,eor=0,in=53826560,out=4145792;witness=PACK,s=64,h=2,partial=64,quotient=64,src=canonical,dA=128,sec=Linf]/L2[chunks=1@0,rel=reduced-evaluation,qrm=14976,cqrm=2496,eor=0,in=4145792,out=614400;witness=ET,s=-,h=-,partial=-,quotient=-,src=canonical,dA=64,sec=Linf]/L3[chunks=1@0,rel=reduced-evaluation,qrm=11648,cqrm=2496,eor=0,in=614400,out=280960;witness=ET,s=-,h=-,partial=-,quotient=-,src=canonical,dA=64,sec=L2]/L4[chunks=1@0,rel=reduced-evaluation,qrm=11264,cqrm=0,eor=0,in=280960,out=128896;witness=ET,s=-,h=-,partial=-,quotient=-,src=canonical,dA=64,sec=L2]/L5[chunks=1@0,rel=reduced-evaluation,qrm=9856,cqrm=0,eor=0,in=128896,out=93696;witness=ET,s=-,h=-,partial=-,quotient=-,src=canonical,dA=64,sec=L2]/T[method=ET,src=canonical,eor=0,input=93696,dA=64,sec=L2]
fp128_onehot	final=32:4;precommitted=	a2afe07e7869624cdd9ab4baf165bb0251f452bca51d8a64041fbe6d462a9864	11272192	16777216	84182	8	d45db37f134db8d1e07a1d71aba62ee2be91ef9f54e15362fd352ceed328408d	cutover=L2;L0[chunks=1@0,rel=quotient,qrm=0,cqrm=0,eor=0,in=4294967296,out=81676160;witness=PACK,s=128,h=4,partial=128,quotient=128,src=canonical,dA=512,sec=Linf]/L1[chunks=1@0,rel=quotient,qrm=0,cqrm=0,eor=0,in=81676160,out=5631744;witness=PACK,s=128,h=1,partial=128,quotient=128,src=canonical,dA=128,sec=Linf]/L2[chunks=1@0,rel=reduced-evaluation,qrm=24768,cqrm=4128,eor=0,in=5631744,out=1377216;witness=ET,s=-,h=-,partial=-,quotient=-,src=canonical,dA=64,sec=Linf]/L3[chunks=1@0,rel=reduced-evaluation,qrm=22016,cqrm=4128,eor=0,in=1377216,out=649984;witness=ET,s=-,h=-,partial=-,quotient=-,src=canonical,dA=64,sec=Linf]/L4[chunks=1@0,rel=reduced-evaluation,qrm=13312,cqrm=2496,eor=0,in=649984,out=255488;witness=ET,s=-,h=-,partial=-,quotient=-,src=canonical,dA=64,sec=Linf]/L5[chunks=1@0,rel=reduced-evaluation,qrm=11264,cqrm=0,eor=0,in=255488,out=121856;witness=ET,s=-,h=-,partial=-,quotient=-,src=canonical,dA=64,sec=L2]/L6[chunks=1@0,rel=reduced-evaluation,qrm=9856,cqrm=0,eor=0,in=121856,out=93696;witness=ET,s=-,h=-,partial=-,quotient=-,src=canonical,dA=64,sec=L2]/T[method=ET,src=canonical,eor=0,input=93696,dA=64,sec=L2]
fp128_onehot	final=34:2;precommitted=16:1,16:1	30424e0ca54d42b83af9180851eb3c3bf76481bd1b3487fbbad1c7bcaaecb7c9	16777216	16777216	84364	8	d79d68ff457896654969a7af3afae43fbf074205e3aab94b7396c582f0e30a10	cutover=L2;L0[chunks=1@0,rel=quotient,qrm=0,cqrm=0,eor=0,in=17179869184,out=107172864;witness=PACK,s=128,h=4,partial=128,quotient=128,src=canonical,dA=512,sec=Linf;pre0=PACK,s=128,h=2,partial=128,quotient=128,src=canonical,dA=256,sec=Linf;pre1=PACK,s=128,h=2,partial=128,quotient=128,src=canonical,dA=256,sec=Linf]/L1[chunks=1@0,rel=quotient,qrm=0,cqrm=0,eor=0,in=107172864,out=6837248;witness=PACK,s=64,h=8,partial=64,quotient=64,src=canonical,dA=512,sec=Linf]/L2[chunks=1@0,rel=reduced-evaluation,qrm=24768,cqrm=4128,eor=0,in=6837248,out=1569856;witness=ET,s=-,h=-,partial=-,quotient=-,src=canonical,dA=64,sec=Linf]/L3[chunks=1@0,rel=reduced-evaluation,qrm=22016,cqrm=4128,eor=0,in=1569856,out=683008;witness=ET,s=-,h=-,partial=-,quotient=-,src=canonical,dA=64,sec=Linf]/L4[chunks=1@0,rel=reduced-evaluation,qrm=13312,cqrm=2496,eor=0,in=683008,out=265472;witness=ET,s=-,h=-,partial=-,quotient=-,src=canonical,dA=64,sec=Linf]/L5[chunks=1@0,rel=reduced-evaluation,qrm=11264,cqrm=0,eor=0,in=265472,out=128896;witness=ET,s=-,h=-,partial=-,quotient=-,src=canonical,dA=64,sec=L2]/L6[chunks=1@0,rel=reduced-evaluation,qrm=9856,cqrm=0,eor=0,in=128896,out=93696;witness=ET,s=-,h=-,partial=-,quotient=-,src=canonical,dA=64,sec=L2]/T[method=ET,src=canonical,eor=0,input=93696,dA=64,sec=L2]
fp128_onehot	final=36:1;precommitted=	b9f19e5b22668a057b75ac8efda23eb70064baa0dde95e015463454c195a7713	22544384	33554432	84478	8	0d7b37206157f7e06a22bc8122ad20e592dbe84af2f2c50f746aff13824ea826	cutover=L2;L0[chunks=1@0,rel=quotient,qrm=0,cqrm=0,eor=0,in=68719476736,out=168705152;witness=PACK,s=64,h=8,partial=64,quotient=64,src=canonical,dA=512,sec=Linf]/L1[chunks=1@0,rel=quotient,qrm=0,cqrm=0,eor=0,in=168705152,out=8273792;witness=PACK,s=64,h=8,partial=64,quotient=64,src=canonical,dA=512,sec=Linf]/L2[chunks=1@0,rel=reduced-evaluation,qrm=24768,cqrm=4128,eor=0,in=8273792,out=1689600;witness=ET,s=-,h=-,partial=-,quotient=-,src=canonical,dA=64,sec=Linf]/L3[chunks=1@0,rel=reduced-evaluation,qrm=22016,cqrm=4128,eor=0,in=1689600,out=716032;witness=ET,s=-,h=-,partial=-,quotient=-,src=canonical,dA=64,sec=Linf]/L4[chunks=1@0,rel=reduced-evaluation,qrm=13312,cqrm=2496,eor=0,in=716032,out=265472;witness=ET,s=-,h=-,partial=-,quotient=-,src=canonical,dA=64,sec=Linf]/L5[chunks=1@0,rel=reduced-evaluation,qrm=11264,cqrm=0,eor=0,in=265472,out=128896;witness=ET,s=-,h=-,partial=-,quotient=-,src=canonical,dA=64,sec=L2]/L6[chunks=1@0,rel=reduced-evaluation,qrm=9856,cqrm=0,eor=0,in=128896,out=93696;witness=ET,s=-,h=-,partial=-,quotient=-,src=canonical,dA=64,sec=L2]/T[method=ET,src=canonical,eor=0,input=93696,dA=64,sec=L2]
fp128_onehot	final=40:1;precommitted=	b5096196e31d7c94b6e34c5a093fd4bb202586423c3e6d14f78920e3d5d954c3	90177536	134217728	84942	8	744bbb1cb1ca6cd72a9617833dfea70822a0c10986336720de5fc9c41adf6670	cutover=L2;L0[chunks=1@0,rel=quotient,qrm=0,cqrm=0,eor=0,in=1099511627776,out=674380928;witness=PACK,s=64,h=8,partial=64,quotient=64,src=canonical,dA=512,sec=Linf]/L1[chunks=1@0,rel=quotient,qrm=0,cqrm=0,eor=0,in=674380928,out=14656064;witness=PACK,s=64,h=2,partial=64,quotient=64,src=canonical,dA=128,sec=Linf]/L2[chunks=1@0,rel=reduced-evaluation,qrm=24768,cqrm=4128,eor=0,in=14656064,out=2151936;witness=ET,s=-,h=-,partial=-,quotient=-,src=canonical,dA=64,sec=Linf]/L3[chunks=1@0,rel=reduced-evaluation,qrm=22016,cqrm=4128,eor=0,in=2151936,out=831616;witness=ET,s=-,h=-,partial=-,quotient=-,src=canonical,dA=64,sec=Linf]/L4[chunks=1@0,rel=reduced-evaluation,qrm=13312,cqrm=2496,eor=0,in=831616,out=285440;witness=ET,s=-,h=-,partial=-,quotient=-,src=canonical,dA=64,sec=Linf]/L5[chunks=1@0,rel=reduced-evaluation,qrm=11264,cqrm=0,eor=0,in=285440,out=128896;witness=ET,s=-,h=-,partial=-,quotient=-,src=canonical,dA=64,sec=L2]/L6[chunks=1@0,rel=reduced-evaluation,qrm=9856,cqrm=0,eor=0,in=128896,out=93696;witness=ET,s=-,h=-,partial=-,quotient=-,src=canonical,dA=64,sec=L2]/T[method=ET,src=canonical,eor=0,input=93696,dA=64,sec=L2]
fp128_onehot	final=44:1;precommitted=	59108197889e16b1363957b8a7c59570842f3b60502857dee9a4456586d7081e	360710144	536870912	85986	8	986bd933f373ffc3b0250f90659db0564939400cb01c688c9a969f74eaaa4ec9	cutover=L2;L0[chunks=1@0,rel=quotient,qrm=0,cqrm=0,eor=0,in=17592186044416,out=2877441920;witness=PACK,s=128,h=4,partial=128,quotient=128,src=canonical,dA=512,sec=Linf]/L1[chunks=1@0,rel=quotient,qrm=0,cqrm=0,eor=0,in=2877441920,out=31980416;witness=PACK,s=128,h=1,partial=128,quotient=128,src=canonical,dA=128,sec=Linf]/L2[chunks=1@0,rel=reduced-evaluation,qrm=24768,cqrm=4128,eor=0,in=31980416,out=3296832;witness=ET,s=-,h=-,partial=-,quotient=-,src=canonical,dA=64,sec=Linf]/L3[chunks=1@0,rel=reduced-evaluation,qrm=19264,cqrm=4128,eor=0,in=3296832,out=906624;witness=ET,s=-,h=-,partial=-,quotient=-,src=canonical,dA=64,sec=L2]/L4[chunks=1@0,rel=reduced-evaluation,qrm=11648,cqrm=2496,eor=0,in=906624,out=272128;witness=ET,s=-,h=-,partial=-,quotient=-,src=canonical,dA=64,sec=L2]/L5[chunks=1@0,rel=reduced-evaluation,qrm=11264,cqrm=0,eor=0,in=272128,out=128896;witness=ET,s=-,h=-,partial=-,quotient=-,src=canonical,dA=64,sec=L2]/L6[chunks=1@0,rel=reduced-evaluation,qrm=9856,cqrm=0,eor=0,in=128896,out=93696;witness=ET,s=-,h=-,partial=-,quotient=-,src=canonical,dA=64,sec=L2]/T[method=ET,src=canonical,eor=0,input=93696,dA=64,sec=L2]
fp128_onehot	final=50:1;precommitted=	270f16c2966b092473ac7c4025e71c8e4bb127f40148ad4d279309ce24502a77	4294967296	4294967296	88348	8	0d9d4b819ad137c3e4e37315b2ef048d5e52039c62f67843310791ea21532669	cutover=L2;L0[chunks=1@0,rel=quotient,qrm=0,cqrm=0,eor=0,in=1125899906842624,out=25837023744;witness=PACK,s=256,h=2,partial=256,quotient=256,src=canonical,dA=512,sec=Linf]/L1[chunks=1@0,rel=quotient,qrm=0,cqrm=0,eor=0,in=25837023744,out=126443776;witness=PACK,s=128,h=4,partial=128,quotient=128,src=canonical,dA=512,sec=Linf]/L2[chunks=1@0,rel=reduced-evaluation,qrm=24768,cqrm=4128,eor=0,in=126443776,out=6549824;witness=ET,s=-,h=-,partial=-,quotient=-,src=canonical,dA=64,sec=Linf]/L3[chunks=1@0,rel=reduced-evaluation,qrm=19264,cqrm=4128,eor=0,in=6549824,out=1236864;witness=ET,s=-,h=-,partial=-,quotient=-,src=canonical,dA=64,sec=L2]/L4[chunks=1@0,rel=reduced-evaluation,qrm=11648,cqrm=0,eor=0,in=1236864,out=289152;witness=ET,s=-,h=-,partial=-,quotient=-,src=canonical,dA=64,sec=L2]/L5[chunks=1@0,rel=reduced-evaluation,qrm=11264,cqrm=0,eor=0,in=289152,out=128896;witness=ET,s=-,h=-,partial=-,quotient=-,src=canonical,dA=64,sec=L2]/L6[chunks=1@0,rel=reduced-evaluation,qrm=9856,cqrm=0,eor=0,in=128896,out=93696;witness=ET,s=-,h=-,partial=-,quotient=-,src=canonical,dA=64,sec=L2]/T[method=ET,src=canonical,eor=0,input=93696,dA=64,sec=L2]
fp128_onehot_multi_chunk	final=16:1;precommitted=	619d5acd56307a5aff5911635e36969a167028482b33cc55f9f90598a55554be	458752	262144	83240	7	de3623983bd759838e12fed18142c75f39d5eba4dd54fce760a5e7035b0a7031	cutover=L2;L0[chunks=8@2,rel=quotient,qrm=0,cqrm=0,eor=0,in=65536,out=1197952;witness=PACK,s=128,h=4,partial=128,quotient=128,src=canonical,dA=512,sec=Linf]/L1[chunks=8@2,rel=quotient,qrm=0,cqrm=0,eor=0,in=1197952,out=1185728;witness=PACK,s=64,h=2,partial=64,quotient=64,src=canonical,dA=128,sec=Linf]/L2[chunks=1@0,rel=reduced-evaluation,qrm=18304,cqrm=2496,eor=0,in=1185728,out=482304;witness=ET,s=-,h=-,partial=-,quotient=-,src=canonical,dA=64,sec=Linf]/L3[chunks=1@0,rel=reduced-evaluation,qrm=11648,cqrm=2496,eor=0,in=482304,out=247680;witness=ET,s=-,h=-,partial=-,quotient=-,src=canonical,dA=64,sec=L2]/L4[chunks=1@0,rel=reduced-evaluation,qrm=11264,cqrm=0,eor=0,in=247680,out=121856;witness=ET,s=-,h=-,partial=-,quotient=-,src=canonical,dA=64,sec=L2]/L5[chunks=1@0,rel=reduced-evaluation,qrm=9856,cqrm=0,eor=0,in=121856,out=93696;witness=ET,s=-,h=-,partial=-,quotient=-,src=canonical,dA=64,sec=L2]/T[method=ET,src=canonical,eor=0,input=93696,dA=64,sec=L2]
fp128_onehot_multi_chunk	final=32:1;precommitted=	47272635f2438376271d1b13f43ae0fbb70effc54ee431f53fae213a90ff22bc	4194304	4194304	85050	8	f9847406666c8435ba90d8ec718170071c07efad81ba1d82d2f48a83b11adb4e	cutover=L2;L0[chunks=8@2,rel=quotient,qrm=0,cqrm=0,eor=0,in=4294967296,out=128061888;witness=PACK,s=64,h=8,partial=64,quotient=64,src=canonical,dA=512,sec=Linf]/L1[chunks=8@2,rel=quotient,qrm=0,cqrm=0,eor=0,in=128061888,out=21107136;witness=PACK,s=64,h=4,partial=64,quotient=64,src=canonical,dA=256,sec=Linf]/L2[chunks=1@0,rel=reduced-evaluation,qrm=24768,cqrm=4128,eor=0,in=21107136,out=2633536;witness=ET,s=-,h=-,partial=-,quotient=-,src=canonical,dA=64,sec=Linf]/L3[chunks=1@0,rel=reduced-evaluation,qrm=24768,cqrm=4128,eor=0,in=2633536,out=953408;witness=ET,s=-,h=-,partial=-,quotient=-,src=canonical,dA=64,sec=Linf]/L4[chunks=1@0,rel=reduced-evaluation,qrm=11648,cqrm=2496,eor=0,in=953408,out=280448;witness=ET,s=-,h=-,partial=-,quotient=-,src=canonical,dA=64,sec=L2]/L5[chunks=1@0,rel=reduced-evaluation,qrm=11264,cqrm=0,eor=0,in=280448,out=128896;witness=ET,s=-,h=-,partial=-,quotient=-,src=canonical,dA=64,sec=L2]/L6[chunks=1@0,rel=reduced-evaluation,qrm=9856,cqrm=0,eor=0,in=128896,out=93696;witness=ET,s=-,h=-,partial=-,quotient=-,src=canonical,dA=64,sec=L2]/T[method=ET,src=canonical,eor=0,input=93696,dA=64,sec=L2]
fp128_onehot_multi_chunk	final=32:2;precommitted=16:1,16:1	a75d52be250d13edee83fc5777a93c31e103d0ac4dd63113d61c436c84207302	8388608	8388608	85168	8	3d02e480e3e6e4beb35d4164597d2021a986ac959f97a8873e9804f100ef0a58	cutover=L2;L0[chunks=8@2,rel=quotient,qrm=0,cqrm=0,eor=0,in=4294967296,out=231065088;witness=PACK,s=64,h=8,partial=64,quotient=64,src=canonical,dA=512,sec=Linf;pre0=PACK,s=128,h=4,partial=128,quotient=128,src=canonical,dA=512,sec=Linf;pre1=PACK,s=128,h=4,partial=128,quotient=128,src=canonical,dA=512,sec=Linf]/L1[chunks=8@2,rel=quotient,qrm=0,cqrm=0,eor=0,in=231065088,out=29495744;witness=PACK,s=64,h=4,partial=64,quotient=64,src=canonical,dA=256,sec=Linf]/L2[chunks=1@0,rel=reduced-evaluation,qrm=24768,cqrm=4128,eor=0,in=29495744,out=3219776;witness=ET,s=-,h=-,partial=-,quotient=-,src=canonical,dA=64,sec=Linf]/L3[chunks=1@0,rel=reduced-evaluation,qrm=24768,cqrm=4128,eor=0,in=3219776,out=1030464;witness=ET,s=-,h=-,partial=-,quotient=-,src=canonical,dA=64,sec=Linf]/L4[chunks=1@0,rel=reduced-evaluation,qrm=11648,cqrm=2496,eor=0,in=1030464,out=288768;witness=ET,s=-,h=-,partial=-,quotient=-,src=canonical,dA=64,sec=L2]/L5[chunks=1@0,rel=reduced-evaluation,qrm=11264,cqrm=0,eor=0,in=288768,out=128896;witness=ET,s=-,h=-,partial=-,quotient=-,src=canonical,dA=64,sec=L2]/L6[chunks=1@0,rel=reduced-evaluation,qrm=9856,cqrm=0,eor=0,in=128896,out=93696;witness=ET,s=-,h=-,partial=-,quotient=-,src=canonical,dA=64,sec=L2]/T[method=ET,src=canonical,eor=0,input=93696,dA=64,sec=L2]
fp128_onehot_multi_chunk	final=34:2;precommitted=16:1,16:1	4df8d71545925a8473be3f295dea00d1725c97fff86fc2636ab7153dc3b8d15e	16777216	16777216	85755	8	6038b8bbdf81d7c9a983ea227452a15b6106189f831ce5ffc7683c2f8ea3b6b3	cutover=L2;L0[chunks=8@2,rel=quotient,qrm=0,cqrm=0,eor=0,in=17179869184,out=461765632;witness=PACK,s=128,h=4,partial=128,quotient=128,src=canonical,dA=512,sec=Linf;pre0=PACK,s=128,h=4,partial=128,quotient=128,src=canonical,dA=512,sec=Linf;pre1=PACK,s=128,h=4,partial=128,quotient=128,src=canonical,dA=512,sec=Linf]/L1[chunks=8@2,rel=quotient,qrm=0,cqrm=0,eor=0,in=461765632,out=37881600;witness=PACK,s=64,h=1,partial=64,quotient=64,src=canonical,dA=64,sec=Linf]/L2[chunks=1@0,rel=reduced-evaluation,qrm=24768,cqrm=4128,eor=0,in=37881600,out=3528000;witness=ET,s=-,h=-,partial=-,quotient=-,src=canonical,dA=64,sec=Linf]/L3[chunks=1@0,rel=reduced-evaluation,qrm=19264,cqrm=4128,eor=0,in=3528000,out=920384;witness=ET,s=-,h=-,partial=-,quotient=-,src=canonical,dA=64,sec=L2]/L4[chunks=1@0,rel=reduced-evaluation,qrm=11648,cqrm=2496,eor=0,in=920384,out=280448;witness=ET,s=-,h=-,partial=-,quotient=-,src=canonical,dA=64,sec=L2]/L5[chunks=1@0,rel=reduced-evaluation,qrm=11264,cqrm=0,eor=0,in=280448,out=128896;witness=ET,s=-,h=-,partial=-,quotient=-,src=canonical,dA=64,sec=L2]/L6[chunks=1@0,rel=reduced-evaluation,qrm=9856,cqrm=0,eor=0,in=128896,out=93696;witness=ET,s=-,h=-,partial=-,quotient=-,src=canonical,dA=64,sec=L2]/T[method=ET,src=canonical,eor=0,input=93696,dA=64,sec=L2]
fp128_onehot_multi_chunk_w2r2	final=14:1;precommitted=	235fdc37cb4e83e243a17cafde8597967ef2316443a2656dee73a57dc55cac8e	196608	32768	78239	6	b61268c21f816458ddc0c187d282292c1d5e63150e61a98de9bd327890c96fd9	cutover=L2;L0[chunks=2@2,rel=quotient,qrm=0,cqrm=0,eor=0,in=16384,out=269440;witness=PACK,s=128,h=4,partial=128,quotient=128,src=canonical,dA=512,sec=Linf]/L1[chunks=2@2,rel=quotient,qrm=0,cqrm=0,eor=0,in=269440,out=302528;witness=PACK,s=64,h=1,partial=64,quotient=64,src=canonical,dA=64,sec=Linf]/L2[chunks=1@0,rel=reduced-evaluation,qrm=14976,cqrm=2496,eor=0,in=302528,out=239360;witness=ET,s=-,h=-,partial=-,quotient=-,src=canonical,dA=64,sec=Linf]/L3[chunks=1@0,rel=reduced-evaluation,qrm=11264,cqrm=0,eor=0,in=239360,out=121856;witness=ET,s=-,h=-,partial=-,quotient=-,src=canonical,dA=64,sec=L2]/L4[chunks=1@0,rel=reduced-evaluation,qrm=9856,cqrm=0,eor=0,in=121856,out=93696;witness=ET,s=-,h=-,partial=-,quotient=-,src=canonical,dA=64,sec=L2]/T[method=ET,src=canonical,eor=0,input=93696,dA=64,sec=L2]
fp128_onehot_multi_chunk_w2r2	final=14:1;precommitted=14:1	ee81d011f70c1a8be6740527e9b9a2229ad141fbbc72338db34d08fc7c2984c7	196608	32768	78241	6	dc56a14d7c108227dcd348e93623425eee849459c3c9833dbd4da28e3fa42cc0	cutover=L2;L0[chunks=2@2,rel=quotient,qrm=0,cqrm=0,eor=0,in=16384,out=363520;witness=PACK,s=64,h=1,partial=64,quotient=64,src=canonical,dA=64,sec=Linf;pre0=PACK,s=128,h=4,partial=128,quotient=128,src=canonical,dA=512,sec=Linf]/L1[chunks=2@2,rel=quotient,qrm=0,cqrm=0,eor=0,in=363520,out=302528;witness=PACK,s=64,h=1,partial=64,quotient=64,src=canonical,dA=64,sec=Linf]/L2[chunks=1@0,rel=reduced-evaluation,qrm=14976,cqrm=2496,eor=0,in=302528,out=239360;witness=ET,s=-,h=-,partial=-,quotient=-,src=canonical,dA=64,sec=Linf]/L3[chunks=1@0,rel=reduced-evaluation,qrm=11264,cqrm=0,eor=0,in=239360,out=121856;witness=ET,s=-,h=-,partial=-,quotient=-,src=canonical,dA=64,sec=L2]/L4[chunks=1@0,rel=reduced-evaluation,qrm=9856,cqrm=0,eor=0,in=121856,out=93696;witness=ET,s=-,h=-,partial=-,quotient=-,src=canonical,dA=64,sec=L2]/T[method=ET,src=canonical,eor=0,input=93696,dA=64,sec=L2]
fp128_onehot_multi_chunk_w2r2	final=32:1;precommitted=	47272635f2438376271d1b13f43ae0fbb70effc54ee431f53fae213a90ff22bc	4194304	4194304	84246	8	91fbb8c6ae3b9cc6adce36fc159a2c7c36410c70d5c1228ded7f370e3b6c0efb	cutover=L2;L0[chunks=2@2,rel=quotient,qrm=0,cqrm=0,eor=0,in=4294967296,out=50991552;witness=PACK,s=64,h=8,partial=64,quotient=64,src=canonical,dA=512,sec=Linf]/L1[chunks=2@2,rel=quotient,qrm=0,cqrm=0,eor=0,in=50991552,out=7213504;witness=PACK,s=64,h=4,partial=64,quotient=64,src=canonical,dA=256,sec=Linf]/L2[chunks=1@0,rel=reduced-evaluation,qrm=24768,cqrm=4128,eor=0,in=7213504,out=1627648;witness=ET,s=-,h=-,partial=-,quotient=-,src=canonical,dA=64,sec=Linf]/L3[chunks=1@0,rel=reduced-evaluation,qrm=22016,cqrm=4128,eor=0,in=1627648,out=699520;witness=ET,s=-,h=-,partial=-,quotient=-,src=canonical,dA=64,sec=Linf]/L4[chunks=1@0,rel=reduced-evaluation,qrm=13312,cqrm=2496,eor=0,in=699520,out=265472;witness=ET,s=-,h=-,partial=-,quotient=-,src=canonical,dA=64,sec=Linf]/L5[chunks=1@0,rel=reduced-evaluation,qrm=11264,cqrm=0,eor=0,in=265472,out=128896;witness=ET,s=-,h=-,partial=-,quotient=-,src=canonical,dA=64,sec=L2]/L6[chunks=1@0,rel=reduced-evaluation,qrm=9856,cqrm=0,eor=0,in=128896,out=93696;witness=ET,s=-,h=-,partial=-,quotient=-,src=canonical,dA=64,sec=L2]/T[method=ET,src=canonical,eor=0,input=93696,dA=64,sec=L2]
fp128_onehot_multi_chunk_w2r3	final=14:1;precommitted=	235fdc37cb4e83e243a17cafde8597967ef2316443a2656dee73a57dc55cac8e	196608	32768	83211	6	f5a2f11aa4e8956235eaf1033c76c8cc005e8e2119653a9395bf5c50e0f982ce	cutover=L2;L0[chunks=2@3,rel=quotient,qrm=0,cqrm=0,eor=0,in=16384,out=280448;witness=PACK,s=128,h=4,partial=128,quotient=128,src=canonical,dA=512,sec=Linf]/L1[chunks=2@3,rel=quotient,qrm=0,cqrm=0,eor=0,in=280448,out=312384;witness=PACK,s=64,h=1,partial=64,quotient=64,src=canonical,dA=64,sec=Linf]/L2[chunks=2@3,rel=reduced-evaluation,qrm=14080,cqrm=2112,eor=0,in=312384,out=294912;witness=ET,s=-,h=-,partial=-,quotient=-,src=canonical,dA=64,sec=Linf]/L3[chunks=1@0,rel=reduced-evaluation,qrm=12672,cqrm=2112,eor=0,in=294912,out=174336;witness=ET,s=-,h=-,partial=-,quotient=-,src=canonical,dA=64,sec=Linf]/L4[chunks=1@0,rel=reduced-evaluation,qrm=11264,cqrm=0,eor=0,in=174336,out=107776;witness=ET,s=-,h=-,partial=-,quotient=-,src=canonical,dA=64,sec=L2]/T[method=ET,src=canonical,eor=0,input=107776,dA=64,sec=L2]
fp128_onehot_multi_chunk_w2r3	final=16:1;precommitted=	619d5acd56307a5aff5911635e36969a167028482b33cc55f9f90598a55554be	196608	32768	81199	6	de9067e71c4d585d6e162983974fb6a55bc8160ce30bdb93ebddfc6ef542b2c3	cutover=L2;L0[chunks=2@3,rel=quotient,qrm=0,cqrm=0,eor=0,in=65536,out=291200;witness=PACK,s=128,h=4,partial=128,quotient=128,src=canonical,dA=512,sec=Linf]/L1[chunks=2@3,rel=quotient,qrm=0,cqrm=0,eor=0,in=291200,out=269760;witness=PACK,s=64,h=1,partial=64,quotient=64,src=canonical,dA=64,sec=Linf]/L2[chunks=2@3,rel=reduced-evaluation,qrm=14080,cqrm=0,eor=0,in=269760,out=229376;witness=ET,s=-,h=-,partial=-,quotient=-,src=canonical,dA=64,sec=Linf]/L3[chunks=1@0,rel=reduced-evaluation,qrm=12672,cqrm=0,eor=0,in=229376,out=124672;witness=ET,s=-,h=-,partial=-,quotient=-,src=canonical,dA=64,sec=Linf]/L4[chunks=1@0,rel=reduced-evaluation,qrm=9856,cqrm=0,eor=0,in=124672,out=93696;witness=ET,s=-,h=-,partial=-,quotient=-,src=canonical,dA=64,sec=L2]/T[method=ET,src=canonical,eor=0,input=93696,dA=64,sec=L2]
fp128_onehot_multi_chunk_w2r3	final=32:1;precommitted=	47272635f2438376271d1b13f43ae0fbb70effc54ee431f53fae213a90ff22bc	4194304	4194304	84245	8	24f4b1731bead5f6892754b4b440786e50fde8bfd7f2590970f3a1d4ad2b32ba	cutover=L2;L0[chunks=2@3,rel=quotient,qrm=0,cqrm=0,eor=0,in=4294967296,out=50991552;witness=PACK,s=64,h=8,partial=64,quotient=64,src=canonical,dA=512,sec=Linf]/L1[chunks=2@3,rel=quotient,qrm=0,cqrm=0,eor=0,in=50991552,out=6115648;witness=PACK,s=64,h=1,partial=64,quotient=64,src=canonical,dA=64,sec=Linf]/L2[chunks=2@3,rel=reduced-evaluation,qrm=24768,cqrm=4128,eor=0,in=6115648,out=2056192;witness=ET,s=-,h=-,partial=-,quotient=-,src=canonical,dA=64,sec=Linf]/L3[chunks=1@0,rel=reduced-evaluation,qrm=22016,cqrm=4128,eor=0,in=2056192,out=815104;witness=ET,s=-,h=-,partial=-,quotient=-,src=canonical,dA=64,sec=Linf]/L4[chunks=1@0,rel=reduced-evaluation,qrm=13312,cqrm=2496,eor=0,in=815104,out=285440;witness=ET,s=-,h=-,partial=-,quotient=-,src=canonical,dA=64,sec=Linf]/L5[chunks=1@0,rel=reduced-evaluation,qrm=11264,cqrm=0,eor=0,in=285440,out=128896;witness=ET,s=-,h=-,partial=-,quotient=-,src=canonical,dA=64,sec=L2]/L6[chunks=1@0,rel=reduced-evaluation,qrm=9856,cqrm=0,eor=0,in=128896,out=93696;witness=ET,s=-,h=-,partial=-,quotient=-,src=canonical,dA=64,sec=L2]/T[method=ET,src=canonical,eor=0,input=93696,dA=64,sec=L2]
fp128_onehot_multi_chunk_w4r2	final=32:1;precommitted=	47272635f2438376271d1b13f43ae0fbb70effc54ee431f53fae213a90ff22bc	4194304	4194304	84478	8	17479fa13ff07c5a3f57c948784974adadb2db6a3e173d9f7867e9b8e6ad1cc2	cutover=L2;L0[chunks=4@2,rel=quotient,qrm=0,cqrm=0,eor=0,in=4294967296,out=76681664;witness=PACK,s=64,h=8,partial=64,quotient=64,src=canonical,dA=512,sec=Linf]/L1[chunks=4@2,rel=quotient,qrm=0,cqrm=0,eor=0,in=76681664,out=11669952;witness=PACK,s=64,h=4,partial=64,quotient=64,src=canonical,dA=256,sec=Linf]/L2[chunks=1@0,rel=reduced-evaluation,qrm=24768,cqrm=4128,eor=0,in=11669952,out=1940032;witness=ET,s=-,h=-,partial=-,quotient=-,src=canonical,dA=64,sec=Linf]/L3[chunks=1@0,rel=reduced-evaluation,qrm=22016,cqrm=4128,eor=0,in=1940032,out=782080;witness=ET,s=-,h=-,partial=-,quotient=-,src=canonical,dA=64,sec=Linf]/L4[chunks=1@0,rel=reduced-evaluation,qrm=13312,cqrm=2496,eor=0,in=782080,out=275456;witness=ET,s=-,h=-,partial=-,quotient=-,src=canonical,dA=64,sec=Linf]/L5[chunks=1@0,rel=reduced-evaluation,qrm=11264,cqrm=0,eor=0,in=275456,out=128896;witness=ET,s=-,h=-,partial=-,quotient=-,src=canonical,dA=64,sec=L2]/L6[chunks=1@0,rel=reduced-evaluation,qrm=9856,cqrm=0,eor=0,in=128896,out=93696;witness=ET,s=-,h=-,partial=-,quotient=-,src=canonical,dA=64,sec=L2]/T[method=ET,src=canonical,eor=0,input=93696,dA=64,sec=L2]
fp128_onehot_multi_chunk_w4r3	final=16:1;precommitted=	619d5acd56307a5aff5911635e36969a167028482b33cc55f9f90598a55554be	524288	65536	88803	8	faba36e00c657e7871266aa1b29ce1f4f9f4473dcb2e764538576fa294fe80ae	cutover=L2;L0[chunks=4@3,rel=quotient,qrm=0,cqrm=0,eor=0,in=65536,out=659904;witness=PACK,s=64,h=8,partial=64,quotient=64,src=canonical,dA=512,sec=Linf]/L1[chunks=4@3,rel=quotient,qrm=0,cqrm=0,eor=0,in=659904,out=607296;witness=PACK,s=64,h=1,partial=64,quotient=64,src=canonical,dA=64,sec=Linf]/L2[chunks=4@3,rel=reduced-evaluation,qrm=14080,cqrm=2112,eor=0,in=607296,out=622592;witness=ET,s=-,h=-,partial=-,quotient=-,src=canonical,dA=64,sec=Linf]/L3[chunks=1@0,rel=reduced-evaluation,qrm=16896,cqrm=2112,eor=0,in=622592,out=356096;witness=ET,s=-,h=-,partial=-,quotient=-,src=canonical,dA=64,sec=Linf]/L4[chunks=1@0,rel=reduced-evaluation,qrm=12672,cqrm=2112,eor=0,in=356096,out=214528;witness=ET,s=-,h=-,partial=-,quotient=-,src=canonical,dA=64,sec=Linf]/L5[chunks=1@0,rel=reduced-evaluation,qrm=12672,cqrm=0,eor=0,in=214528,out=124672;witness=ET,s=-,h=-,partial=-,quotient=-,src=canonical,dA=64,sec=Linf]/L6[chunks=1@0,rel=reduced-evaluation,qrm=9856,cqrm=0,eor=0,in=124672,out=93696;witness=ET,s=-,h=-,partial=-,quotient=-,src=canonical,dA=64,sec=L2]/T[method=ET,src=canonical,eor=0,input=93696,dA=64,sec=L2]
fp128_onehot_multi_chunk_w4r3	final=32:1;precommitted=	47272635f2438376271d1b13f43ae0fbb70effc54ee431f53fae213a90ff22bc	4194304	4194304	85406	8	f44b147b2ffc1a803c997cd64302196abdbb4d8e3de54e1beb84a007ef22b9e6	cutover=L2;L0[chunks=4@3,rel=quotient,qrm=0,cqrm=0,eor=0,in=4294967296,out=76681664;witness=PACK,s=64,h=8,partial=64,quotient=64,src=canonical,dA=512,sec=Linf]/L1[chunks=4@3,rel=quotient,qrm=0,cqrm=0,eor=0,in=76681664,out=11669952;witness=PACK,s=64,h=4,partial=64,quotient=64,src=canonical,dA=256,sec=Linf]/L2[chunks=4@3,rel=reduced-evaluation,qrm=24768,cqrm=4128,eor=0,in=11669952,out=4218880;witness=ET,s=-,h=-,partial=-,quotient=-,src=canonical,dA=64,sec=Linf]/L3[chunks=1@0,rel=reduced-evaluation,qrm=19264,cqrm=4128,eor=0,in=4218880,out=1002944;witness=ET,s=-,h=-,partial=-,quotient=-,src=canonical,dA=64,sec=L2]/L4[chunks=1@0,rel=reduced-evaluation,qrm=11648,cqrm=2496,eor=0,in=1002944,out=288768;witness=ET,s=-,h=-,partial=-,quotient=-,src=canonical,dA=64,sec=L2]/L5[chunks=1@0,rel=reduced-evaluation,qrm=11264,cqrm=0,eor=0,in=288768,out=128896;witness=ET,s=-,h=-,partial=-,quotient=-,src=canonical,dA=64,sec=L2]/L6[chunks=1@0,rel=reduced-evaluation,qrm=9856,cqrm=0,eor=0,in=128896,out=93696;witness=ET,s=-,h=-,partial=-,quotient=-,src=canonical,dA=64,sec=L2]/T[method=ET,src=canonical,eor=0,input=93696,dA=64,sec=L2]
fp128_onehot_multi_chunk_w8r3	final=16:1;precommitted=	619d5acd56307a5aff5911635e36969a167028482b33cc55f9f90598a55554be	1464320	262144	88023	8	17f6b244f49c4096af383b4097abb9b613600512bb6cdcfc24db544b8d381fb9	cutover=L2;L0[chunks=8@3,rel=quotient,qrm=0,cqrm=0,eor=0,in=65536,out=1839552;witness=PACK,s=64,h=8,partial=64,quotient=64,src=canonical,dA=512,sec=Linf]/L1[chunks=8@3,rel=quotient,qrm=0,cqrm=0,eor=0,in=1839552,out=1792064;witness=PACK,s=64,h=1,partial=64,quotient=64,src=canonical,dA=64,sec=Linf]/L2[chunks=8@3,rel=reduced-evaluation,qrm=19968,cqrm=2496,eor=0,in=1792064,out=1736704;witness=ET,s=-,h=-,partial=-,quotient=-,src=canonical,dA=64,sec=Linf]/L3[chunks=1@0,rel=reduced-evaluation,qrm=14976,cqrm=2496,eor=0,in=1736704,out=498944;witness=ET,s=-,h=-,partial=-,quotient=-,src=canonical,dA=64,sec=L2]/L4[chunks=1@0,rel=reduced-evaluation,qrm=11648,cqrm=2496,eor=0,in=498944,out=256000;witness=ET,s=-,h=-,partial=-,quotient=-,src=canonical,dA=64,sec=L2]/L5[chunks=1@0,rel=reduced-evaluation,qrm=11264,cqrm=0,eor=0,in=256000,out=121856;witness=ET,s=-,h=-,partial=-,quotient=-,src=canonical,dA=64,sec=L2]/L6[chunks=1@0,rel=reduced-evaluation,qrm=9856,cqrm=0,eor=0,in=121856,out=93696;witness=ET,s=-,h=-,partial=-,quotient=-,src=canonical,dA=64,sec=L2]/T[method=ET,src=canonical,eor=0,input=93696,dA=64,sec=L2]
fp128_onehot_multi_chunk_w8r3	final=32:1;precommitted=	47272635f2438376271d1b13f43ae0fbb70effc54ee431f53fae213a90ff22bc	4194304	4194304	87933	9	dfad648d8c27b8aaef9e7292a5e13e6ba9800ea0424f06470da16d3b0d2bcdf2	cutover=L2;L0[chunks=8@3,rel=quotient,qrm=0,cqrm=0,eor=0,in=4294967296,out=128061888;witness=PACK,s=64,h=8,partial=64,quotient=64,src=canonical,dA=512,sec=Linf]/L1[chunks=8@3,rel=quotient,qrm=0,cqrm=0,eor=0,in=128061888,out=20055808;witness=PACK,s=64,h=1,partial=64,quotient=64,src=canonical,dA=64,sec=Linf]/L2[chunks=8@3,rel=reduced-evaluation,qrm=27520,cqrm=4128,eor=0,in=20055808,out=8413184;witness=ET,s=-,h=-,partial=-,quotient=-,src=canonical,dA=64,sec=Linf]/L3[chunks=1@0,rel=reduced-evaluation,qrm=24768,cqrm=4128,eor=0,in=8413184,out=1708864;witness=ET,s=-,h=-,partial=-,quotient=-,src=canonical,dA=64,sec=Linf]/L4[chunks=1@0,rel=reduced-evaluation,qrm=22016,cqrm=4128,eor=0,in=1708864,out=732544;witness=ET,s=-,h=-,partial=-,quotient=-,src=canonical,dA=64,sec=Linf]/L5[chunks=1@0,rel=reduced-evaluation,qrm=13312,cqrm=2496,eor=0,in=732544,out=275456;witness=ET,s=-,h=-,partial=-,quotient=-,src=canonical,dA=64,sec=Linf]/L6[chunks=1@0,rel=reduced-evaluation,qrm=11264,cqrm=0,eor=0,in=275456,out=128896;witness=ET,s=-,h=-,partial=-,quotient=-,src=canonical,dA=64,sec=L2]/L7[chunks=1@0,rel=reduced-evaluation,qrm=9856,cqrm=0,eor=0,in=128896,out=93696;witness=ET,s=-,h=-,partial=-,quotient=-,src=canonical,dA=64,sec=L2]/T[method=ET,src=canonical,eor=0,input=93696,dA=64,sec=L2]
fp128_onehot_multi_chunk_w8r3	final=32:2;precommitted=16:1,16:1	bd4e6504bb728c0655ca08602eaf5e84fc53905087b94502ed97eb81938232e1	8388608	8388608	88052	9	817815cdf6168372fd24a840d3f301363aa2b82a962c3245c1fde70f4fa75619	cutover=L2;L0[chunks=8@3,rel=quotient,qrm=0,cqrm=0,eor=0,in=4294967296,out=231059456;witness=PACK,s=64,h=8,partial=64,quotient=64,src=canonical,dA=512,sec=Linf;pre0=PACK,s=64,h=8,partial=64,quotient=64,src=canonical,dA=512,sec=Linf;pre1=PACK,s=64,h=8,partial=64,quotient=64,src=canonical,dA=512,sec=Linf]/L1[chunks=8@3,rel=quotient,qrm=0,cqrm=0,eor=0,in=231059456,out=28447168;witness=PACK,s=64,h=4,partial=64,quotient=64,src=canonical,dA=256,sec=Linf]/L2[chunks=8@3,rel=reduced-evaluation,qrm=27520,cqrm=4128,eor=0,in=28447168,out=10510336;witness=ET,s=-,h=-,partial=-,quotient=-,src=canonical,dA=64,sec=Linf]/L3[chunks=1@0,rel=reduced-evaluation,qrm=24768,cqrm=4128,eor=0,in=10510336,out=1862976;witness=ET,s=-,h=-,partial=-,quotient=-,src=canonical,dA=64,sec=Linf]/L4[chunks=1@0,rel=reduced-evaluation,qrm=22016,cqrm=4128,eor=0,in=1862976,out=765568;witness=ET,s=-,h=-,partial=-,quotient=-,src=canonical,dA=64,sec=Linf]/L5[chunks=1@0,rel=reduced-evaluation,qrm=13312,cqrm=2496,eor=0,in=765568,out=275456;witness=ET,s=-,h=-,partial=-,quotient=-,src=canonical,dA=64,sec=Linf]/L6[chunks=1@0,rel=reduced-evaluation,qrm=11264,cqrm=0,eor=0,in=275456,out=128896;witness=ET,s=-,h=-,partial=-,quotient=-,src=canonical,dA=64,sec=L2]/L7[chunks=1@0,rel=reduced-evaluation,qrm=9856,cqrm=0,eor=0,in=128896,out=93696;witness=ET,s=-,h=-,partial=-,quotient=-,src=canonical,dA=64,sec=L2]/T[method=ET,src=canonical,eor=0,input=93696,dA=64,sec=L2]
fp128_onehot_multi_chunk_w8r3	final=34:2;precommitted=16:1,16:1	bdc31eb5f14c0a36c8a4d61241e98b64736232ca8a0540f7514091c983c3ddae	16777216	16777216	88283	9	a768d01669ebb1e73aadd9ad2a5b048b26ccb929070028489aa0b3a52bd01281	cutover=L2;L0[chunks=8@3,rel=quotient,qrm=0,cqrm=0,eor=0,in=17179869184,out=457562624;witness=PACK,s=64,h=8,partial=64,quotient=64,src=canonical,dA=512,sec=Linf;pre0=PACK,s=64,h=8,partial=64,quotient=64,src=canonical,dA=512,sec=Linf;pre1=PACK,s=64,h=8,partial=64,quotient=64,src=canonical,dA=512,sec=Linf]/L1[chunks=8@3,rel=quotient,qrm=0,cqrm=0,eor=0,in=457562624,out=36833024;witness=PACK,s=64,h=1,partial=64,quotient=64,src=canonical,dA=64,sec=Linf]/L2[chunks=8@3,rel=reduced-evaluation,qrm=30272,cqrm=4128,eor=0,in=36833024,out=10780672;witness=ET,s=-,h=-,partial=-,quotient=-,src=canonical,dA=64,sec=Linf]/L3[chunks=1@0,rel=reduced-evaluation,qrm=24768,cqrm=4128,eor=0,in=10780672,out=1882240;witness=ET,s=-,h=-,partial=-,quotient=-,src=canonical,dA=64,sec=Linf]/L4[chunks=1@0,rel=reduced-evaluation,qrm=22016,cqrm=4128,eor=0,in=1882240,out=765568;witness=ET,s=-,h=-,partial=-,quotient=-,src=canonical,dA=64,sec=Linf]/L5[chunks=1@0,rel=reduced-evaluation,qrm=13312,cqrm=2496,eor=0,in=765568,out=275456;witness=ET,s=-,h=-,partial=-,quotient=-,src=canonical,dA=64,sec=Linf]/L6[chunks=1@0,rel=reduced-evaluation,qrm=11264,cqrm=0,eor=0,in=275456,out=128896;witness=ET,s=-,h=-,partial=-,quotient=-,src=canonical,dA=64,sec=L2]/L7[chunks=1@0,rel=reduced-evaluation,qrm=9856,cqrm=0,eor=0,in=128896,out=93696;witness=ET,s=-,h=-,partial=-,quotient=-,src=canonical,dA=64,sec=L2]/T[method=ET,src=canonical,eor=0,input=93696,dA=64,sec=L2]
fp128_onehot_recursive	final=32:2;precommitted=16:1,16:1	7af0b4d281bc91485cb708c45d09dbeff67604e5e932e20cdb84ee742250c355	8388608	2097152	87042	8	dbb63f6e7d69127b02a2a8378295728b1b207338411256f33766db0dfd48f21d	cutover=L2;L0[chunks=1@0,rel=quotient,qrm=0,cqrm=0,eor=0,in=4294967296,out=53826560;witness=PACK,s=128,h=4,partial=128,quotient=128,src=canonical,dA=512,sec=Linf;pre0=PACK,s=128,h=2,partial=128,quotient=128,src=canonical,dA=256,sec=Linf;pre1=PACK,s=128,h=2,partial=128,quotient=128,src=canonical,dA=256,sec=Linf]/L1[chunks=1@0,rel=quotient,qrm=0,cqrm=0,eor=0,in=53826560,out=10617344;witness=PACK,s=128,h=2,partial=128,quotient=128,src=canonical,dA=256,sec=Linf;prefix=PACK,s=128,h=2,partial=128,quotient=128,src=canonical,dA=256,sec=Linf]/L2[chunks=1@0,rel=reduced-evaluation,qrm=18432,cqrm=3072,eor=0,in=10617344,out=1398784;witness=ET,s=-,h=-,partial=-,quotient=-,src=canonical,dA=64,sec=Linf]/L3[chunks=1@0,rel=reduced-evaluation,qrm=14336,cqrm=3072,eor=0,in=1398784,out=446464;witness=ET,s=-,h=-,partial=-,quotient=-,src=canonical,dA=64,sec=L2]/L4[chunks=1@0,rel=reduced-evaluation,qrm=16384,cqrm=3072,eor=0,in=446464,out=294912;witness=ET,s=-,h=-,partial=-,quotient=-,src=canonical,dA=64,sec=Linf]/L5[chunks=1@0,rel=reduced-evaluation,qrm=11264,cqrm=0,eor=0,in=294912,out=128896;witness=ET,s=-,h=-,partial=-,quotient=-,src=canonical,dA=64,sec=L2]/L6[chunks=1@0,rel=reduced-evaluation,qrm=9856,cqrm=0,eor=0,in=128896,out=93696;witness=ET,s=-,h=-,partial=-,quotient=-,src=canonical,dA=64,sec=L2]/T[method=ET,src=canonical,eor=0,input=93696,dA=64,sec=L2]
fp128_onehot_recursive	final=34:2;precommitted=16:1,16:1	30424e0ca54d42b83af9180851eb3c3bf76481bd1b3487fbbad1c7bcaaecb7c9	16777216	2097152	92666	8	211d74aba9771798845f3ec3a26dac217a038d625894e4839866de1eb3469a8a	cutover=L2;L0[chunks=1@0,rel=quotient,qrm=0,cqrm=0,eor=0,in=17179869184,out=107172864;witness=PACK,s=128,h=4,partial=128,quotient=128,src=canonical,dA=512,sec=Linf;pre0=PACK,s=128,h=2,partial=128,quotient=128,src=canonical,dA=256,sec=Linf;pre1=PACK,s=128,h=2,partial=128,quotient=128,src=canonical,dA=256,sec=Linf]/L1[chunks=1@0,rel=quotient,qrm=0,cqrm=0,eor=0,in=107172864,out=13479424;witness=PACK,s=512,h=1,partial=512,quotient=512,src=canonical,dA=512,sec=Linf;prefix=PACK,s=512,h=1,partial=512,quotient=512,src=canonical,dA=512,sec=Linf]/L2[chunks=1@0,rel=reduced-evaluation,qrm=18304,cqrm=2112,eor=0,in=13479424,out=1486336;witness=ET,s=-,h=-,partial=-,quotient=-,src=canonical,dA=64,sec=Linf]/L3[chunks=1@0,rel=reduced-evaluation,qrm=14080,cqrm=2112,eor=0,in=1486336,out=431872;witness=ET,s=-,h=-,partial=-,quotient=-,src=canonical,dA=64,sec=L2]/L4[chunks=1@0,rel=reduced-evaluation,qrm=12672,cqrm=2112,eor=0,in=431872,out=222976;witness=ET,s=-,h=-,partial=-,quotient=-,src=canonical,dA=64,sec=Linf]/L5[chunks=1@0,rel=reduced-evaluation,qrm=12672,cqrm=0,eor=0,in=222976,out=124672;witness=ET,s=-,h=-,partial=-,quotient=-,src=canonical,dA=64,sec=Linf]/L6[chunks=1@0,rel=reduced-evaluation,qrm=9856,cqrm=0,eor=0,in=124672,out=93696;witness=ET,s=-,h=-,partial=-,quotient=-,src=canonical,dA=64,sec=L2]/T[method=ET,src=canonical,eor=0,input=93696,dA=64,sec=L2]
fp128_onehot_recursive	final=36:1;precommitted=	b9f19e5b22668a057b75ac8efda23eb70064baa0dde95e015463454c195a7713	33554432	4194304	87758	8	19537a2409c59ebe0c48604c50d5881291461db80806263f3ed58e2f10793cb5	cutover=L2;L0[chunks=1@0,rel=quotient,qrm=0,cqrm=0,eor=0,in=68719476736,out=157129792;witness=PACK,s=128,h=4,partial=128,quotient=128,src=canonical,dA=512,sec=Linf]/L1[chunks=1@0,rel=quotient,qrm=0,cqrm=0,eor=0,in=157129792,out=20695552;witness=PACK,s=64,h=8,partial=64,quotient=64,src=canonical,dA=512,sec=Linf;prefix=PACK,s=64,h=8,partial=64,quotient=64,src=canonical,dA=512,sec=Linf]/L2[chunks=1@0,rel=reduced-evaluation,qrm=20480,cqrm=3072,eor=0,in=20695552,out=1951744;witness=ET,s=-,h=-,partial=-,quotient=-,src=canonical,dA=64,sec=Linf]/L3[chunks=1@0,rel=reduced-evaluation,qrm=16384,cqrm=3072,eor=0,in=1951744,out=589824;witness=ET,s=-,h=-,partial=-,quotient=-,src=canonical,dA=64,sec=Linf]/L4[chunks=1@0,rel=reduced-evaluation,qrm=13312,cqrm=2496,eor=0,in=589824,out=245504;witness=ET,s=-,h=-,partial=-,quotient=-,src=canonical,dA=64,sec=Linf]/L5[chunks=1@0,rel=reduced-evaluation,qrm=11264,cqrm=0,eor=0,in=245504,out=121856;witness=ET,s=-,h=-,partial=-,quotient=-,src=canonical,dA=64,sec=L2]/L6[chunks=1@0,rel=reduced-evaluation,qrm=9856,cqrm=0,eor=0,in=121856,out=93696;witness=ET,s=-,h=-,partial=-,quotient=-,src=canonical,dA=64,sec=L2]/T[method=ET,src=canonical,eor=0,input=93696,dA=64,sec=L2]
fp128_onehot_recursive_multi_chunk_w2r3	final=32:2;precommitted=16:1,16:1	45cc29a518e485dc1b28fab1eca8d47fee289270e11105b470445e044d6acc28	8388608	2097152	90662	8	73bed4808f6ddd2bb933329a8e3f3c4fd5bc6a2a1e791d442128959be9ddd3c1	cutover=L2;L0[chunks=2@3,rel=quotient,qrm=0,cqrm=0,eor=0,in=4294967296,out=79996416;witness=PACK,s=128,h=4,partial=128,quotient=128,src=canonical,dA=512,sec=Linf;pre0=PACK,s=128,h=4,partial=128,quotient=128,src=canonical,dA=512,sec=Linf;pre1=PACK,s=128,h=4,partial=128,quotient=128,src=canonical,dA=512,sec=Linf]/L1[chunks=2@3,rel=quotient,qrm=0,cqrm=0,eor=0,in=79996416,out=14290944;witness=PACK,s=256,h=2,partial=256,quotient=256,src=canonical,dA=512,sec=Linf;prefix=PACK,s=256,h=2,partial=256,quotient=256,src=canonical,dA=512,sec=Linf]/L2[chunks=2@3,rel=reduced-evaluation,qrm=19968,cqrm=2496,eor=0,in=14290944,out=2400256;witness=ET,s=-,h=-,partial=-,quotient=-,src=canonical,dA=64,sec=Linf]/L3[chunks=1@0,rel=reduced-evaluation,qrm=13312,cqrm=2496,eor=0,in=2400256,out=607488;witness=ET,s=-,h=-,partial=-,quotient=-,src=canonical,dA=64,sec=L2]/L4[chunks=1@0,rel=reduced-evaluation,qrm=11648,cqrm=2496,eor=0,in=607488,out=280960;witness=ET,s=-,h=-,partial=-,quotient=-,src=canonical,dA=64,sec=L2]/L5[chunks=1@0,rel=reduced-evaluation,qrm=11264,cqrm=0,eor=0,in=280960,out=128896;witness=ET,s=-,h=-,partial=-,quotient=-,src=canonical,dA=64,sec=L2]/L6[chunks=1@0,rel=reduced-evaluation,qrm=9856,cqrm=0,eor=0,in=128896,out=93696;witness=ET,s=-,h=-,partial=-,quotient=-,src=canonical,dA=64,sec=L2]/T[method=ET,src=canonical,eor=0,input=93696,dA=64,sec=L2]
fp128_onehot_recursive_multi_chunk_w2r3	final=34:2;precommitted=16:1,16:1	1c1d062fd6a93a41e831d69516fe67af3289b831e223e6f038991c140fea2a7c	16777216	4194304	90818	9	eb3e61b5b0ad5a9fcad55f3b6c698421f27041c99f93958cac9b3325ee8da51a	cutover=L2;L0[chunks=2@3,rel=quotient,qrm=0,cqrm=0,eor=0,in=17179869184,out=158639616;witness=PACK,s=128,h=4,partial=128,quotient=128,src=canonical,dA=512,sec=Linf;pre0=PACK,s=128,h=4,partial=128,quotient=128,src=canonical,dA=512,sec=Linf;pre1=PACK,s=128,h=4,partial=128,quotient=128,src=canonical,dA=512,sec=Linf]/L1[chunks=2@3,rel=quotient,qrm=0,cqrm=0,eor=0,in=158639616,out=23208448;witness=PACK,s=128,h=2,partial=128,quotient=128,src=canonical,dA=256,sec=Linf;prefix=PACK,s=128,h=2,partial=128,quotient=128,src=canonical,dA=256,sec=Linf]/L2[chunks=2@3,rel=reduced-evaluation,qrm=20480,cqrm=3072,eor=0,in=23208448,out=2916352;witness=ET,s=-,h=-,partial=-,quotient=-,src=canonical,dA=64,sec=Linf]/L3[chunks=1@0,rel=reduced-evaluation,qrm=18432,cqrm=3072,eor=0,in=2916352,out=747520;witness=ET,s=-,h=-,partial=-,quotient=-,src=canonical,dA=64,sec=Linf]/L4[chunks=1@0,rel=reduced-evaluation,qrm=16384,cqrm=3072,eor=0,in=747520,out=368640;witness=ET,s=-,h=-,partial=-,quotient=-,src=canonical,dA=64,sec=Linf]/L5[chunks=1@0,rel=reduced-evaluation,qrm=14336,cqrm=0,eor=0,in=368640,out=221184;witness=ET,s=-,h=-,partial=-,quotient=-,src=canonical,dA=64,sec=L2]/L6[chunks=1@0,rel=reduced-evaluation,qrm=11648,cqrm=0,eor=0,in=221184,out=123776;witness=ET,s=-,h=-,partial=-,quotient=-,src=canonical,dA=64,sec=L2]/L7[chunks=1@0,rel=reduced-evaluation,qrm=9856,cqrm=0,eor=0,in=123776,out=93696;witness=ET,s=-,h=-,partial=-,quotient=-,src=canonical,dA=64,sec=L2]/T[method=ET,src=canonical,eor=0,input=93696,dA=64,sec=L2]
fp128_onehot_recursive_multi_chunk_w4r3	final=32:2;precommitted=16:1,16:1	7bacfcee37e74c80f7b1c900e1efd2da313d46aac18501aa058dc854f71c8cbf	8388608	4194304	88636	9	58667c774a35ac856c56a6ae15c1f9dd43f3dd17ed900e64fd898ce4e435e84f	cutover=L2;L0[chunks=4@3,rel=quotient,qrm=0,cqrm=0,eor=0,in=4294967296,out=128299008;witness=PACK,s=64,h=8,partial=64,quotient=64,src=canonical,dA=512,sec=Linf;pre0=PACK,s=64,h=8,partial=64,quotient=64,src=canonical,dA=512,sec=Linf;pre1=PACK,s=64,h=8,partial=64,quotient=64,src=canonical,dA=512,sec=Linf]/L1[chunks=4@3,rel=quotient,qrm=0,cqrm=0,eor=0,in=128299008,out=32634112;witness=PACK,s=64,h=2,partial=64,quotient=64,src=canonical,dA=128,sec=Linf;prefix=PACK,s=64,h=2,partial=64,quotient=64,src=canonical,dA=128,sec=Linf]/L2[chunks=4@3,rel=reduced-evaluation,qrm=24768,cqrm=4128,eor=0,in=32634112,out=7364608;witness=ET,s=-,h=-,partial=-,quotient=-,src=canonical,dA=64,sec=Linf]/L3[chunks=1@0,rel=reduced-evaluation,qrm=24768,cqrm=4128,eor=0,in=7364608,out=1631808;witness=ET,s=-,h=-,partial=-,quotient=-,src=canonical,dA=64,sec=Linf]/L4[chunks=1@0,rel=reduced-evaluation,qrm=22016,cqrm=4128,eor=0,in=1631808,out=699520;witness=ET,s=-,h=-,partial=-,quotient=-,src=canonical,dA=64,sec=Linf]/L5[chunks=1@0,rel=reduced-evaluation,qrm=13312,cqrm=2496,eor=0,in=699520,out=265472;witness=ET,s=-,h=-,partial=-,quotient=-,src=canonical,dA=64,sec=Linf]/L6[chunks=1@0,rel=reduced-evaluation,qrm=11264,cqrm=0,eor=0,in=265472,out=128896;witness=ET,s=-,h=-,partial=-,quotient=-,src=canonical,dA=64,sec=L2]/L7[chunks=1@0,rel=reduced-evaluation,qrm=9856,cqrm=0,eor=0,in=128896,out=93696;witness=ET,s=-,h=-,partial=-,quotient=-,src=canonical,dA=64,sec=L2]/T[method=ET,src=canonical,eor=0,input=93696,dA=64,sec=L2]
fp128_onehot_recursive_multi_chunk_w4r3	final=34:2;precommitted=16:1,16:1	a566276dafd88ca52207ba1f4784f4d83086d9fad91b86e4018094ba450ead4c	16777216	4194304	94560	9	bf5af77ea2438cf5fb018c8b3ab16e0f1d2fd3b4b0c85ecca30008619bdd6490	cutover=L2;L0[chunks=4@3,rel=quotient,qrm=0,cqrm=0,eor=0,in=17179869184,out=260439040;witness=PACK,s=128,h=4,partial=128,quotient=128,src=canonical,dA=512,sec=Linf;pre0=PACK,s=128,h=4,partial=128,quotient=128,src=canonical,dA=512,sec=Linf;pre1=PACK,s=128,h=4,partial=128,quotient=128,src=canonical,dA=512,sec=Linf]/L1[chunks=4@3,rel=quotient,qrm=0,cqrm=0,eor=0,in=260439040,out=31572480;witness=PACK,s=256,h=2,partial=256,quotient=256,src=canonical,dA=512,sec=Linf;prefix=PACK,s=256,h=2,partial=256,quotient=256,src=canonical,dA=512,sec=Linf]/L2[chunks=4@3,rel=reduced-evaluation,qrm=21632,cqrm=2496,eor=0,in=31572480,out=5283840;witness=ET,s=-,h=-,partial=-,quotient=-,src=canonical,dA=64,sec=Linf]/L3[chunks=1@0,rel=reduced-evaluation,qrm=18304,cqrm=2496,eor=0,in=5283840,out=971776;witness=ET,s=-,h=-,partial=-,quotient=-,src=canonical,dA=64,sec=Linf]/L4[chunks=1@0,rel=reduced-evaluation,qrm=18304,cqrm=2496,eor=0,in=971776,out=429056;witness=ET,s=-,h=-,partial=-,quotient=-,src=canonical,dA=64,sec=Linf]/L5[chunks=1@0,rel=reduced-evaluation,qrm=14976,cqrm=2496,eor=0,in=429056,out=285952;witness=ET,s=-,h=-,partial=-,quotient=-,src=canonical,dA=64,sec=Linf]/L6[chunks=1@0,rel=reduced-evaluation,qrm=11264,cqrm=0,eor=0,in=285952,out=128896;witness=ET,s=-,h=-,partial=-,quotient=-,src=canonical,dA=64,sec=L2]/L7[chunks=1@0,rel=reduced-evaluation,qrm=9856,cqrm=0,eor=0,in=128896,out=93696;witness=ET,s=-,h=-,partial=-,quotient=-,src=canonical,dA=64,sec=L2]/T[method=ET,src=canonical,eor=0,input=93696,dA=64,sec=L2]
fp128_onehot_recursive_multi_chunk_w8r2	final=32:2;precommitted=16:1,16:1	a75d52be250d13edee83fc5777a93c31e103d0ac4dd63113d61c436c84207302	8388608	4194304	86456	8	cd636206dce5923cca4bcb24d88d3cfd9f924f5f3680c7b0f82b6f5f90075964	cutover=L2;L0[chunks=8@2,rel=quotient,qrm=0,cqrm=0,eor=0,in=4294967296,out=231065088;witness=PACK,s=64,h=8,partial=64,quotient=64,src=canonical,dA=512,sec=Linf;pre0=PACK,s=128,h=4,partial=128,quotient=128,src=canonical,dA=512,sec=Linf;pre1=PACK,s=128,h=4,partial=128,quotient=128,src=canonical,dA=512,sec=Linf]/L1[chunks=8@2,rel=quotient,qrm=0,cqrm=0,eor=0,in=231065088,out=54692480;witness=PACK,s=64,h=2,partial=64,quotient=64,src=canonical,dA=128,sec=Linf;prefix=PACK,s=64,h=2,partial=64,quotient=64,src=canonical,dA=128,sec=Linf]/L2[chunks=1@0,rel=reduced-evaluation,qrm=24768,cqrm=4128,eor=0,in=54692480,out=4144448;witness=ET,s=-,h=-,partial=-,quotient=-,src=canonical,dA=64,sec=Linf]/L3[chunks=1@0,rel=reduced-evaluation,qrm=19264,cqrm=4128,eor=0,in=4144448,out=989184;witness=ET,s=-,h=-,partial=-,quotient=-,src=canonical,dA=64,sec=L2]/L4[chunks=1@0,rel=reduced-evaluation,qrm=11648,cqrm=2496,eor=0,in=989184,out=288768;witness=ET,s=-,h=-,partial=-,quotient=-,src=canonical,dA=64,sec=L2]/L5[chunks=1@0,rel=reduced-evaluation,qrm=11264,cqrm=0,eor=0,in=288768,out=128896;witness=ET,s=-,h=-,partial=-,quotient=-,src=canonical,dA=64,sec=L2]/L6[chunks=1@0,rel=reduced-evaluation,qrm=9856,cqrm=0,eor=0,in=128896,out=93696;witness=ET,s=-,h=-,partial=-,quotient=-,src=canonical,dA=64,sec=L2]/T[method=ET,src=canonical,eor=0,input=93696,dA=64,sec=L2]
fp128_onehot_recursive_multi_chunk_w8r2	final=34:2;precommitted=16:1,16:1	4df8d71545925a8473be3f295dea00d1725c97fff86fc2636ab7153dc3b8d15e	16777216	8388608	88504	8	954a7e80ab59fb35d0cfd211e0e5653c7eb8f5f211c12845694b5cfe7a10b9b8	cutover=L2;L0[chunks=8@2,rel=quotient,qrm=0,cqrm=0,eor=0,in=17179869184,out=457568256;witness=PACK,s=64,h=8,partial=64,quotient=64,src=canonical,dA=512,sec=Linf;pre0=PACK,s=128,h=4,partial=128,quotient=128,src=canonical,dA=512,sec=Linf;pre1=PACK,s=128,h=4,partial=128,quotient=128,src=canonical,dA=512,sec=Linf]/L1[chunks=8@2,rel=quotient,qrm=0,cqrm=0,eor=0,in=457568256,out=75718912;witness=PACK,s=64,h=4,partial=64,quotient=64,src=canonical,dA=256,sec=Linf;prefix=PACK,s=64,h=4,partial=64,quotient=64,src=canonical,dA=256,sec=Linf]/L2[chunks=1@0,rel=reduced-evaluation,qrm=24768,cqrm=4128,eor=0,in=75718912,out=4915008;witness=ET,s=-,h=-,partial=-,quotient=-,src=canonical,dA=64,sec=Linf]/L3[chunks=1@0,rel=reduced-evaluation,qrm=19264,cqrm=4128,eor=0,in=4915008,out=1071744;witness=ET,s=-,h=-,partial=-,quotient=-,src=canonical,dA=64,sec=L2]/L4[chunks=1@0,rel=reduced-evaluation,qrm=11648,cqrm=0,eor=0,in=1071744,out=272512;witness=ET,s=-,h=-,partial=-,quotient=-,src=canonical,dA=64,sec=L2]/L5[chunks=1@0,rel=reduced-evaluation,qrm=11264,cqrm=0,eor=0,in=272512,out=128896;witness=ET,s=-,h=-,partial=-,quotient=-,src=canonical,dA=64,sec=L2]/L6[chunks=1@0,rel=reduced-evaluation,qrm=9856,cqrm=0,eor=0,in=128896,out=93696;witness=ET,s=-,h=-,partial=-,quotient=-,src=canonical,dA=64,sec=L2]/T[method=ET,src=canonical,eor=0,input=93696,dA=64,sec=L2]
fp128_onehot_recursive_multi_chunk_w8r3	final=32:2;precommitted=16:1,16:1	bd4e6504bb728c0655ca08602eaf5e84fc53905087b94502ed97eb81938232e1	8388608	4194304	89099	9	8bb048807f430a65c908a97bfcfe2b87c3dd7ca57f027f069fbca9695c4617dc	cutover=L2;L0[chunks=8@3,rel=quotient,qrm=0,cqrm=0,eor=0,in=4294967296,out=231059456;witness=PACK,s=64,h=8,partial=64,quotient=64,src=canonical,dA=512,sec=Linf;pre0=PACK,s=64,h=8,partial=64,quotient=64,src=canonical,dA=512,sec=Linf;pre1=PACK,s=64,h=8,partial=64,quotient=64,src=canonical,dA=512,sec=Linf]/L1[chunks=8@3,rel=quotient,qrm=0,cqrm=0,eor=0,in=231059456,out=52592576;witness=PACK,s=64,h=1,partial=64,quotient=64,src=canonical,dA=64,sec=Linf;prefix=PACK,s=64,h=1,partial=64,quotient=64,src=canonical,dA=64,sec=Linf]/L2[chunks=8@3,rel=reduced-evaluation,qrm=27520,cqrm=4128,eor=0,in=52592576,out=14704640;witness=ET,s=-,h=-,partial=-,quotient=-,src=canonical,dA=64,sec=Linf]/L3[chunks=1@0,rel=reduced-evaluation,qrm=24768,cqrm=4128,eor=0,in=14704640,out=2171200;witness=ET,s=-,h=-,partial=-,quotient=-,src=canonical,dA=64,sec=Linf]/L4[chunks=1@0,rel=reduced-evaluation,qrm=22016,cqrm=4128,eor=0,in=2171200,out=848128;witness=ET,s=-,h=-,partial=-,quotient=-,src=canonical,dA=64,sec=Linf]/L5[chunks=1@0,rel=reduced-evaluation,qrm=13312,cqrm=2496,eor=0,in=848128,out=285440;witness=ET,s=-,h=-,partial=-,quotient=-,src=canonical,dA=64,sec=Linf]/L6[chunks=1@0,rel=reduced-evaluation,qrm=11264,cqrm=0,eor=0,in=285440,out=128896;witness=ET,s=-,h=-,partial=-,quotient=-,src=canonical,dA=64,sec=L2]/L7[chunks=1@0,rel=reduced-evaluation,qrm=9856,cqrm=0,eor=0,in=128896,out=93696;witness=ET,s=-,h=-,partial=-,quotient=-,src=canonical,dA=64,sec=L2]/T[method=ET,src=canonical,eor=0,input=93696,dA=64,sec=L2]
fp128_onehot_recursive_multi_chunk_w8r3	final=34:2;precommitted=16:1,16:1	bdc31eb5f14c0a36c8a4d61241e98b64736232ca8a0540f7514091c983c3ddae	16777216	4194304	91110	9	9678fd36c712c9d6af6eba371be88007b940c3291ef3533aae822439d2cf48f7	cutover=L3;L0[chunks=8@3,rel=quotient,qrm=0,cqrm=0,eor=0,in=17179869184,out=457562624;witness=PACK,s=64,h=8,partial=64,quotient=64,src=canonical,dA=512,sec=Linf;pre0=PACK,s=64,h=8,partial=64,quotient=64,src=canonical,dA=512,sec=Linf;pre1=PACK,s=64,h=8,partial=64,quotient=64,src=canonical,dA=512,sec=Linf]/L1[chunks=8@3,rel=quotient,qrm=0,cqrm=0,eor=0,in=457562624,out=75675136;witness=PACK,s=64,h=4,partial=64,quotient=64,src=canonical,dA=256,sec=Linf;prefix=PACK,s=64,h=4,partial=64,quotient=64,src=canonical,dA=256,sec=Linf]/L2[chunks=8@3,rel=quotient,qrm=0,cqrm=0,eor=0,in=75675136,out=46268288;witness=ET,s=-,h=-,partial=-,quotient=-,src=canonical,dA=64,sec=Linf;prefix=ET,s=-,h=-,partial=-,quotient=-,src=canonical,dA=64,sec=Linf]/L3[chunks=1@0,rel=reduced-evaluation,qrm=24768,cqrm=4128,eor=0,in=46268288,out=3836224;witness=ET,s=-,h=-,partial=-,quotient=-,src=canonical,dA=64,sec=Linf]/L4[chunks=1@0,rel=reduced-evaluation,qrm=19264,cqrm=4128,eor=0,in=3836224,out=961664;witness=ET,s=-,h=-,partial=-,quotient=-,src=canonical,dA=64,sec=L2]/L5[chunks=1@0,rel=reduced-evaluation,qrm=11648,cqrm=2496,eor=0,in=961664,out=280448;witness=ET,s=-,h=-,partial=-,quotient=-,src=canonical,dA=64,sec=L2]/L6[chunks=1@0,rel=reduced-evaluation,qrm=11264,cqrm=0,eor=0,in=280448,out=128896;witness=ET,s=-,h=-,partial=-,quotient=-,src=canonical,dA=64,sec=L2]/L7[chunks=1@0,rel=reduced-evaluation,qrm=9856,cqrm=0,eor=0,in=128896,out=93696;witness=ET,s=-,h=-,partial=-,quotient=-,src=canonical,dA=64,sec=L2]/T[method=ET,src=canonical,eor=0,input=93696,dA=64,sec=L2]
fp32_dense	final=20:1;precommitted=	7e615f063166da9e18d6e9eacc305f7128e85099f64b8b48278e935e02e876fe	524288	131072	71813	6	fb4e102984cf1847d7c535f022004e6c76cd86014eced8fa7122a70808219fb5	cutover=L2;L0[chunks=1@0,rel=quotient,qrm=0,cqrm=0,eor=0,in=1048576,out=1734272;witness=PACK,s=64,h=8,partial=256,quotient=256,src=canonical,dA=2048,sec=Linf]/L1[chunks=1@0,rel=quotient,qrm=0,cqrm=0,eor=0,in=1734272,out=780672;witness=PACK,s=64,h=1,partial=256,quotient=256,src=canonical,dA=256,sec=Linf]/L2[chunks=1@0,rel=reduced-evaluation,qrm=11648,cqrm=2688,eor=656,in=780672,out=252416;witness=ET,s=-,h=-,partial=-,quotient=-,src=tensor-k4,dA=128,sec=Linf]/L3[chunks=1@0,rel=reduced-evaluation,qrm=9984,cqrm=0,eor=592,in=252416,out=114688;witness=ET,s=-,h=-,partial=-,quotient=-,src=tensor-k4,dA=128,sec=L2]/L4[chunks=1@0,rel=reduced-evaluation,qrm=10752,cqrm=0,eor=560,in=114688,out=81152;witness=ET,s=-,h=-,partial=-,quotient=-,src=tensor-k4,dA=128,sec=L2]/T[method=ET,src=tensor-k4,eor=560,input=81152,dA=128,sec=L2]
fp32_dense	final=20:1;precommitted=20:1	eb9006da2ba11329054b41effb1a570facd47539ad53c5a94d61c08461fd2e64	655360	262144	73577	6	92dc3fb91e04d4a1201cbd30f530fafc9d83120e6c02f526e855442ad365e38e	cutover=L2;L0[chunks=1@0,rel=quotient,qrm=0,cqrm=0,eor=0,in=1048576,out=3407872;witness=PACK,s=64,h=8,partial=256,quotient=256,src=canonical,dA=2048,sec=Linf;pre0=PACK,s=64,h=8,partial=256,quotient=256,src=canonical,dA=2048,sec=Linf]/L1[chunks=1@0,rel=quotient,qrm=0,cqrm=0,eor=0,in=3407872,out=953344;witness=PACK,s=64,h=8,partial=256,quotient=256,src=canonical,dA=2048,sec=Linf]/L2[chunks=1@0,rel=reduced-evaluation,qrm=15360,cqrm=3072,eor=656,in=953344,out=390144;witness=ET,s=-,h=-,partial=-,quotient=-,src=tensor-k4,dA=128,sec=Linf]/L3[chunks=1@0,rel=reduced-evaluation,qrm=12288,cqrm=0,eor=624,in=390144,out=196608;witness=ET,s=-,h=-,partial=-,quotient=-,src=tensor-k4,dA=128,sec=L2]/L4[chunks=1@0,rel=reduced-evaluation,qrm=11648,cqrm=0,eor=592,in=196608,out=113920;witness=ET,s=-,h=-,partial=-,quotient=-,src=tensor-k4,dA=128,sec=Linf]/T[method=ET,src=tensor-k4,eor=560,input=113920,dA=128,sec=L2]
fp32_dense	final=26:1;precommitted=	c93e949f727a2db762f7dbfe2fcdcdc29cf0a3b5fd10f76b3019de436810bc9b	1048576	1048576	75548	7	b5b88448fc23c992d9ea4d11109ffd8ade3fba09381c753ad1de63b3aedf9373	cutover=L2;L0[chunks=1@0,rel=quotient,qrm=0,cqrm=0,eor=0,in=67108864,out=12916352;witness=PACK,s=64,h=8,partial=256,quotient=256,src=canonical,dA=2048,sec=Linf]/L1[chunks=1@0,rel=quotient,qrm=0,cqrm=0,eor=0,in=12916352,out=1549312;witness=PACK,s=64,h=2,partial=256,quotient=256,src=canonical,dA=512,sec=Linf]/L2[chunks=1@0,rel=reduced-evaluation,qrm=15360,cqrm=3072,eor=688,in=1549312,out=491520;witness=ET,s=-,h=-,partial=-,quotient=-,src=tensor-k4,dA=128,sec=Linf]/L3[chunks=1@0,rel=reduced-evaluation,qrm=15360,cqrm=3072,eor=624,in=491520,out=291840;witness=ET,s=-,h=-,partial=-,quotient=-,src=tensor-k4,dA=128,sec=Linf]/L4[chunks=1@0,rel=reduced-evaluation,qrm=10752,cqrm=0,eor=624,in=291840,out=130048;witness=ET,s=-,h=-,partial=-,quotient=-,src=tensor-k4,dA=128,sec=L2]/L5[chunks=1@0,rel=reduced-evaluation,qrm=9984,cqrm=0,eor=560,in=130048,out=81920;witness=ET,s=-,h=-,partial=-,quotient=-,src=tensor-k4,dA=128,sec=L2]/T[method=ET,src=tensor-k4,eor=560,input=81920,dA=128,sec=L2]
fp32_dense	final=28:1;precommitted=	a46de3bb37f42fa48a71b95f2322aad4c4e9c8626b40c631cd6537cb251072a1	2883584	4194304	76862	7	6b99355f16fea683b69ee5913229e600d9839fbf1a7a6ce2e9dd5341da84154d	cutover=L2;L0[chunks=1@0,rel=quotient,qrm=0,cqrm=0,eor=0,in=268435456,out=27096448;witness=PACK,s=128,h=4,partial=512,quotient=512,src=canonical,dA=2048,sec=Linf]/L1[chunks=1@0,rel=quotient,qrm=0,cqrm=0,eor=0,in=27096448,out=3821184;witness=PACK,s=64,h=8,partial=256,quotient=256,src=canonical,dA=2048,sec=Linf]/L2[chunks=1@0,rel=reduced-evaluation,qrm=15360,cqrm=3072,eor=720,in=3821184,out=755712;witness=ET,s=-,h=-,partial=-,quotient=-,src=tensor-k4,dA=128,sec=Linf]/L3[chunks=1@0,rel=reduced-evaluation,qrm=11648,cqrm=2688,eor=656,in=755712,out=252416;witness=ET,s=-,h=-,partial=-,quotient=-,src=tensor-k4,dA=128,sec=Linf]/L4[chunks=1@0,rel=reduced-evaluation,qrm=9984,cqrm=0,eor=592,in=252416,out=114688;witness=ET,s=-,h=-,partial=-,quotient=-,src=tensor-k4,dA=128,sec=L2]/L5[chunks=1@0,rel=reduced-evaluation,qrm=10752,cqrm=0,eor=560,in=114688,out=81152;witness=ET,s=-,h=-,partial=-,quotient=-,src=tensor-k4,dA=128,sec=L2]/T[method=ET,src=tensor-k4,eor=560,input=81152,dA=128,sec=L2]
fp32_dense	final=30:1;precommitted=	0661c6ea7796b195873f4f0afc34e1f8ab8b773648907a24b0f5110247bb10d2	5242880	8388608	77760	7	f48c26305e0762b1ec1f478c7164be4aca083cc11d37de25056a11915a83bdb2	cutover=L2;L0[chunks=1@0,rel=quotient,qrm=0,cqrm=0,eor=0,in=1073741824,out=57546368;witness=PACK,s=64,h=8,partial=256,quotient=256,src=canonical,dA=2048,sec=Linf]/L1[chunks=1@0,rel=quotient,qrm=0,cqrm=0,eor=0,in=57546368,out=3908608;witness=PACK,s=128,h=4,partial=512,quotient=512,src=canonical,dA=2048,sec=Linf]/L2[chunks=1@0,rel=reduced-evaluation,qrm=15360,cqrm=3072,eor=720,in=3908608,out=755712;witness=ET,s=-,h=-,partial=-,quotient=-,src=tensor-k4,dA=128,sec=Linf]/L3[chunks=1@0,rel=reduced-evaluation,qrm=11648,cqrm=2688,eor=656,in=755712,out=252416;witness=ET,s=-,h=-,partial=-,quotient=-,src=tensor-k4,dA=128,sec=Linf]/L4[chunks=1@0,rel=reduced-evaluation,qrm=9984,cqrm=0,eor=592,in=252416,out=114688;witness=ET,s=-,h=-,partial=-,quotient=-,src=tensor-k4,dA=128,sec=L2]/L5[chunks=1@0,rel=reduced-evaluation,qrm=10752,cqrm=0,eor=560,in=114688,out=81152;witness=ET,s=-,h=-,partial=-,quotient=-,src=tensor-k4,dA=128,sec=L2]/T[method=ET,src=tensor-k4,eor=560,input=81152,dA=128,sec=L2]
fp32_dense_recursive	final=20:1;precommitted=	7e615f063166da9e18d6e9eacc305f7128e85099f64b8b48278e935e02e876fe	131072	131072	316732	3	49742fcd9ca77d3db536a4ed30e364aabef3edfbf34c8736a97a63cef4c64409	cutover=none;L0[chunks=1@0,rel=quotient,qrm=0,cqrm=0,eor=0,in=1048576,out=1734272;witness=PACK,s=64,h=8,partial=256,quotient=256,src=canonical,dA=2048,sec=Linf]/L1[chunks=1@0,rel=quotient,qrm=0,cqrm=0,eor=0,in=1734272,out=472960;witness=PACK,s=128,h=2,partial=512,quotient=512,src=canonical,dA=1024,sec=Linf]/T[method=ET,src=tensor-k4,eor=624,input=472960,dA=128,sec=Linf]
fp32_dense_recursive	final=22:1;precommitted=	43c57a9c37004f9565033f2c8ae56fdc6891e2e8ee936abeb6267fa9a84e3696	262144	262144	227252	3	a45392a4435806ac707a8807f7f8c88470c8ed7eb09c038347f1c9d61a6a6e66	cutover=none;L0[chunks=1@0,rel=quotient,qrm=0,cqrm=0,eor=0,in=4194304,out=3331712;witness=PACK,s=64,h=8,partial=256,quotient=256,src=canonical,dA=2048,sec=Linf]/L1[chunks=1@0,rel=quotient,qrm=0,cqrm=0,eor=0,in=3331712,out=1276032;witness=PACK,s=64,h=8,partial=256,quotient=256,src=canonical,dA=2048,sec=Linf]/T[method=ET,src=tensor-k4,eor=688,input=1276032,dA=128,sec=Linf]
fp32_dense_recursive	final=24:1;precommitted=	94e7a14c6d0dc602c7ebc7e2d1dd26de309a4ccf1ba006bd7c284ecae724ca0d	524288	524288	203816	3	6c74b0d19b0a3c723caaa4236d809f66d177d5d5610197cba46825065c9fb8c5	cutover=none;L0[chunks=1@0,rel=quotient,qrm=0,cqrm=0,eor=0,in=16777216,out=6526592;witness=PACK,s=64,h=8,partial=256,quotient=256,src=canonical,dA=2048,sec=Linf]/L1[chunks=1@0,rel=quotient,qrm=0,cqrm=0,eor=0,in=6526592,out=1597056;witness=PACK,s=64,h=2,partial=256,quotient=256,src=canonical,dA=512,sec=Linf]/T[method=ET,src=tensor-k4,eor=688,input=1597056,dA=128,sec=Linf]
fp32_dense_recursive	final=26:1;precommitted=	c93e949f727a2db762f7dbfe2fcdcdc29cf0a3b5fd10f76b3019de436810bc9b	1048576	1048576	75548	7	b5b88448fc23c992d9ea4d11109ffd8ade3fba09381c753ad1de63b3aedf9373	cutover=L2;L0[chunks=1@0,rel=quotient,qrm=0,cqrm=0,eor=0,in=67108864,out=12916352;witness=PACK,s=64,h=8,partial=256,quotient=256,src=canonical,dA=2048,sec=Linf]/L1[chunks=1@0,rel=quotient,qrm=0,cqrm=0,eor=0,in=12916352,out=1549312;witness=PACK,s=64,h=2,partial=256,quotient=256,src=canonical,dA=512,sec=Linf]/L2[chunks=1@0,rel=reduced-evaluation,qrm=15360,cqrm=3072,eor=688,in=1549312,out=491520;witness=ET,s=-,h=-,partial=-,quotient=-,src=tensor-k4,dA=128,sec=Linf]/L3[chunks=1@0,rel=reduced-evaluation,qrm=15360,cqrm=3072,eor=624,in=491520,out=291840;witness=ET,s=-,h=-,partial=-,quotient=-,src=tensor-k4,dA=128,sec=Linf]/L4[chunks=1@0,rel=reduced-evaluation,qrm=10752,cqrm=0,eor=624,in=291840,out=130048;witness=ET,s=-,h=-,partial=-,quotient=-,src=tensor-k4,dA=128,sec=L2]/L5[chunks=1@0,rel=reduced-evaluation,qrm=9984,cqrm=0,eor=560,in=130048,out=81920;witness=ET,s=-,h=-,partial=-,quotient=-,src=tensor-k4,dA=128,sec=L2]/T[method=ET,src=tensor-k4,eor=560,input=81920,dA=128,sec=L2]
fp32_dense_recursive	final=28:1;precommitted=	a46de3bb37f42fa48a71b95f2322aad4c4e9c8626b40c631cd6537cb251072a1	4194304	2097152	78726	7	73f0f741c8d56e387971184f3d507ac3677321e4bab0fd83821760ccc53443a5	cutover=L2;L0[chunks=1@0,rel=quotient,qrm=0,cqrm=0,eor=0,in=268435456,out=27096448;witness=PACK,s=128,h=2,partial=512,quotient=512,src=canonical,dA=1024,sec=Linf]/L1[chunks=1@0,rel=quotient,qrm=0,cqrm=0,eor=0,in=27096448,out=6401536;witness=PACK,s=64,h=2,partial=256,quotient=256,src=canonical,dA=512,sec=Linf;prefix=PACK,s=64,h=2,partial=256,quotient=256,src=canonical,dA=512,sec=Linf]/L2[chunks=1@0,rel=reduced-evaluation,qrm=15360,cqrm=3072,eor=752,in=6401536,out=969728;witness=ET,s=-,h=-,partial=-,quotient=-,src=tensor-k4,dA=128,sec=Linf]/L3[chunks=1@0,rel=reduced-evaluation,qrm=15360,cqrm=3072,eor=656,in=969728,out=390144;witness=ET,s=-,h=-,partial=-,quotient=-,src=tensor-k4,dA=128,sec=Linf]/L4[chunks=1@0,rel=reduced-evaluation,qrm=12288,cqrm=0,eor=624,in=390144,out=196608;witness=ET,s=-,h=-,partial=-,quotient=-,src=tensor-k4,dA=128,sec=L2]/L5[chunks=1@0,rel=reduced-evaluation,qrm=11648,cqrm=0,eor=592,in=196608,out=113920;witness=ET,s=-,h=-,partial=-,quotient=-,src=tensor-k4,dA=128,sec=Linf]/T[method=ET,src=tensor-k4,eor=560,input=113920,dA=128,sec=L2]
fp32_dense_recursive	final=30:1;precommitted=	0661c6ea7796b195873f4f0afc34e1f8ab8b773648907a24b0f5110247bb10d2	8388608	2097152	79692	7	0ffbc1f562302a44d0f132e636968ab36cecbcb6931242dc2627dfe6bc053185	cutover=L2;L0[chunks=1@0,rel=quotient,qrm=0,cqrm=0,eor=0,in=1073741824,out=57546368;witness=PACK,s=64,h=8,partial=256,quotient=256,src=canonical,dA=2048,sec=Linf]/L1[chunks=1@0,rel=quotient,qrm=0,cqrm=0,eor=0,in=57546368,out=6527488;witness=PACK,s=64,h=2,partial=256,quotient=256,src=canonical,dA=512,sec=Linf;prefix=PACK,s=64,h=2,partial=256,quotient=256,src=canonical,dA=512,sec=Linf]/L2[chunks=1@0,rel=reduced-evaluation,qrm=15360,cqrm=3072,eor=752,in=6527488,out=980992;witness=ET,s=-,h=-,partial=-,quotient=-,src=tensor-k4,dA=128,sec=Linf]/L3[chunks=1@0,rel=reduced-evaluation,qrm=15360,cqrm=3072,eor=656,in=980992,out=390144;witness=ET,s=-,h=-,partial=-,quotient=-,src=tensor-k4,dA=128,sec=Linf]/L4[chunks=1@0,rel=reduced-evaluation,qrm=12288,cqrm=0,eor=624,in=390144,out=196608;witness=ET,s=-,h=-,partial=-,quotient=-,src=tensor-k4,dA=128,sec=L2]/L5[chunks=1@0,rel=reduced-evaluation,qrm=11648,cqrm=0,eor=592,in=196608,out=113920;witness=ET,s=-,h=-,partial=-,quotient=-,src=tensor-k4,dA=128,sec=Linf]/T[method=ET,src=tensor-k4,eor=560,input=113920,dA=128,sec=L2]
fp32_onehot	final=14:1;precommitted=	235fdc37cb4e83e243a17cafde8597967ef2316443a2656dee73a57dc55cac8e	114688	16384	45879	2	edb570d40d07295b83c673d3d806691b784839fa86c1ba2ca7396954194b7a87	cutover=none;L0[chunks=1@0,rel=quotient,qrm=0,cqrm=0,eor=0,in=16384,out=87552;witness=PACK,s=64,h=4,partial=256,quotient=256,src=canonical,dA=1024,sec=Linf]/T[method=ET,src=tensor-k4,eor=560,input=87552,dA=128,sec=Linf]
fp32_onehot	final=16:1;precommitted=	619d5acd56307a5aff5911635e36969a167028482b33cc55f9f90598a55554be	229376	16384	60365	2	1aca339c8777b6728f28e4536068cfffc69d0d6c7580dbf4cd53e7645d6815cf	cutover=none;L0[chunks=1@0,rel=quotient,qrm=0,cqrm=0,eor=0,in=65536,out=143104;witness=PACK,s=64,h=4,partial=256,quotient=256,src=canonical,dA=1024,sec=Linf]/T[method=ET,src=tensor-k4,eor=592,input=143104,dA=128,sec=Linf]
fp32_onehot	final=16:2;precommitted=	1d3119b577401489425a46a52a8368829ffee0287db544156fcb790c4c1190e1	229376	32768	64463	2	75e3fbd79c3413cc2d1eb6181892c265b67767ec7abbbd3b423f11e013002c6c	cutover=none;L0[chunks=1@0,rel=quotient,qrm=0,cqrm=0,eor=0,in=65536,out=175872;witness=PACK,s=64,h=4,partial=256,quotient=256,src=canonical,dA=1024,sec=Linf]/T[method=ET,src=tensor-k4,eor=592,input=175872,dA=128,sec=Linf]
fp32_onehot	final=20:1;precommitted=	7e615f063166da9e18d6e9eacc305f7128e85099f64b8b48278e935e02e876fe	524288	65536	68915	6	69e7246f655187b814795d765e5dfae5ac7eb1417a13ad09938a69a3551cf605	cutover=L2;L0[chunks=1@0,rel=quotient,qrm=0,cqrm=0,eor=0,in=1048576,out=503424;witness=PACK,s=64,h=4,partial=256,quotient=256,src=canonical,dA=1024,sec=Linf]/L1[chunks=1@0,rel=quotient,qrm=0,cqrm=0,eor=0,in=503424,out=383104;witness=PACK,s=128,h=2,partial=512,quotient=512,src=canonical,dA=1024,sec=Linf]/L2[chunks=1@0,rel=reduced-evaluation,qrm=16896,cqrm=4224,eor=624,in=383104,out=293120;witness=ET,s=-,h=-,partial=-,quotient=-,src=tensor-k4,dA=128,sec=Linf]/L3[chunks=1@0,rel=reduced-evaluation,qrm=15488,cqrm=4224,eor=624,in=293120,out=220160;witness=ET,s=-,h=-,partial=-,quotient=-,src=tensor-k4,dA=128,sec=Linf]/L4[chunks=1@0,rel=reduced-evaluation,qrm=9856,cqrm=0,eor=592,in=220160,out=109440;witness=ET,s=-,h=-,partial=-,quotient=-,src=tensor-k4,dA=128,sec=L2]/T[method=ET,src=tensor-k4,eor=560,input=109440,dA=128,sec=L2]
fp32_onehot	final=20:1;precommitted=14:1	7ec38a4dfd9004990b8cc0ead2652f3ddf8a9f2525ff9b8630bba57c112c8232	524288	65536	69257	6	1b793aca4f1d7d4f1e4109fceacc76bd9857e088983df7ea76add5bcca541a2e	cutover=L2;L0[chunks=1@0,rel=quotient,qrm=0,cqrm=0,eor=0,in=1048576,out=579584;witness=PACK,s=64,h=4,partial=256,quotient=256,src=canonical,dA=1024,sec=Linf;pre0=PACK,s=64,h=4,partial=256,quotient=256,src=canonical,dA=1024,sec=Linf]/L1[chunks=1@0,rel=quotient,qrm=0,cqrm=0,eor=0,in=579584,out=411008;witness=PACK,s=128,h=2,partial=512,quotient=512,src=canonical,dA=1024,sec=Linf]/L2[chunks=1@0,rel=reduced-evaluation,qrm=16896,cqrm=4224,eor=624,in=411008,out=305792;witness=ET,s=-,h=-,partial=-,quotient=-,src=tensor-k4,dA=128,sec=Linf]/L3[chunks=1@0,rel=reduced-evaluation,qrm=9856,cqrm=0,eor=624,in=305792,out=128256;witness=ET,s=-,h=-,partial=-,quotient=-,src=tensor-k4,dA=128,sec=L2]/L4[chunks=1@0,rel=reduced-evaluation,qrm=9984,cqrm=0,eor=560,in=128256,out=81920;witness=ET,s=-,h=-,partial=-,quotient=-,src=tensor-k4,dA=128,sec=L2]/T[method=ET,src=tensor-k4,eor=560,input=81920,dA=128,sec=L2]
fp32_onehot	final=28:1;precommitted=	a46de3bb37f42fa48a71b95f2322aad4c4e9c8626b40c631cd6537cb251072a1	1048576	1048576	75548	7	562c814b59f67934418d3ba4e6b5f701d7390d9cbb48d4baad724c26fb0efd01	cutover=L2;L0[chunks=1@0,rel=quotient,qrm=0,cqrm=0,eor=0,in=268435456,out=10819200;witness=PACK,s=64,h=8,partial=256,quotient=256,src=canonical,dA=2048,sec=Linf]/L1[chunks=1@0,rel=quotient,qrm=0,cqrm=0,eor=0,in=10819200,out=1522688;witness=PACK,s=128,h=1,partial=512,quotient=512,src=canonical,dA=512,sec=Linf]/L2[chunks=1@0,rel=reduced-evaluation,qrm=15360,cqrm=3072,eor=688,in=1522688,out=491520;witness=ET,s=-,h=-,partial=-,quotient=-,src=tensor-k4,dA=128,sec=Linf]/L3[chunks=1@0,rel=reduced-evaluation,qrm=15360,cqrm=3072,eor=624,in=491520,out=291840;witness=ET,s=-,h=-,partial=-,quotient=-,src=tensor-k4,dA=128,sec=Linf]/L4[chunks=1@0,rel=reduced-evaluation,qrm=10752,cqrm=0,eor=624,in=291840,out=130048;witness=ET,s=-,h=-,partial=-,quotient=-,src=tensor-k4,dA=128,sec=L2]/L5[chunks=1@0,rel=reduced-evaluation,qrm=9984,cqrm=0,eor=560,in=130048,out=81920;witness=ET,s=-,h=-,partial=-,quotient=-,src=tensor-k4,dA=128,sec=L2]/T[method=ET,src=tensor-k4,eor=560,input=81920,dA=128,sec=L2]
fp32_onehot	final=30:1;precommitted=	0661c6ea7796b195873f4f0afc34e1f8ab8b773648907a24b0f5110247bb10d2	2097152	2097152	76862	7	b34da254edf34da244eab66a816b50951224aebb58141224b7704f2313542f01	cutover=L2;L0[chunks=1@0,rel=quotient,qrm=0,cqrm=0,eor=0,in=1073741824,out=21501568;witness=PACK,s=64,h=8,partial=256,quotient=256,src=canonical,dA=2048,sec=Linf]/L1[chunks=1@0,rel=quotient,qrm=0,cqrm=0,eor=0,in=21501568,out=3288960;witness=PACK,s=64,h=8,partial=256,quotient=256,src=canonical,dA=2048,sec=Linf]/L2[chunks=1@0,rel=reduced-evaluation,qrm=15360,cqrm=3072,eor=720,in=3288960,out=710656;witness=ET,s=-,h=-,partial=-,quotient=-,src=tensor-k4,dA=128,sec=Linf]/L3[chunks=1@0,rel=reduced-evaluation,qrm=11648,cqrm=2688,eor=656,in=710656,out=244352;witness=ET,s=-,h=-,partial=-,quotient=-,src=tensor-k4,dA=128,sec=Linf]/L4[chunks=1@0,rel=reduced-evaluation,qrm=9984,cqrm=0,eor=592,in=244352,out=114688;witness=ET,s=-,h=-,partial=-,quotient=-,src=tensor-k4,dA=128,sec=L2]/L5[chunks=1@0,rel=reduced-evaluation,qrm=10752,cqrm=0,eor=560,in=114688,out=81152;witness=ET,s=-,h=-,partial=-,quotient=-,src=tensor-k4,dA=128,sec=L2]/T[method=ET,src=tensor-k4,eor=560,input=81152,dA=128,sec=L2]
fp32_onehot	final=34:1;precommitted=	66a207dd2ca7efff383d2cbfb09722aa71c0b3e44ba990a146833ebba9496679	16777216	16777216	77876	7	943752349d0799ebf80cc9dcf304e650aebfd972501940b2b2df33c4c8308c6d	cutover=L2;L0[chunks=1@0,rel=quotient,qrm=0,cqrm=0,eor=0,in=17179869184,out=93197952;witness=PACK,s=64,h=8,partial=256,quotient=256,src=canonical,dA=2048,sec=Linf]/L1[chunks=1@0,rel=quotient,qrm=0,cqrm=0,eor=0,in=93197952,out=4191232;witness=PACK,s=64,h=1,partial=256,quotient=256,src=canonical,dA=256,sec=Linf]/L2[chunks=1@0,rel=reduced-evaluation,qrm=15360,cqrm=3072,eor=720,in=4191232,out=778240;witness=ET,s=-,h=-,partial=-,quotient=-,src=tensor-k4,dA=128,sec=Linf]/L3[chunks=1@0,rel=reduced-evaluation,qrm=11648,cqrm=2688,eor=656,in=778240,out=252416;witness=ET,s=-,h=-,partial=-,quotient=-,src=tensor-k4,dA=128,sec=Linf]/L4[chunks=1@0,rel=reduced-evaluation,qrm=9984,cqrm=0,eor=592,in=252416,out=114688;witness=ET,s=-,h=-,partial=-,quotient=-,src=tensor-k4,dA=128,sec=L2]/L5[chunks=1@0,rel=reduced-evaluation,qrm=10752,cqrm=0,eor=560,in=114688,out=81152;witness=ET,s=-,h=-,partial=-,quotient=-,src=tensor-k4,dA=128,sec=L2]/T[method=ET,src=tensor-k4,eor=560,input=81152,dA=128,sec=L2]
fp64_dense	final=14:1;precommitted=	235fdc37cb4e83e243a17cafde8597967ef2316443a2656dee73a57dc55cac8e	262144	32768	71047	5	4630f45345989a64d2f94f33ff4ff0afeee04d034394377c60e88b1ab46d6f0f	cutover=L2;L0[chunks=1@0,rel=quotient,qrm=0,cqrm=0,eor=0,in=16384,out=366720;witness=PACK,s=128,h=4,partial=256,quotient=256,src=canonical,dA=1024,sec=Linf]/L1[chunks=1@0,rel=quotient,qrm=0,cqrm=0,eor=0,in=366720,out=360320;witness=PACK,s=128,h=2,partial=256,quotient=256,src=canonical,dA=512,sec=Linf]/L2[chunks=1@0,rel=reduced-evaluation,qrm=11648,cqrm=0,eor=624,in=360320,out=157056;witness=ET,s=-,h=-,partial=-,quotient=-,src=tensor-k2,dA=128,sec=Linf]/L3[chunks=1@0,rel=reduced-evaluation,qrm=9152,cqrm=0,eor=592,in=157056,out=97216;witness=ET,s=-,h=-,partial=-,quotient=-,src=tensor-k2,dA=64,sec=L2]/T[method=ET,src=tensor-k2,eor=560,input=97216,dA=64,sec=L2]
fp64_dense	final=16:1;precommitted=	619d5acd56307a5aff5911635e36969a167028482b33cc55f9f90598a55554be	262144	65536	72873	6	989cb44fcc137ac411ab2b041a821e527ea6ff6145705b2f401d187157f64c04	cutover=L2;L0[chunks=1@0,rel=quotient,qrm=0,cqrm=0,eor=0,in=65536,out=615808;witness=PACK,s=128,h=4,partial=256,quotient=256,src=canonical,dA=1024,sec=Linf]/L1[chunks=1@0,rel=quotient,qrm=0,cqrm=0,eor=0,in=615808,out=478848;witness=PACK,s=256,h=1,partial=512,quotient=512,src=canonical,dA=512,sec=Linf]/L2[chunks=1@0,rel=reduced-evaluation,qrm=11648,cqrm=2496,eor=624,in=478848,out=214912;witness=ET,s=-,h=-,partial=-,quotient=-,src=tensor-k2,dA=128,sec=Linf]/L3[chunks=1@0,rel=reduced-evaluation,qrm=9856,cqrm=0,eor=592,in=214912,out=109888;witness=ET,s=-,h=-,partial=-,quotient=-,src=tensor-k2,dA=64,sec=L2]/L4[chunks=1@0,rel=reduced-evaluation,qrm=9856,cqrm=0,eor=560,in=109888,out=77120;witness=ET,s=-,h=-,partial=-,quotient=-,src=tensor-k2,dA=64,sec=L2]/T[method=ET,src=tensor-k2,eor=560,input=77120,dA=64,sec=L2]
fp64_dense	final=20:1;precommitted=	7e615f063166da9e18d6e9eacc305f7128e85099f64b8b48278e935e02e876fe	327680	262144	75503	6	6cde6ea018510e2ccf46522fcba1149b9c5550353cbaecd89eb6735a94533dcc	cutover=L2;L0[chunks=1@0,rel=quotient,qrm=0,cqrm=0,eor=0,in=1048576,out=2372992;witness=PACK,s=128,h=4,partial=256,quotient=256,src=canonical,dA=1024,sec=Linf]/L1[chunks=1@0,rel=quotient,qrm=0,cqrm=0,eor=0,in=2372992,out=705536;witness=PACK,s=64,h=1,partial=128,quotient=128,src=canonical,dA=128,sec=Linf]/L2[chunks=1@0,rel=reduced-evaluation,qrm=11648,cqrm=0,eor=656,in=705536,out=222592;witness=ET,s=-,h=-,partial=-,quotient=-,src=tensor-k2,dA=128,sec=Linf]/L3[chunks=1@0,rel=reduced-evaluation,qrm=9856,cqrm=0,eor=592,in=222592,out=109888;witness=ET,s=-,h=-,partial=-,quotient=-,src=tensor-k2,dA=64,sec=L2]/L4[chunks=1@0,rel=reduced-evaluation,qrm=9856,cqrm=0,eor=560,in=109888,out=77120;witness=ET,s=-,h=-,partial=-,quotient=-,src=tensor-k2,dA=64,sec=L2]/T[method=ET,src=tensor-k2,eor=560,input=77120,dA=64,sec=L2]
fp64_dense	final=20:1;precommitted=16:1	e8303d90d05eeb84a45ea5462698e3bc2118c0419ea438f8fcfd10cb376a4d43	786432	262144	76287	6	c58b6ab179511832ae36a7caf0872512c26ea31e522dee0cce437eb2b3b482e9	cutover=L2;L0[chunks=1@0,rel=quotient,qrm=0,cqrm=0,eor=0,in=1048576,out=2971648;witness=PACK,s=128,h=4,partial=256,quotient=256,src=canonical,dA=1024,sec=Linf;pre0=PACK,s=128,h=4,partial=256,quotient=256,src=canonical,dA=1024,sec=Linf]/L1[chunks=1@0,rel=quotient,qrm=0,cqrm=0,eor=0,in=2971648,out=769024;witness=PACK,s=64,h=1,partial=128,quotient=128,src=canonical,dA=128,sec=Linf]/L2[chunks=1@0,rel=reduced-evaluation,qrm=11648,cqrm=2496,eor=656,in=769024,out=255488;witness=ET,s=-,h=-,partial=-,quotient=-,src=tensor-k2,dA=128,sec=Linf]/L3[chunks=1@0,rel=reduced-evaluation,qrm=9856,cqrm=2112,eor=592,in=255488,out=144896;witness=ET,s=-,h=-,partial=-,quotient=-,src=tensor-k2,dA=64,sec=L2]/L4[chunks=1@0,rel=reduced-evaluation,qrm=9152,cqrm=0,eor=592,in=144896,out=97216;witness=ET,s=-,h=-,partial=-,quotient=-,src=tensor-k2,dA=64,sec=L2]/T[method=ET,src=tensor-k2,eor=560,input=97216,dA=64,sec=L2]
fp64_dense	final=26:1;precommitted=	c93e949f727a2db762f7dbfe2fcdcdc29cf0a3b5fd10f76b3019de436810bc9b	1441792	2097152	79724	7	6272808c57c384dc7e156ddf99f46786f3756226507ad858230fb5e87528de2d	cutover=L2;L0[chunks=1@0,rel=quotient,qrm=0,cqrm=0,eor=0,in=67108864,out=21851776;witness=PACK,s=64,h=16,partial=128,quotient=128,src=canonical,dA=2048,sec=Linf]/L1[chunks=1@0,rel=quotient,qrm=0,cqrm=0,eor=0,in=21851776,out=3008896;witness=PACK,s=128,h=1,partial=256,quotient=256,src=canonical,dA=256,sec=Linf]/L2[chunks=1@0,rel=reduced-evaluation,qrm=16384,cqrm=3072,eor=720,in=3008896,out=700416;witness=ET,s=-,h=-,partial=-,quotient=-,src=tensor-k2,dA=128,sec=Linf]/L3[chunks=1@0,rel=reduced-evaluation,qrm=11648,cqrm=0,eor=656,in=700416,out=222592;witness=ET,s=-,h=-,partial=-,quotient=-,src=tensor-k2,dA=128,sec=Linf]/L4[chunks=1@0,rel=reduced-evaluation,qrm=9856,cqrm=0,eor=592,in=222592,out=109888;witness=ET,s=-,h=-,partial=-,quotient=-,src=tensor-k2,dA=64,sec=L2]/L5[chunks=1@0,rel=reduced-evaluation,qrm=9856,cqrm=0,eor=560,in=109888,out=77120;witness=ET,s=-,h=-,partial=-,quotient=-,src=tensor-k2,dA=64,sec=L2]/T[method=ET,src=tensor-k2,eor=560,input=77120,dA=64,sec=L2]
fp64_dense	final=28:1;precommitted=	a46de3bb37f42fa48a71b95f2322aad4c4e9c8626b40c631cd6537cb251072a1	2883584	4194304	80622	7	75d3e5015eca60ecc74c4ff364e8dbbaa4ac52d3d929297a8ac483f6116cf1cb	cutover=L2;L0[chunks=1@0,rel=quotient,qrm=0,cqrm=0,eor=0,in=268435456,out=43544192;witness=PACK,s=64,h=16,partial=128,quotient=128,src=canonical,dA=2048,sec=Linf]/L1[chunks=1@0,rel=quotient,qrm=0,cqrm=0,eor=0,in=43544192,out=3007488;witness=PACK,s=128,h=1,partial=256,quotient=256,src=canonical,dA=256,sec=Linf]/L2[chunks=1@0,rel=reduced-evaluation,qrm=16384,cqrm=3072,eor=720,in=3007488,out=700416;witness=ET,s=-,h=-,partial=-,quotient=-,src=tensor-k2,dA=128,sec=Linf]/L3[chunks=1@0,rel=reduced-evaluation,qrm=11648,cqrm=0,eor=656,in=700416,out=222592;witness=ET,s=-,h=-,partial=-,quotient=-,src=tensor-k2,dA=128,sec=Linf]/L4[chunks=1@0,rel=reduced-evaluation,qrm=9856,cqrm=0,eor=592,in=222592,out=109888;witness=ET,s=-,h=-,partial=-,quotient=-,src=tensor-k2,dA=64,sec=L2]/L5[chunks=1@0,rel=reduced-evaluation,qrm=9856,cqrm=0,eor=560,in=109888,out=77120;witness=ET,s=-,h=-,partial=-,quotient=-,src=tensor-k2,dA=64,sec=L2]/T[method=ET,src=tensor-k2,eor=560,input=77120,dA=64,sec=L2]
fp64_dense	final=29:1;precommitted=	a082674574a73638bfa1560ac8173d4e86d4e1bc9f62665c28e7c58fcc4f0d9c	4194304	4194304	81189	7	39c823fd0fdfd6891a3caed76787bd572fd7ce9f9ac1502f8d6c4346959cd64a	cutover=L2;L0[chunks=1@0,rel=quotient,qrm=0,cqrm=0,eor=0,in=536870912,out=63863168;witness=PACK,s=128,h=8,partial=256,quotient=256,src=canonical,dA=2048,sec=Linf]/L1[chunks=1@0,rel=quotient,qrm=0,cqrm=0,eor=0,in=63863168,out=4567168;witness=PACK,s=64,h=2,partial=128,quotient=128,src=canonical,dA=256,sec=Linf]/L2[chunks=1@0,rel=reduced-evaluation,qrm=16384,cqrm=3072,eor=752,in=4567168,out=847872;witness=ET,s=-,h=-,partial=-,quotient=-,src=tensor-k2,dA=128,sec=Linf]/L3[chunks=1@0,rel=reduced-evaluation,qrm=14336,cqrm=3072,eor=656,in=847872,out=354304;witness=ET,s=-,h=-,partial=-,quotient=-,src=tensor-k2,dA=128,sec=L2]/L4[chunks=1@0,rel=reduced-evaluation,qrm=11648,cqrm=0,eor=624,in=354304,out=157056;witness=ET,s=-,h=-,partial=-,quotient=-,src=tensor-k2,dA=128,sec=Linf]/L5[chunks=1@0,rel=reduced-evaluation,qrm=9152,cqrm=0,eor=592,in=157056,out=97216;witness=ET,s=-,h=-,partial=-,quotient=-,src=tensor-k2,dA=64,sec=L2]/T[method=ET,src=tensor-k2,eor=560,input=97216,dA=64,sec=L2]
fp64_dense	final=30:1;precommitted=	0661c6ea7796b195873f4f0afc34e1f8ab8b773648907a24b0f5110247bb10d2	8388608	8388608	81904	8	4cacc15e38f46da5c8786228ae187bbf753663edefafee9358c8003d5c5a4f2f	cutover=L2;L0[chunks=1@0,rel=quotient,qrm=0,cqrm=0,eor=0,in=1073741824,out=101611904;witness=PACK,s=128,h=8,partial=256,quotient=256,src=canonical,dA=2048,sec=Linf]/L1[chunks=1@0,rel=quotient,qrm=0,cqrm=0,eor=0,in=101611904,out=7021440;witness=PACK,s=128,h=4,partial=256,quotient=256,src=canonical,dA=1024,sec=Linf]/L2[chunks=1@0,rel=reduced-evaluation,qrm=22528,cqrm=4224,eor=752,in=7021440,out=1461248;witness=ET,s=-,h=-,partial=-,quotient=-,src=tensor-k2,dA=128,sec=Linf]/L3[chunks=1@0,rel=reduced-evaluation,qrm=22528,cqrm=4224,eor=688,in=1461248,out=675328;witness=ET,s=-,h=-,partial=-,quotient=-,src=tensor-k2,dA=128,sec=Linf]/L4[chunks=1@0,rel=reduced-evaluation,qrm=9984,cqrm=2496,eor=656,in=675328,out=228864;witness=ET,s=-,h=-,partial=-,quotient=-,src=tensor-k2,dA=64,sec=L2]/L5[chunks=1@0,rel=reduced-evaluation,qrm=9856,cqrm=0,eor=592,in=228864,out=109888;witness=ET,s=-,h=-,partial=-,quotient=-,src=tensor-k2,dA=64,sec=L2]/L6[chunks=1@0,rel=reduced-evaluation,qrm=9856,cqrm=0,eor=560,in=109888,out=77120;witness=ET,s=-,h=-,partial=-,quotient=-,src=tensor-k2,dA=64,sec=L2]/T[method=ET,src=tensor-k2,eor=560,input=77120,dA=64,sec=L2]
fp64_dense_recursive	final=21:1;precommitted=	4f021af291010debd97a561631f77ec725a00685e86c7a86cbbba0d0d21f2afa	262144	262144	78472	7	de509d06fde93ad20b1d0567d29285a1b1504b07728371a46f4485c18287ce04	cutover=L2;L0[chunks=1@0,rel=quotient,qrm=0,cqrm=0,eor=0,in=2097152,out=3331712;witness=PACK,s=64,h=8,partial=128,quotient=128,src=canonical,dA=1024,sec=Linf]/L1[chunks=1@0,rel=quotient,qrm=0,cqrm=0,eor=0,in=3331712,out=1320064;witness=PACK,s=64,h=8,partial=128,quotient=128,src=canonical,dA=1024,sec=Linf]/L2[chunks=1@0,rel=reduced-evaluation,qrm=11648,cqrm=2496,eor=688,in=1320064,out=330368;witness=ET,s=-,h=-,partial=-,quotient=-,src=tensor-k2,dA=128,sec=Linf]/L3[chunks=1@0,rel=reduced-evaluation,qrm=11648,cqrm=2496,eor=624,in=330368,out=214400;witness=ET,s=-,h=-,partial=-,quotient=-,src=tensor-k2,dA=128,sec=L2]/L4[chunks=1@0,rel=reduced-evaluation,qrm=9856,cqrm=0,eor=592,in=214400,out=109888;witness=ET,s=-,h=-,partial=-,quotient=-,src=tensor-k2,dA=64,sec=L2]/L5[chunks=1@0,rel=reduced-evaluation,qrm=9856,cqrm=0,eor=560,in=109888,out=77120;witness=ET,s=-,h=-,partial=-,quotient=-,src=tensor-k2,dA=64,sec=L2]/T[method=ET,src=tensor-k2,eor=560,input=77120,dA=64,sec=L2]
fp64_dense_recursive	final=23:1;precommitted=	2fcfd5127478a426862f40c03ac86273c00151e8c0068bc578b1578281e1aee2	524288	524288	78372	7	6575ec5ad226d20c59b324c868496cce91d2ebf513b3753f47c91ca4ac12d71a	cutover=L2;L0[chunks=1@0,rel=quotient,qrm=0,cqrm=0,eor=0,in=8388608,out=8124800;witness=PACK,s=128,h=8,partial=256,quotient=256,src=canonical,dA=2048,sec=Linf]/L1[chunks=1@0,rel=quotient,qrm=0,cqrm=0,eor=0,in=8124800,out=1418240;witness=PACK,s=64,h=8,partial=128,quotient=128,src=canonical,dA=1024,sec=Linf]/L2[chunks=1@0,rel=reduced-evaluation,qrm=16384,cqrm=3072,eor=688,in=1418240,out=491520;witness=ET,s=-,h=-,partial=-,quotient=-,src=tensor-k2,dA=128,sec=Linf]/L3[chunks=1@0,rel=reduced-evaluation,qrm=11648,cqrm=2496,eor=624,in=491520,out=214912;witness=ET,s=-,h=-,partial=-,quotient=-,src=tensor-k2,dA=128,sec=Linf]/L4[chunks=1@0,rel=reduced-evaluation,qrm=9856,cqrm=0,eor=592,in=214912,out=109888;witness=ET,s=-,h=-,partial=-,quotient=-,src=tensor-k2,dA=64,sec=L2]/L5[chunks=1@0,rel=reduced-evaluation,qrm=9856,cqrm=0,eor=560,in=109888,out=77120;witness=ET,s=-,h=-,partial=-,quotient=-,src=tensor-k2,dA=64,sec=L2]/T[method=ET,src=tensor-k2,eor=560,input=77120,dA=64,sec=L2]
fp64_dense_recursive	final=25:1;precommitted=	8b93e9363d0087a49725b9a1ca103902ab185fff9c1a43773c7025ac4bc11bc9	1048576	524288	81886	7	461c4b2fc602f6451b7a7541c48f5997cc224acde6c4c62c39e11fe85c3747b3	cutover=L2;L0[chunks=1@0,rel=quotient,qrm=0,cqrm=0,eor=0,in=33554432,out=15724160;witness=PACK,s=64,h=16,partial=128,quotient=128,src=canonical,dA=2048,sec=Linf]/L1[chunks=1@0,rel=quotient,qrm=0,cqrm=0,eor=0,in=15724160,out=3817984;witness=PACK,s=128,h=2,partial=256,quotient=256,src=canonical,dA=512,sec=Linf;prefix=PACK,s=128,h=2,partial=256,quotient=256,src=canonical,dA=512,sec=Linf]/L2[chunks=1@0,rel=reduced-evaluation,qrm=16384,cqrm=3072,eor=720,in=3817984,out=786432;witness=ET,s=-,h=-,partial=-,quotient=-,src=tensor-k2,dA=128,sec=Linf]/L3[chunks=1@0,rel=reduced-evaluation,qrm=11648,cqrm=2496,eor=656,in=786432,out=255488;witness=ET,s=-,h=-,partial=-,quotient=-,src=tensor-k2,dA=128,sec=Linf]/L4[chunks=1@0,rel=reduced-evaluation,qrm=9856,cqrm=2112,eor=592,in=255488,out=144896;witness=ET,s=-,h=-,partial=-,quotient=-,src=tensor-k2,dA=64,sec=L2]/L5[chunks=1@0,rel=reduced-evaluation,qrm=9152,cqrm=0,eor=592,in=144896,out=97216;witness=ET,s=-,h=-,partial=-,quotient=-,src=tensor-k2,dA=64,sec=L2]/T[method=ET,src=tensor-k2,eor=560,input=97216,dA=64,sec=L2]
fp64_dense_recursive	final=27:1;precommitted=	a6c2f122b8b925f416c9bbe519d0f2bedbd9063119ff80f478764499448c6dc8	2097152	1048576	84007	8	320f7962f01e239c0397fc2be3aa737c02849076b01a0d36a145244ab921114f	cutover=L2;L0[chunks=1@0,rel=quotient,qrm=0,cqrm=0,eor=0,in=134217728,out=31288960;witness=PACK,s=64,h=16,partial=128,quotient=128,src=canonical,dA=2048,sec=Linf]/L1[chunks=1@0,rel=quotient,qrm=0,cqrm=0,eor=0,in=31288960,out=5784064;witness=PACK,s=256,h=1,partial=512,quotient=512,src=canonical,dA=512,sec=Linf;prefix=PACK,s=256,h=1,partial=512,quotient=512,src=canonical,dA=512,sec=Linf]/L2[chunks=1@0,rel=reduced-evaluation,qrm=16384,cqrm=3072,eor=752,in=5784064,out=970752;witness=ET,s=-,h=-,partial=-,quotient=-,src=tensor-k2,dA=128,sec=Linf]/L3[chunks=1@0,rel=reduced-evaluation,qrm=16384,cqrm=3072,eor=656,in=970752,out=405504;witness=ET,s=-,h=-,partial=-,quotient=-,src=tensor-k2,dA=128,sec=Linf]/L4[chunks=1@0,rel=reduced-evaluation,qrm=11648,cqrm=2496,eor=624,in=405504,out=198272;witness=ET,s=-,h=-,partial=-,quotient=-,src=tensor-k2,dA=128,sec=Linf]/L5[chunks=1@0,rel=reduced-evaluation,qrm=9856,cqrm=0,eor=592,in=198272,out=109888;witness=ET,s=-,h=-,partial=-,quotient=-,src=tensor-k2,dA=64,sec=L2]/L6[chunks=1@0,rel=reduced-evaluation,qrm=9856,cqrm=0,eor=560,in=109888,out=77120;witness=ET,s=-,h=-,partial=-,quotient=-,src=tensor-k2,dA=64,sec=L2]/T[method=ET,src=tensor-k2,eor=560,input=77120,dA=64,sec=L2]
fp64_dense_recursive	final=29:1;precommitted=	a082674574a73638bfa1560ac8173d4e86d4e1bc9f62665c28e7c58fcc4f0d9c	4194304	2097152	82719	8	1889d4cdb460d87de1e94295a37f4e8d0a05fec2065744217031bf0774d0d225	cutover=L2;L0[chunks=1@0,rel=quotient,qrm=0,cqrm=0,eor=0,in=536870912,out=62418560;witness=PACK,s=64,h=16,partial=128,quotient=128,src=canonical,dA=2048,sec=Linf]/L1[chunks=1@0,rel=quotient,qrm=0,cqrm=0,eor=0,in=62418560,out=9376000;witness=PACK,s=128,h=1,partial=256,quotient=256,src=canonical,dA=256,sec=Linf;prefix=PACK,s=128,h=1,partial=256,quotient=256,src=canonical,dA=256,sec=Linf]/L2[chunks=1@0,rel=reduced-evaluation,qrm=22528,cqrm=4224,eor=784,in=9376000,out=1681408;witness=ET,s=-,h=-,partial=-,quotient=-,src=tensor-k2,dA=128,sec=Linf]/L3[chunks=1@0,rel=reduced-evaluation,qrm=21120,cqrm=4224,eor=688,in=1681408,out=689408;witness=ET,s=-,h=-,partial=-,quotient=-,src=tensor-k2,dA=64,sec=Linf]/L4[chunks=1@0,rel=reduced-evaluation,qrm=9984,cqrm=2496,eor=656,in=689408,out=228864;witness=ET,s=-,h=-,partial=-,quotient=-,src=tensor-k2,dA=64,sec=L2]/L5[chunks=1@0,rel=reduced-evaluation,qrm=9856,cqrm=0,eor=592,in=228864,out=109888;witness=ET,s=-,h=-,partial=-,quotient=-,src=tensor-k2,dA=64,sec=L2]/L6[chunks=1@0,rel=reduced-evaluation,qrm=9856,cqrm=0,eor=560,in=109888,out=77120;witness=ET,s=-,h=-,partial=-,quotient=-,src=tensor-k2,dA=64,sec=L2]/T[method=ET,src=tensor-k2,eor=560,input=77120,dA=64,sec=L2]
fp64_onehot	final=28:1;precommitted=	a46de3bb37f42fa48a71b95f2322aad4c4e9c8626b40c631cd6537cb251072a1	1048576	1048576	78488	7	dc0822233273760abde73b36490a283af520498f04e5462a3f40cf0a1dbd646f	cutover=L2;L0[chunks=1@0,rel=quotient,qrm=0,cqrm=0,eor=0,in=268435456,out=9770624;witness=PACK,s=64,h=8,partial=128,quotient=128,src=canonical,dA=1024,sec=Linf]/L1[chunks=1@0,rel=quotient,qrm=0,cqrm=0,eor=0,in=9770624,out=1567744;witness=PACK,s=64,h=8,partial=128,quotient=128,src=canonical,dA=1024,sec=Linf]/L2[chunks=1@0,rel=reduced-evaluation,qrm=16384,cqrm=3072,eor=688,in=1567744,out=516096;witness=ET,s=-,h=-,partial=-,quotient=-,src=tensor-k2,dA=128,sec=Linf]/L3[chunks=1@0,rel=reduced-evaluation,qrm=11648,cqrm=2496,eor=624,in=516096,out=222208;witness=ET,s=-,h=-,partial=-,quotient=-,src=tensor-k2,dA=128,sec=Linf]/L4[chunks=1@0,rel=reduced-evaluation,qrm=9856,cqrm=0,eor=592,in=222208,out=109888;witness=ET,s=-,h=-,partial=-,quotient=-,src=tensor-k2,dA=64,sec=L2]/L5[chunks=1@0,rel=reduced-evaluation,qrm=9856,cqrm=0,eor=560,in=109888,out=77120;witness=ET,s=-,h=-,partial=-,quotient=-,src=tensor-k2,dA=64,sec=L2]/T[method=ET,src=tensor-k2,eor=560,input=77120,dA=64,sec=L2]
fp64_onehot	final=30:1;precommitted=	0661c6ea7796b195873f4f0afc34e1f8ab8b773648907a24b0f5110247bb10d2	2097152	2097152	79333	7	af5b6ffddfe66efed8d4fab55b27576fd9b73c952230b196bacfc688865808ef	cutover=L2;L0[chunks=1@0,rel=quotient,qrm=0,cqrm=0,eor=0,in=1073741824,out=21501568;witness=PACK,s=64,h=8,partial=128,quotient=128,src=canonical,dA=1024,sec=Linf]/L1[chunks=1@0,rel=quotient,qrm=0,cqrm=0,eor=0,in=21501568,out=2749824;witness=PACK,s=64,h=2,partial=128,quotient=128,src=canonical,dA=256,sec=Linf]/L2[chunks=1@0,rel=reduced-evaluation,qrm=22528,cqrm=4224,eor=720,in=2749824,out=903680;witness=ET,s=-,h=-,partial=-,quotient=-,src=tensor-k2,dA=128,sec=Linf]/L3[chunks=1@0,rel=reduced-evaluation,qrm=9984,cqrm=0,eor=656,in=903680,out=224256;witness=ET,s=-,h=-,partial=-,quotient=-,src=tensor-k2,dA=64,sec=L2]/L4[chunks=1@0,rel=reduced-evaluation,qrm=9856,cqrm=0,eor=592,in=224256,out=109888;witness=ET,s=-,h=-,partial=-,quotient=-,src=tensor-k2,dA=64,sec=L2]/L5[chunks=1@0,rel=reduced-evaluation,qrm=9856,cqrm=0,eor=560,in=109888,out=77120;witness=ET,s=-,h=-,partial=-,quotient=-,src=tensor-k2,dA=64,sec=L2]/T[method=ET,src=tensor-k2,eor=560,input=77120,dA=64,sec=L2]
fp64_onehot	final=34:1;precommitted=	66a207dd2ca7efff383d2cbfb09722aa71c0b3e44ba990a146833ebba9496679	16777216	16777216	81520	7	064ae36c30c0c1c85aae3e05943ec9cd83f62761fb66be0a8b128b62a62c13fb	cutover=L2;L0[chunks=1@0,rel=quotient,qrm=0,cqrm=0,eor=0,in=17179869184,out=79274112;witness=PACK,s=128,h=4,partial=256,quotient=256,src=canonical,dA=1024,sec=Linf]/L1[chunks=1@0,rel=quotient,qrm=0,cqrm=0,eor=0,in=79274112,out=3828736;witness=PACK,s=64,h=2,partial=128,quotient=128,src=canonical,dA=256,sec=Linf]/L2[chunks=1@0,rel=reduced-evaluation,qrm=16384,cqrm=3072,eor=720,in=3828736,out=786432;witness=ET,s=-,h=-,partial=-,quotient=-,src=tensor-k2,dA=128,sec=Linf]/L3[chunks=1@0,rel=reduced-evaluation,qrm=11648,cqrm=2496,eor=656,in=786432,out=255488;witness=ET,s=-,h=-,partial=-,quotient=-,src=tensor-k2,dA=128,sec=Linf]/L4[chunks=1@0,rel=reduced-evaluation,qrm=9856,cqrm=2112,eor=592,in=255488,out=144896;witness=ET,s=-,h=-,partial=-,quotient=-,src=tensor-k2,dA=64,sec=L2]/L5[chunks=1@0,rel=reduced-evaluation,qrm=9152,cqrm=0,eor=592,in=144896,out=97216;witness=ET,s=-,h=-,partial=-,quotient=-,src=tensor-k2,dA=64,sec=L2]/T[method=ET,src=tensor-k2,eor=560,input=97216,dA=64,sec=L2]
fp64_onehot	final=35:1;precommitted=	bfb5adcb7db566d2caa4ca8d06480c0b099cf7f3e72a2b1f762b149ecb03e830	16777216	16777216	81904	8	7eafd10bfd7a93317352c14ad07bdf9124107440d1bc8221cdfe09427b39ed8a	cutover=L2;L0[chunks=1@0,rel=quotient,qrm=0,cqrm=0,eor=0,in=34359738368,out=124931200;witness=PACK,s=128,h=4,partial=256,quotient=256,src=canonical,dA=1024,sec=Linf]/L1[chunks=1@0,rel=quotient,qrm=0,cqrm=0,eor=0,in=124931200,out=7328384;witness=PACK,s=64,h=8,partial=128,quotient=128,src=canonical,dA=1024,sec=Linf]/L2[chunks=1@0,rel=reduced-evaluation,qrm=22528,cqrm=4224,eor=752,in=7328384,out=1495040;witness=ET,s=-,h=-,partial=-,quotient=-,src=tensor-k2,dA=128,sec=Linf]/L3[chunks=1@0,rel=reduced-evaluation,qrm=22528,cqrm=4224,eor=688,in=1495040,out=675328;witness=ET,s=-,h=-,partial=-,quotient=-,src=tensor-k2,dA=128,sec=Linf]/L4[chunks=1@0,rel=reduced-evaluation,qrm=9984,cqrm=2496,eor=656,in=675328,out=228864;witness=ET,s=-,h=-,partial=-,quotient=-,src=tensor-k2,dA=64,sec=L2]/L5[chunks=1@0,rel=reduced-evaluation,qrm=9856,cqrm=0,eor=592,in=228864,out=109888;witness=ET,s=-,h=-,partial=-,quotient=-,src=tensor-k2,dA=64,sec=L2]/L6[chunks=1@0,rel=reduced-evaluation,qrm=9856,cqrm=0,eor=560,in=109888,out=77120;witness=ET,s=-,h=-,partial=-,quotient=-,src=tensor-k2,dA=64,sec=L2]/T[method=ET,src=tensor-k2,eor=560,input=77120,dA=64,sec=L2]
