family	logical_key	lookup_key_digest	setup_fields	first_direct_setup_capacity	proof_bytes	fold_levels	row_digest	policy
fp128_dense	final=14:1;precommitted=	235fdc37cb4e83e243a17cafde8597967ef2316443a2656dee73a57dc55cac8e	131072	32768	66863	5	6ac8c8b4d0a59d78fa43ff33f72772febc7d05a92895063c3db3f9285ffc0b56	cutover=L2;L0[chunks=1@0,rel=quotient,qrm=0,cqrm=0,eor=0,in=16384,out=489920;witness=PACK,s=64,h=8,partial=64,quotient=64,src=canonical,dA=512,sec=Linf]/L1[chunks=1@0,rel=quotient,qrm=0,cqrm=0,eor=0,in=489920,out=308736;witness=PACK,s=64,h=2,partial=64,quotient=64,src=canonical,dA=128,sec=Linf]/L2[chunks=1@0,rel=reduced-evaluation,qrm=14336,cqrm=0,eor=0,in=308736,out=229376;witness=ET,s=-,h=-,partial=-,quotient=-,src=canonical,dA=64,sec=Linf]/L3[chunks=1@0,rel=reduced-evaluation,qrm=9984,cqrm=0,eor=0,in=229376,out=114688;witness=ET,s=-,h=-,partial=-,quotient=-,src=canonical,dA=64,sec=L2]/T[method=ET,src=canonical,eor=0,input=114688,dA=64,sec=L2]
fp128_dense	final=15:2;precommitted=	c087e777d755574ba60cc3ed9d2768052d7510780d99c0fe235c0a00f0202e57	165120	65536	67326	6	e815d24ec964e1f7b6fc790be9bc8eafb99896eb64f3331b2e7bcadacbd14caa	cutover=L2;L0[chunks=1@0,rel=quotient,qrm=0,cqrm=0,eor=0,in=32768,out=850368;witness=PACK,s=64,h=8,partial=64,quotient=64,src=canonical,dA=512,sec=Linf]/L1[chunks=1@0,rel=quotient,qrm=0,cqrm=0,eor=0,in=850368,out=481536;witness=PACK,s=128,h=2,partial=128,quotient=128,src=canonical,dA=256,sec=Linf]/L2[chunks=1@0,rel=reduced-evaluation,qrm=19264,cqrm=2064,eor=0,in=481536,out=380928;witness=ET,s=-,h=-,partial=-,quotient=-,src=canonical,dA=64,sec=Linf]/L3[chunks=1@0,rel=reduced-evaluation,qrm=12288,cqrm=1536,eor=0,in=380928,out=217088;witness=ET,s=-,h=-,partial=-,quotient=-,src=canonical,dA=64,sec=L2]/L4[chunks=1@0,rel=reduced-evaluation,qrm=9984,cqrm=0,eor=0,in=217088,out=114688;witness=ET,s=-,h=-,partial=-,quotient=-,src=canonical,dA=64,sec=L2]/T[method=ET,src=canonical,eor=0,input=114688,dA=64,sec=L2]
fp128_dense	final=16:1;precommitted=	619d5acd56307a5aff5911635e36969a167028482b33cc55f9f90598a55554be	165120	65536	67324	6	4f22c0c59e6a5965ae6e6fb5bd2d36ad72c646ed9023a122e240c8571dbdbfd4	cutover=L2;L0[chunks=1@0,rel=quotient,qrm=0,cqrm=0,eor=0,in=65536,out=850368;witness=PACK,s=64,h=8,partial=64,quotient=64,src=canonical,dA=512,sec=Linf]/L1[chunks=1@0,rel=quotient,qrm=0,cqrm=0,eor=0,in=850368,out=481536;witness=PACK,s=128,h=2,partial=128,quotient=128,src=canonical,dA=256,sec=Linf]/L2[chunks=1@0,rel=reduced-evaluation,qrm=19264,cqrm=2064,eor=0,in=481536,out=380928;witness=ET,s=-,h=-,partial=-,quotient=-,src=canonical,dA=64,sec=Linf]/L3[chunks=1@0,rel=reduced-evaluation,qrm=12288,cqrm=1536,eor=0,in=380928,out=217088;witness=ET,s=-,h=-,partial=-,quotient=-,src=canonical,dA=64,sec=L2]/L4[chunks=1@0,rel=reduced-evaluation,qrm=9984,cqrm=0,eor=0,in=217088,out=114688;witness=ET,s=-,h=-,partial=-,quotient=-,src=canonical,dA=64,sec=L2]/T[method=ET,src=canonical,eor=0,input=114688,dA=64,sec=L2]
fp128_dense	final=16:1;precommitted=14:1	a3da7f0a3a79f4a27c26f420fd0989f140292fe95cf72a571abf1e95121e65db	172032	65536	68252	6	b414da565b2b8908df743c8b7ebb7051fbf8b8f091a72202f98e3de269e03456	cutover=L2;L0[chunks=1@0,rel=quotient,qrm=0,cqrm=0,eor=0,in=65536,out=1577984;witness=PACK,s=64,h=16,partial=64,quotient=64,src=canonical,dA=1024,sec=Linf;pre0=PACK,s=64,h=8,partial=64,quotient=64,src=canonical,dA=512,sec=Linf]/L1[chunks=1@0,rel=quotient,qrm=0,cqrm=0,eor=0,in=1577984,out=678144;witness=PACK,s=128,h=2,partial=128,quotient=128,src=canonical,dA=256,sec=Linf]/L2[chunks=1@0,rel=reduced-evaluation,qrm=14336,cqrm=1536,eor=0,in=678144,out=348160;witness=ET,s=-,h=-,partial=-,quotient=-,src=canonical,dA=64,sec=Linf]/L3[chunks=1@0,rel=reduced-evaluation,qrm=12288,cqrm=1536,eor=0,in=348160,out=217088;witness=ET,s=-,h=-,partial=-,quotient=-,src=canonical,dA=64,sec=L2]/L4[chunks=1@0,rel=reduced-evaluation,qrm=9984,cqrm=0,eor=0,in=217088,out=114688;witness=ET,s=-,h=-,partial=-,quotient=-,src=canonical,dA=64,sec=L2]/T[method=ET,src=canonical,eor=0,input=114688,dA=64,sec=L2]
fp128_dense	final=16:2;precommitted=	1d3119b577401489425a46a52a8368829ffee0287db544156fcb790c4c1190e1	155648	131072	68238	6	5d088bcdb17ba19830edb88bd07ae470938efb2c84d92a74e2211a3774e9ce82	cutover=L2;L0[chunks=1@0,rel=quotient,qrm=0,cqrm=0,eor=0,in=65536,out=1068736;witness=PACK,s=64,h=8,partial=64,quotient=64,src=canonical,dA=512,sec=Linf]/L1[chunks=1@0,rel=quotient,qrm=0,cqrm=0,eor=0,in=1068736,out=612608;witness=PACK,s=128,h=2,partial=128,quotient=128,src=canonical,dA=256,sec=Linf]/L2[chunks=1@0,rel=reduced-evaluation,qrm=14336,cqrm=1536,eor=0,in=612608,out=315392;witness=ET,s=-,h=-,partial=-,quotient=-,src=canonical,dA=64,sec=Linf]/L3[chunks=1@0,rel=reduced-evaluation,qrm=12288,cqrm=1536,eor=0,in=315392,out=217088;witness=ET,s=-,h=-,partial=-,quotient=-,src=canonical,dA=64,sec=L2]/L4[chunks=1@0,rel=reduced-evaluation,qrm=9984,cqrm=0,eor=0,in=217088,out=114688;witness=ET,s=-,h=-,partial=-,quotient=-,src=canonical,dA=64,sec=L2]/T[method=ET,src=canonical,eor=0,input=114688,dA=64,sec=L2]
fp128_dense	final=17:4;precommitted=	b996d72cefb7a0a3262ac30ce0fd4e4200b27eff277fd1922a3c219011e6383f	327680	262144	68368	6	c5567587502a47009445930d580843fcb9841ddf3d61546d67eb6442c9e2233c	cutover=L2;L0[chunks=1@0,rel=quotient,qrm=0,cqrm=0,eor=0,in=131072,out=2182848;witness=PACK,s=64,h=8,partial=64,quotient=64,src=canonical,dA=512,sec=Linf]/L1[chunks=1@0,rel=quotient,qrm=0,cqrm=0,eor=0,in=2182848,out=836544;witness=PACK,s=256,h=1,partial=256,quotient=256,src=canonical,dA=256,sec=Linf]/L2[chunks=1@0,rel=reduced-evaluation,qrm=16384,cqrm=1536,eor=0,in=836544,out=380928;witness=ET,s=-,h=-,partial=-,quotient=-,src=canonical,dA=64,sec=Linf]/L3[chunks=1@0,rel=reduced-evaluation,qrm=12288,cqrm=1536,eor=0,in=380928,out=217088;witness=ET,s=-,h=-,partial=-,quotient=-,src=canonical,dA=64,sec=L2]/L4[chunks=1@0,rel=reduced-evaluation,qrm=9984,cqrm=0,eor=0,in=217088,out=114688;witness=ET,s=-,h=-,partial=-,quotient=-,src=canonical,dA=64,sec=L2]/T[method=ET,src=canonical,eor=0,input=114688,dA=64,sec=L2]
fp128_dense	final=24:1;precommitted=	94e7a14c6d0dc602c7ebc7e2d1dd26de309a4ccf1ba006bd7c284ecae724ca0d	786432	1048576	71278	6	98f30af47da403e9a566af053bc5b86876440068dfb0e6848c92edefa7c02e05	cutover=L2;L0[chunks=1@0,rel=quotient,qrm=0,cqrm=0,eor=0,in=16777216,out=12188096;witness=PACK,s=64,h=8,partial=64,quotient=64,src=canonical,dA=512,sec=Linf]/L1[chunks=1@0,rel=quotient,qrm=0,cqrm=0,eor=0,in=12188096,out=1547776;witness=PACK,s=64,h=2,partial=64,quotient=64,src=canonical,dA=128,sec=Linf]/L2[chunks=1@0,rel=reduced-evaluation,qrm=16384,cqrm=1536,eor=0,in=1547776,out=512000;witness=ET,s=-,h=-,partial=-,quotient=-,src=canonical,dA=64,sec=Linf]/L3[chunks=1@0,rel=reduced-evaluation,qrm=12288,cqrm=0,eor=0,in=512000,out=229376;witness=ET,s=-,h=-,partial=-,quotient=-,src=canonical,dA=64,sec=L2]/L4[chunks=1@0,rel=reduced-evaluation,qrm=9984,cqrm=0,eor=0,in=229376,out=114688;witness=ET,s=-,h=-,partial=-,quotient=-,src=canonical,dA=64,sec=L2]/T[method=ET,src=canonical,eor=0,input=114688,dA=64,sec=L2]
fp128_dense	final=26:1;precommitted=	c93e949f727a2db762f7dbfe2fcdcdc29cf0a3b5fd10f76b3019de436810bc9b	2097152	2097152	71905	7	ea13b5334f5cb2d3ed82eca866f3b150172504c127cae6d66580fda3320f00c3	cutover=L2;L0[chunks=1@0,rel=quotient,qrm=0,cqrm=0,eor=0,in=67108864,out=31084480;witness=PACK,s=64,h=16,partial=64,quotient=64,src=canonical,dA=1024,sec=Linf]/L1[chunks=1@0,rel=quotient,qrm=0,cqrm=0,eor=0,in=31084480,out=3488064;witness=PACK,s=64,h=2,partial=64,quotient=64,src=canonical,dA=128,sec=Linf]/L2[chunks=1@0,rel=reduced-evaluation,qrm=22016,cqrm=2064,eor=0,in=3488064,out=1003520;witness=ET,s=-,h=-,partial=-,quotient=-,src=canonical,dA=64,sec=Linf]/L3[chunks=1@0,rel=reduced-evaluation,qrm=12288,cqrm=1536,eor=0,in=1003520,out=348160;witness=ET,s=-,h=-,partial=-,quotient=-,src=canonical,dA=64,sec=L2]/L4[chunks=1@0,rel=reduced-evaluation,qrm=12288,cqrm=1536,eor=0,in=348160,out=217088;witness=ET,s=-,h=-,partial=-,quotient=-,src=canonical,dA=64,sec=L2]/L5[chunks=1@0,rel=reduced-evaluation,qrm=9984,cqrm=0,eor=0,in=217088,out=114688;witness=ET,s=-,h=-,partial=-,quotient=-,src=canonical,dA=64,sec=L2]/T[method=ET,src=canonical,eor=0,input=114688,dA=64,sec=L2]
fp128_dense	final=28:1;precommitted=	a46de3bb37f42fa48a71b95f2322aad4c4e9c8626b40c631cd6537cb251072a1	4194304	4194304	72137	7	0a83ff15032db3e07c50667fdd2f560badbdce94d03aa7a3a8bd319ef0ce3eaf	cutover=L2;L0[chunks=1@0,rel=quotient,qrm=0,cqrm=0,eor=0,in=268435456,out=62017472;witness=PACK,s=64,h=16,partial=64,quotient=64,src=canonical,dA=1024,sec=Linf]/L1[chunks=1@0,rel=quotient,qrm=0,cqrm=0,eor=0,in=62017472,out=4107840;witness=PACK,s=64,h=1,partial=64,quotient=64,src=canonical,dA=64,sec=Linf]/L2[chunks=1@0,rel=reduced-evaluation,qrm=22016,cqrm=2064,eor=0,in=4107840,out=1134592;witness=ET,s=-,h=-,partial=-,quotient=-,src=canonical,dA=64,sec=Linf]/L3[chunks=1@0,rel=reduced-evaluation,qrm=12288,cqrm=1536,eor=0,in=1134592,out=380928;witness=ET,s=-,h=-,partial=-,quotient=-,src=canonical,dA=64,sec=L2]/L4[chunks=1@0,rel=reduced-evaluation,qrm=12288,cqrm=1536,eor=0,in=380928,out=217088;witness=ET,s=-,h=-,partial=-,quotient=-,src=canonical,dA=64,sec=L2]/L5[chunks=1@0,rel=reduced-evaluation,qrm=9984,cqrm=0,eor=0,in=217088,out=114688;witness=ET,s=-,h=-,partial=-,quotient=-,src=canonical,dA=64,sec=L2]/T[method=ET,src=canonical,eor=0,input=114688,dA=64,sec=L2]
fp128_dense	final=30:1;precommitted=	0661c6ea7796b195873f4f0afc34e1f8ab8b773648907a24b0f5110247bb10d2	8388608	8388608	72967	7	af2f1ae36437a729d3c105dd8050c634aacb962fed3173f755f737c54b095cbd	cutover=L2;L0[chunks=1@0,rel=quotient,qrm=0,cqrm=0,eor=0,in=1073741824,out=123883456;witness=PACK,s=64,h=16,partial=64,quotient=64,src=canonical,dA=1024,sec=Linf]/L1[chunks=1@0,rel=quotient,qrm=0,cqrm=0,eor=0,in=123883456,out=6084864;witness=PACK,s=64,h=1,partial=64,quotient=64,src=canonical,dA=64,sec=Linf]/L2[chunks=1@0,rel=reduced-evaluation,qrm=16384,cqrm=1536,eor=0,in=6084864,out=1003520;witness=ET,s=-,h=-,partial=-,quotient=-,src=canonical,dA=64,sec=Linf]/L3[chunks=1@0,rel=reduced-evaluation,qrm=14336,cqrm=1536,eor=0,in=1003520,out=380928;witness=ET,s=-,h=-,partial=-,quotient=-,src=canonical,dA=64,sec=L2]/L4[chunks=1@0,rel=reduced-evaluation,qrm=12288,cqrm=1536,eor=0,in=380928,out=217088;witness=ET,s=-,h=-,partial=-,quotient=-,src=canonical,dA=64,sec=L2]/L5[chunks=1@0,rel=reduced-evaluation,qrm=9984,cqrm=0,eor=0,in=217088,out=114688;witness=ET,s=-,h=-,partial=-,quotient=-,src=canonical,dA=64,sec=L2]/T[method=ET,src=canonical,eor=0,input=114688,dA=64,sec=L2]
fp128_dense	final=32:1;precommitted=	47272635f2438376271d1b13f43ae0fbb70effc54ee431f53fae213a90ff22bc	16777216	16777216	73900	7	f69cd9d5d795af9d7405c0838321e74afd4ddca06321b580c9c1e5b76cc3cd9f	cutover=L2;L0[chunks=1@0,rel=quotient,qrm=0,cqrm=0,eor=0,in=4294967296,out=252861056;witness=PACK,s=128,h=8,partial=128,quotient=128,src=canonical,dA=1024,sec=Linf]/L1[chunks=1@0,rel=quotient,qrm=0,cqrm=0,eor=0,in=252861056,out=6198784;witness=PACK,s=64,h=1,partial=64,quotient=64,src=canonical,dA=64,sec=Linf]/L2[chunks=1@0,rel=reduced-evaluation,qrm=16384,cqrm=1536,eor=0,in=6198784,out=1003520;witness=ET,s=-,h=-,partial=-,quotient=-,src=canonical,dA=64,sec=Linf]/L3[chunks=1@0,rel=reduced-evaluation,qrm=14336,cqrm=1536,eor=0,in=1003520,out=380928;witness=ET,s=-,h=-,partial=-,quotient=-,src=canonical,dA=64,sec=L2]/L4[chunks=1@0,rel=reduced-evaluation,qrm=12288,cqrm=1536,eor=0,in=380928,out=217088;witness=ET,s=-,h=-,partial=-,quotient=-,src=canonical,dA=64,sec=L2]/L5[chunks=1@0,rel=reduced-evaluation,qrm=9984,cqrm=0,eor=0,in=217088,out=114688;witness=ET,s=-,h=-,partial=-,quotient=-,src=canonical,dA=64,sec=L2]/T[method=ET,src=canonical,eor=0,input=114688,dA=64,sec=L2]
fp128_dense_bounded	final=14:1;precommitted=	235fdc37cb4e83e243a17cafde8597967ef2316443a2656dee73a57dc55cac8e	131072	32768	65073	5	becc95306b9655fc53eeeabac7f1574c62bc937caf9dbb5a7a072a5be2443856	cutover=L2;L0[chunks=1@0,rel=quotient,qrm=0,cqrm=0,eor=0,in=16384,out=347840;witness=PACK,s=64,h=8,partial=64,quotient=64,src=canonical,dA=512,sec=Linf]/L1[chunks=1@0,rel=quotient,qrm=0,cqrm=0,eor=0,in=347840,out=275968;witness=PACK,s=64,h=2,partial=64,quotient=64,src=canonical,dA=128,sec=Linf]/L2[chunks=1@0,rel=reduced-evaluation,qrm=14336,cqrm=1536,eor=0,in=275968,out=217088;witness=ET,s=-,h=-,partial=-,quotient=-,src=canonical,dA=64,sec=Linf]/L3[chunks=1@0,rel=reduced-evaluation,qrm=9984,cqrm=0,eor=0,in=217088,out=114688;witness=ET,s=-,h=-,partial=-,quotient=-,src=canonical,dA=64,sec=L2]/T[method=ET,src=canonical,eor=0,input=114688,dA=64,sec=L2]
fp128_dense_bounded	final=24:1;precommitted=	94e7a14c6d0dc602c7ebc7e2d1dd26de309a4ccf1ba006bd7c284ecae724ca0d	786432	1048576	71265	6	46f31126de2f34a1af8b47000c62c366d77ffe6efa00cca6af5479bffa556b40	cutover=L2;L0[chunks=1@0,rel=quotient,qrm=0,cqrm=0,eor=0,in=16777216,out=8867520;witness=PACK,s=64,h=8,partial=64,quotient=64,src=canonical,dA=512,sec=Linf]/L1[chunks=1@0,rel=quotient,qrm=0,cqrm=0,eor=0,in=8867520,out=1293824;witness=PACK,s=128,h=2,partial=128,quotient=128,src=canonical,dA=256,sec=Linf]/L2[chunks=1@0,rel=reduced-evaluation,qrm=16384,cqrm=1536,eor=0,in=1293824,out=479232;witness=ET,s=-,h=-,partial=-,quotient=-,src=canonical,dA=64,sec=Linf]/L3[chunks=1@0,rel=reduced-evaluation,qrm=12288,cqrm=0,eor=0,in=479232,out=229376;witness=ET,s=-,h=-,partial=-,quotient=-,src=canonical,dA=64,sec=L2]/L4[chunks=1@0,rel=reduced-evaluation,qrm=9984,cqrm=0,eor=0,in=229376,out=114688;witness=ET,s=-,h=-,partial=-,quotient=-,src=canonical,dA=64,sec=L2]/T[method=ET,src=canonical,eor=0,input=114688,dA=64,sec=L2]
fp128_dense_bounded	final=26:1;precommitted=	c93e949f727a2db762f7dbfe2fcdcdc29cf0a3b5fd10f76b3019de436810bc9b	1572864	2097152	71906	7	f0ac2ea22f1807cb4ae3ec1dd77baaf634a6d0dc30c6184c4b95fa7c394b7312	cutover=L2;L0[chunks=1@0,rel=quotient,qrm=0,cqrm=0,eor=0,in=67108864,out=18231168;witness=PACK,s=128,h=4,partial=128,quotient=128,src=canonical,dA=512,sec=Linf]/L1[chunks=1@0,rel=quotient,qrm=0,cqrm=0,eor=0,in=18231168,out=3013056;witness=PACK,s=64,h=8,partial=64,quotient=64,src=canonical,dA=512,sec=Linf]/L2[chunks=1@0,rel=reduced-evaluation,qrm=22016,cqrm=2064,eor=0,in=3013056,out=937984;witness=ET,s=-,h=-,partial=-,quotient=-,src=canonical,dA=64,sec=Linf]/L3[chunks=1@0,rel=reduced-evaluation,qrm=12288,cqrm=1536,eor=0,in=937984,out=348160;witness=ET,s=-,h=-,partial=-,quotient=-,src=canonical,dA=64,sec=L2]/L4[chunks=1@0,rel=reduced-evaluation,qrm=12288,cqrm=1536,eor=0,in=348160,out=217088;witness=ET,s=-,h=-,partial=-,quotient=-,src=canonical,dA=64,sec=L2]/L5[chunks=1@0,rel=reduced-evaluation,qrm=9984,cqrm=0,eor=0,in=217088,out=114688;witness=ET,s=-,h=-,partial=-,quotient=-,src=canonical,dA=64,sec=L2]/T[method=ET,src=canonical,eor=0,input=114688,dA=64,sec=L2]
fp128_dense_multi_chunk	final=16:1;precommitted=	619d5acd56307a5aff5911635e36969a167028482b33cc55f9f90598a55554be	655360	65536	71557	7	29421ed6f7b0afd752c058084e7a3ae8c3bde09e10cfd678cfe899b49b2f7cdf	cutover=L2;L0[chunks=8@2,rel=quotient,qrm=0,cqrm=0,eor=0,in=65536,out=3275200;witness=PACK,s=64,h=8,partial=64,quotient=64,src=canonical,dA=512,sec=Linf]/L1[chunks=8@2,rel=quotient,qrm=0,cqrm=0,eor=0,in=3275200,out=3398016;witness=PACK,s=64,h=1,partial=64,quotient=64,src=canonical,dA=64,sec=Linf]/L2[chunks=1@0,rel=reduced-evaluation,qrm=22016,cqrm=2064,eor=0,in=3398016,out=1003520;witness=ET,s=-,h=-,partial=-,quotient=-,src=canonical,dA=64,sec=Linf]/L3[chunks=1@0,rel=reduced-evaluation,qrm=12288,cqrm=1536,eor=0,in=1003520,out=348160;witness=ET,s=-,h=-,partial=-,quotient=-,src=canonical,dA=64,sec=L2]/L4[chunks=1@0,rel=reduced-evaluation,qrm=12288,cqrm=1536,eor=0,in=348160,out=217088;witness=ET,s=-,h=-,partial=-,quotient=-,src=canonical,dA=64,sec=L2]/L5[chunks=1@0,rel=reduced-evaluation,qrm=9984,cqrm=0,eor=0,in=217088,out=114688;witness=ET,s=-,h=-,partial=-,quotient=-,src=canonical,dA=64,sec=L2]/T[method=ET,src=canonical,eor=0,input=114688,dA=64,sec=L2]
fp128_dense_recursive	final=20:1;precommitted=	7e615f063166da9e18d6e9eacc305f7128e85099f64b8b48278e935e02e876fe	188416	262144	69080	6	9624c465afc6c46d500ab9c9255174fd17ee30961b0fbe8d9fbaa5bca9d11499	cutover=L2;L0[chunks=1@0,rel=quotient,qrm=0,cqrm=0,eor=0,in=1048576,out=3013056;witness=PACK,s=64,h=8,partial=64,quotient=64,src=canonical,dA=512,sec=Linf]/L1[chunks=1@0,rel=quotient,qrm=0,cqrm=0,eor=0,in=3013056,out=736768;witness=PACK,s=128,h=2,partial=128,quotient=128,src=canonical,dA=256,sec=Linf]/L2[chunks=1@0,rel=reduced-evaluation,qrm=14336,cqrm=1536,eor=0,in=736768,out=380928;witness=ET,s=-,h=-,partial=-,quotient=-,src=canonical,dA=64,sec=Linf]/L3[chunks=1@0,rel=reduced-evaluation,qrm=12288,cqrm=1536,eor=0,in=380928,out=217088;witness=ET,s=-,h=-,partial=-,quotient=-,src=canonical,dA=64,sec=L2]/L4[chunks=1@0,rel=reduced-evaluation,qrm=9984,cqrm=0,eor=0,in=217088,out=114688;witness=ET,s=-,h=-,partial=-,quotient=-,src=canonical,dA=64,sec=L2]/T[method=ET,src=canonical,eor=0,input=114688,dA=64,sec=L2]
fp128_dense_recursive	final=22:1;precommitted=	43c57a9c37004f9565033f2c8ae56fdc6891e2e8ee936abeb6267fa9a84e3696	393216	524288	70415	6	53694b3281268c89014d6acd8528e771b77e82277f2d71c75289786f07975422	cutover=L2;L0[chunks=1@0,rel=quotient,qrm=0,cqrm=0,eor=0,in=4194304,out=6158784;witness=PACK,s=64,h=8,partial=64,quotient=64,src=canonical,dA=512,sec=Linf]/L1[chunks=1@0,rel=quotient,qrm=0,cqrm=0,eor=0,in=6158784,out=1388160;witness=PACK,s=128,h=2,partial=128,quotient=128,src=canonical,dA=256,sec=Linf]/L2[chunks=1@0,rel=reduced-evaluation,qrm=16384,cqrm=1536,eor=0,in=1388160,out=512000;witness=ET,s=-,h=-,partial=-,quotient=-,src=canonical,dA=64,sec=Linf]/L3[chunks=1@0,rel=reduced-evaluation,qrm=12288,cqrm=0,eor=0,in=512000,out=229376;witness=ET,s=-,h=-,partial=-,quotient=-,src=canonical,dA=64,sec=L2]/L4[chunks=1@0,rel=reduced-evaluation,qrm=9984,cqrm=0,eor=0,in=229376,out=114688;witness=ET,s=-,h=-,partial=-,quotient=-,src=canonical,dA=64,sec=L2]/T[method=ET,src=canonical,eor=0,input=114688,dA=64,sec=L2]
fp128_dense_recursive	final=24:1;precommitted=	94e7a14c6d0dc602c7ebc7e2d1dd26de309a4ccf1ba006bd7c284ecae724ca0d	786432	1048576	71278	6	98f30af47da403e9a566af053bc5b86876440068dfb0e6848c92edefa7c02e05	cutover=L2;L0[chunks=1@0,rel=quotient,qrm=0,cqrm=0,eor=0,in=16777216,out=12188096;witness=PACK,s=64,h=8,partial=64,quotient=64,src=canonical,dA=512,sec=Linf]/L1[chunks=1@0,rel=quotient,qrm=0,cqrm=0,eor=0,in=12188096,out=1547776;witness=PACK,s=64,h=2,partial=64,quotient=64,src=canonical,dA=128,sec=Linf]/L2[chunks=1@0,rel=reduced-evaluation,qrm=16384,cqrm=1536,eor=0,in=1547776,out=512000;witness=ET,s=-,h=-,partial=-,quotient=-,src=canonical,dA=64,sec=Linf]/L3[chunks=1@0,rel=reduced-evaluation,qrm=12288,cqrm=0,eor=0,in=512000,out=229376;witness=ET,s=-,h=-,partial=-,quotient=-,src=canonical,dA=64,sec=L2]/L4[chunks=1@0,rel=reduced-evaluation,qrm=9984,cqrm=0,eor=0,in=229376,out=114688;witness=ET,s=-,h=-,partial=-,quotient=-,src=canonical,dA=64,sec=L2]/T[method=ET,src=canonical,eor=0,input=114688,dA=64,sec=L2]
fp128_dense_recursive	final=26:1;precommitted=	c93e949f727a2db762f7dbfe2fcdcdc29cf0a3b5fd10f76b3019de436810bc9b	2097152	1048576	74299	7	6a765dbd6b3248763df664cc6b32dd82d974840b3c88c6670e6b5e4bb2c127a3	cutover=L2;L0[chunks=1@0,rel=quotient,qrm=0,cqrm=0,eor=0,in=67108864,out=31084480;witness=PACK,s=64,h=16,partial=64,quotient=64,src=canonical,dA=1024,sec=Linf]/L1[chunks=1@0,rel=quotient,qrm=0,cqrm=0,eor=0,in=31084480,out=5843200;witness=PACK,s=64,h=4,partial=64,quotient=64,src=canonical,dA=256,sec=Linf;prefix=PACK,s=64,h=4,partial=64,quotient=64,src=canonical,dA=256,sec=Linf]/L2[chunks=1@0,rel=reduced-evaluation,qrm=16384,cqrm=1536,eor=0,in=5843200,out=1003520;witness=ET,s=-,h=-,partial=-,quotient=-,src=canonical,dA=64,sec=Linf]/L3[chunks=1@0,rel=reduced-evaluation,qrm=14336,cqrm=1536,eor=0,in=1003520,out=380928;witness=ET,s=-,h=-,partial=-,quotient=-,src=canonical,dA=64,sec=L2]/L4[chunks=1@0,rel=reduced-evaluation,qrm=12288,cqrm=1536,eor=0,in=380928,out=217088;witness=ET,s=-,h=-,partial=-,quotient=-,src=canonical,dA=64,sec=L2]/L5[chunks=1@0,rel=reduced-evaluation,qrm=9984,cqrm=0,eor=0,in=217088,out=114688;witness=ET,s=-,h=-,partial=-,quotient=-,src=canonical,dA=64,sec=L2]/T[method=ET,src=canonical,eor=0,input=114688,dA=64,sec=L2]
fp128_dense_recursive	final=28:1;precommitted=	a46de3bb37f42fa48a71b95f2322aad4c4e9c8626b40c631cd6537cb251072a1	4194304	1048576	76213	7	a737b9979a74cd963967b8c03708cf35af0d85b24428e356eecb8ee09354a965	cutover=L2;L0[chunks=1@0,rel=quotient,qrm=0,cqrm=0,eor=0,in=268435456,out=62017472;witness=PACK,s=64,h=16,partial=64,quotient=64,src=canonical,dA=1024,sec=Linf]/L1[chunks=1@0,rel=quotient,qrm=0,cqrm=0,eor=0,in=62017472,out=9787904;witness=PACK,s=256,h=2,partial=256,quotient=256,src=canonical,dA=512,sec=Linf;prefix=PACK,s=256,h=2,partial=256,quotient=256,src=canonical,dA=512,sec=Linf]/L2[chunks=1@0,rel=reduced-evaluation,qrm=16384,cqrm=1536,eor=0,in=9787904,out=1331200;witness=ET,s=-,h=-,partial=-,quotient=-,src=canonical,dA=64,sec=Linf]/L3[chunks=1@0,rel=reduced-evaluation,qrm=16384,cqrm=1536,eor=0,in=1331200,out=479232;witness=ET,s=-,h=-,partial=-,quotient=-,src=canonical,dA=64,sec=Linf]/L4[chunks=1@0,rel=reduced-evaluation,qrm=12288,cqrm=0,eor=0,in=479232,out=229376;witness=ET,s=-,h=-,partial=-,quotient=-,src=canonical,dA=64,sec=L2]/L5[chunks=1@0,rel=reduced-evaluation,qrm=9984,cqrm=0,eor=0,in=229376,out=114688;witness=ET,s=-,h=-,partial=-,quotient=-,src=canonical,dA=64,sec=L2]/T[method=ET,src=canonical,eor=0,input=114688,dA=64,sec=L2]
fp128_onehot	final=12:1;precommitted=	7cea46be72a904b2bacfbccb7a070499ba20889044145649c3db3f45a73dc084	49152	8192	41062	2	fe563295e917d0a830af66f3b591ea8b5fc2595e7de3dd5251bb8b25c6f08581	cutover=none;L0[chunks=1@0,rel=quotient,qrm=0,cqrm=0,eor=0,in=4096,out=80064;witness=PACK,s=64,h=1,partial=64,quotient=64,src=canonical,dA=64,sec=Linf]/T[method=ET,src=canonical,eor=0,input=80064,dA=64,sec=Linf]
fp128_onehot	final=14:1;precommitted=	235fdc37cb4e83e243a17cafde8597967ef2316443a2656dee73a57dc55cac8e	49152	16384	41063	2	7667dbde51116d05e4c1aa7b4506553ed10e28194ac6a447e62e1cd4855f6107	cutover=none;L0[chunks=1@0,rel=quotient,qrm=0,cqrm=0,eor=0,in=16384,out=71872;witness=PACK,s=128,h=1,partial=128,quotient=128,src=canonical,dA=128,sec=Linf]/T[method=ET,src=canonical,eor=0,input=71872,dA=64,sec=Linf]
fp128_onehot	final=14:2;precommitted=	8a40a8595c14901ece876c6c020dbcdba59bed81270cf9431da74003d3a138aa	49152	32768	49257	2	67c4753f3e932e07ea6b7c492e25f63ca05a07294cd8803c1999069ed319f605	cutover=none;L0[chunks=1@0,rel=quotient,qrm=0,cqrm=0,eor=0,in=16384,out=104640;witness=PACK,s=128,h=1,partial=128,quotient=128,src=canonical,dA=128,sec=Linf]/T[method=ET,src=canonical,eor=0,input=104640,dA=64,sec=Linf]
fp128_onehot	final=15:1;precommitted=	fe784ff5321ce50dc781655bbe7fc9a71f08d9527d5445702d0e8e2a2d41fc87	49152	16384	45159	2	98ce706bedd18bef87f4868796192eafc0b6848ec158330d7aa36ecb934101d3	cutover=none;L0[chunks=1@0,rel=quotient,qrm=0,cqrm=0,eor=0,in=32768,out=88256;witness=PACK,s=128,h=1,partial=128,quotient=128,src=canonical,dA=128,sec=Linf]/T[method=ET,src=canonical,eor=0,input=88256,dA=64,sec=Linf]
fp128_onehot	final=15:4;precommitted=	68fb5e2e5571f333ccc18953a6f62b93350179816ef43b814506341ba44a8ef1	131072	65536	64795	5	cd15cbd2af11cdc0ae24f9d1e392d7034d7c2a2a0334600c8bfb6ae652f35946	cutover=L2;L0[chunks=1@0,rel=quotient,qrm=0,cqrm=0,eor=0,in=32768,out=238528;witness=PACK,s=64,h=4,partial=64,quotient=64,src=canonical,dA=256,sec=Linf]/L1[chunks=1@0,rel=quotient,qrm=0,cqrm=0,eor=0,in=238528,out=232960;witness=PACK,s=64,h=2,partial=64,quotient=64,src=canonical,dA=128,sec=Linf]/L2[chunks=1@0,rel=reduced-evaluation,qrm=14336,cqrm=1536,eor=0,in=232960,out=217088;witness=ET,s=-,h=-,partial=-,quotient=-,src=canonical,dA=64,sec=Linf]/L3[chunks=1@0,rel=reduced-evaluation,qrm=9984,cqrm=0,eor=0,in=217088,out=114688;witness=ET,s=-,h=-,partial=-,quotient=-,src=canonical,dA=64,sec=L2]/T[method=ET,src=canonical,eor=0,input=114688,dA=64,sec=L2]
fp128_onehot	final=16:1;precommitted=	619d5acd56307a5aff5911635e36969a167028482b33cc55f9f90598a55554be	65536	16384	67467	4	5c2d48b5d6005ebd6d6b64e566104b459dd05b9556fe6ed79ae81944e1e51ac1	cutover=L2;L0[chunks=1@0,rel=quotient,qrm=0,cqrm=0,eor=0,in=65536,out=172992;witness=PACK,s=64,h=4,partial=64,quotient=64,src=canonical,dA=256,sec=Linf]/L1[chunks=1@0,rel=quotient,qrm=0,cqrm=0,eor=0,in=172992,out=146112;witness=PACK,s=64,h=2,partial=64,quotient=64,src=canonical,dA=128,sec=Linf]/L2[chunks=1@0,rel=reduced-evaluation,qrm=9856,cqrm=0,eor=0,in=146112,out=98304;witness=ET,s=-,h=-,partial=-,quotient=-,src=canonical,dA=64,sec=Linf]/T[method=ET,src=canonical,eor=0,input=98304,dA=64,sec=L2]
fp128_onehot	final=16:1;precommitted=14:1	52338f20310a737d95d90d9cccef68bb33abb36197e2d3470086305fb9d9d7d4	131072	32768	64796	5	777d54616f8e2a9ca520e099460f50feff544067ee20c4a50dfe58c1fd311d97	cutover=L2;L0[chunks=1@0,rel=quotient,qrm=0,cqrm=0,eor=0,in=65536,out=252928;witness=PACK,s=64,h=8,partial=64,quotient=64,src=canonical,dA=512,sec=Linf;pre0=PACK,s=128,h=1,partial=128,quotient=128,src=canonical,dA=128,sec=Linf]/L1[chunks=1@0,rel=quotient,qrm=0,cqrm=0,eor=0,in=252928,out=243200;witness=PACK,s=64,h=4,partial=64,quotient=64,src=canonical,dA=256,sec=Linf]/L2[chunks=1@0,rel=reduced-evaluation,qrm=14336,cqrm=1536,eor=0,in=243200,out=217088;witness=ET,s=-,h=-,partial=-,quotient=-,src=canonical,dA=64,sec=Linf]/L3[chunks=1@0,rel=reduced-evaluation,qrm=9984,cqrm=0,eor=0,in=217088,out=114688;witness=ET,s=-,h=-,partial=-,quotient=-,src=canonical,dA=64,sec=L2]/T[method=ET,src=canonical,eor=0,input=114688,dA=64,sec=L2]
fp128_onehot	final=16:1;precommitted=14:1,15:2	16447698a24cc249fccee8f8f03f2c32350669a143d11edff76b6c034f1b8393	139264	65536	68123	6	32d047a9a475dd4a7e951a82bfdc5d88c561ebd19c6889dc8d7316b99cd25db5	cutover=L2;L0[chunks=1@0,rel=quotient,qrm=0,cqrm=0,eor=0,in=65536,out=1034240;witness=PACK,s=64,h=4,partial=64,quotient=64,src=canonical,dA=256,sec=Linf;pre0=PACK,s=128,h=1,partial=128,quotient=128,src=canonical,dA=128,sec=Linf;pre1=PACK,s=64,h=8,partial=64,quotient=64,src=canonical,dA=512,sec=Linf]/L1[chunks=1@0,rel=quotient,qrm=0,cqrm=0,eor=0,in=1034240,out=547072;witness=PACK,s=128,h=2,partial=128,quotient=128,src=canonical,dA=256,sec=Linf]/L2[chunks=1@0,rel=reduced-evaluation,qrm=14336,cqrm=1536,eor=0,in=547072,out=315392;witness=ET,s=-,h=-,partial=-,quotient=-,src=canonical,dA=64,sec=Linf]/L3[chunks=1@0,rel=reduced-evaluation,qrm=12288,cqrm=1536,eor=0,in=315392,out=217088;witness=ET,s=-,h=-,partial=-,quotient=-,src=canonical,dA=64,sec=L2]/L4[chunks=1@0,rel=reduced-evaluation,qrm=9984,cqrm=0,eor=0,in=217088,out=114688;witness=ET,s=-,h=-,partial=-,quotient=-,src=canonical,dA=64,sec=L2]/T[method=ET,src=canonical,eor=0,input=114688,dA=64,sec=L2]
fp128_onehot	final=16:1;precommitted=14:1;producer_contracts=balanced(bound=65)	e1de632e4b482329990471b0ae33d2040ec1a5a1e389e0f92c48d9258a43f311	131072	32768	66186	5	4faebd3277a16ad3718964d4d40915cd04b073155f2ec757223a491d968b593f	cutover=L2;L0[chunks=1@0,rel=quotient,qrm=0,cqrm=0,eor=0,in=65536,out=443904;witness=PACK,s=128,h=2,partial=128,quotient=128,src=canonical,dA=256,sec=Linf;pre0=PACK,s=64,h=8,partial=64,quotient=64,src=canonical,dA=512,sec=Linf]/L1[chunks=1@0,rel=quotient,qrm=0,cqrm=0,eor=0,in=443904,out=347712;witness=PACK,s=64,h=4,partial=64,quotient=64,src=canonical,dA=256,sec=Linf]/L2[chunks=1@0,rel=reduced-evaluation,qrm=14336,cqrm=0,eor=0,in=347712,out=229376;witness=ET,s=-,h=-,partial=-,quotient=-,src=canonical,dA=64,sec=Linf]/L3[chunks=1@0,rel=reduced-evaluation,qrm=9984,cqrm=0,eor=0,in=229376,out=114688;witness=ET,s=-,h=-,partial=-,quotient=-,src=canonical,dA=64,sec=L2]/T[method=ET,src=canonical,eor=0,input=114688,dA=64,sec=L2]
fp128_onehot	final=16:2;precommitted=	1d3119b577401489425a46a52a8368829ffee0287db544156fcb790c4c1190e1	131072	32768	64795	5	c55b2a2e52de2d13ab22c775c23de3a0ab5bdd6ae54e077e963cb5c9863e22cd	cutover=L2;L0[chunks=1@0,rel=quotient,qrm=0,cqrm=0,eor=0,in=65536,out=238528;witness=PACK,s=64,h=4,partial=64,quotient=64,src=canonical,dA=256,sec=Linf]/L1[chunks=1@0,rel=quotient,qrm=0,cqrm=0,eor=0,in=238528,out=232960;witness=PACK,s=64,h=2,partial=64,quotient=64,src=canonical,dA=128,sec=Linf]/L2[chunks=1@0,rel=reduced-evaluation,qrm=14336,cqrm=1536,eor=0,in=232960,out=217088;witness=ET,s=-,h=-,partial=-,quotient=-,src=canonical,dA=64,sec=Linf]/L3[chunks=1@0,rel=reduced-evaluation,qrm=9984,cqrm=0,eor=0,in=217088,out=114688;witness=ET,s=-,h=-,partial=-,quotient=-,src=canonical,dA=64,sec=L2]/T[method=ET,src=canonical,eor=0,input=114688,dA=64,sec=L2]
fp128_onehot	final=18:1;precommitted=	0a64fd27f49046793d7d00ee8c2bda3757f24e60e86752300778d44cd119e709	131072	32768	64909	5	b7f8d1e5f339a3806b3739a9be6b88eb6132d1258fd134375f0d749243c42a32	cutover=L2;L0[chunks=1@0,rel=quotient,qrm=0,cqrm=0,eor=0,in=262144,out=271296;witness=PACK,s=64,h=4,partial=64,quotient=64,src=canonical,dA=256,sec=Linf]/L1[chunks=1@0,rel=quotient,qrm=0,cqrm=0,eor=0,in=271296,out=243200;witness=PACK,s=64,h=2,partial=64,quotient=64,src=canonical,dA=128,sec=Linf]/L2[chunks=1@0,rel=reduced-evaluation,qrm=14336,cqrm=1536,eor=0,in=243200,out=217088;witness=ET,s=-,h=-,partial=-,quotient=-,src=canonical,dA=64,sec=Linf]/L3[chunks=1@0,rel=reduced-evaluation,qrm=9984,cqrm=0,eor=0,in=217088,out=114688;witness=ET,s=-,h=-,partial=-,quotient=-,src=canonical,dA=64,sec=L2]/T[method=ET,src=canonical,eor=0,input=114688,dA=64,sec=L2]
fp128_onehot	final=20:1;precommitted=	7e615f063166da9e18d6e9eacc305f7128e85099f64b8b48278e935e02e876fe	131072	65536	66196	5	397452435f773c3b197d8d959c7aa31b79cc9fd303b2b256c865842bed9489ab	cutover=L2;L0[chunks=1@0,rel=quotient,qrm=0,cqrm=0,eor=0,in=1048576,out=435136;witness=PACK,s=64,h=4,partial=64,quotient=64,src=canonical,dA=256,sec=Linf]/L1[chunks=1@0,rel=quotient,qrm=0,cqrm=0,eor=0,in=435136,out=380480;witness=PACK,s=64,h=1,partial=64,quotient=64,src=canonical,dA=64,sec=Linf]/L2[chunks=1@0,rel=reduced-evaluation,qrm=14336,cqrm=0,eor=0,in=380480,out=229376;witness=ET,s=-,h=-,partial=-,quotient=-,src=canonical,dA=64,sec=Linf]/L3[chunks=1@0,rel=reduced-evaluation,qrm=9984,cqrm=0,eor=0,in=229376,out=114688;witness=ET,s=-,h=-,partial=-,quotient=-,src=canonical,dA=64,sec=L2]/T[method=ET,src=canonical,eor=0,input=114688,dA=64,sec=L2]
fp128_onehot	final=20:1;precommitted=14:1	5928d14f8cce387c4733f5016d3991ed25d0a91064e3d7717be7985f5176e440	131072	65536	66866	5	1579a95101e85428e4cc2ab0c1a32e6adb4783dbad651ce647aa41d51978a4fc	cutover=L2;L0[chunks=1@0,rel=quotient,qrm=0,cqrm=0,eor=0,in=1048576,out=493056;witness=PACK,s=64,h=4,partial=64,quotient=64,src=canonical,dA=256,sec=Linf;pre0=PACK,s=128,h=1,partial=128,quotient=128,src=canonical,dA=128,sec=Linf]/L1[chunks=1@0,rel=quotient,qrm=0,cqrm=0,eor=0,in=493056,out=308736;witness=PACK,s=64,h=2,partial=64,quotient=64,src=canonical,dA=128,sec=Linf]/L2[chunks=1@0,rel=reduced-evaluation,qrm=14336,cqrm=0,eor=0,in=308736,out=229376;witness=ET,s=-,h=-,partial=-,quotient=-,src=canonical,dA=64,sec=Linf]/L3[chunks=1@0,rel=reduced-evaluation,qrm=9984,cqrm=0,eor=0,in=229376,out=114688;witness=ET,s=-,h=-,partial=-,quotient=-,src=canonical,dA=64,sec=L2]/T[method=ET,src=canonical,eor=0,input=114688,dA=64,sec=L2]
fp128_onehot	final=20:1;precommitted=14:2	6594d69f416fedb75483a559cc3e1c824572b8661afc9736c746df5f72785d4e	131072	131072	66866	5	7070fcd3a6a9ea74112e07eacf516d301c5c04b36f7353d7f1ca5229bef5ac0a	cutover=L2;L0[chunks=1@0,rel=quotient,qrm=0,cqrm=0,eor=0,in=1048576,out=503808;witness=PACK,s=64,h=4,partial=64,quotient=64,src=canonical,dA=256,sec=Linf;pre0=PACK,s=128,h=1,partial=128,quotient=128,src=canonical,dA=128,sec=Linf]/L1[chunks=1@0,rel=quotient,qrm=0,cqrm=0,eor=0,in=503808,out=308736;witness=PACK,s=64,h=2,partial=64,quotient=64,src=canonical,dA=128,sec=Linf]/L2[chunks=1@0,rel=reduced-evaluation,qrm=14336,cqrm=0,eor=0,in=308736,out=229376;witness=ET,s=-,h=-,partial=-,quotient=-,src=canonical,dA=64,sec=Linf]/L3[chunks=1@0,rel=reduced-evaluation,qrm=9984,cqrm=0,eor=0,in=229376,out=114688;witness=ET,s=-,h=-,partial=-,quotient=-,src=canonical,dA=64,sec=L2]/T[method=ET,src=canonical,eor=0,input=114688,dA=64,sec=L2]
fp128_onehot	final=20:2;precommitted=	024daea0560fa394f9aaded7cdd706e307cff8e2828bed1c0d981aefbbbf6ef4	131072	131072	66994	5	d752dd0a86832dd1e968379c83c21b48d00bc72d4d2d4ae64413f87f68b97bd9	cutover=L2;L0[chunks=1@0,rel=quotient,qrm=0,cqrm=0,eor=0,in=1048576,out=544320;witness=PACK,s=64,h=4,partial=64,quotient=64,src=canonical,dA=256,sec=Linf]/L1[chunks=1@0,rel=quotient,qrm=0,cqrm=0,eor=0,in=544320,out=361984;witness=PACK,s=64,h=4,partial=64,quotient=64,src=canonical,dA=256,sec=Linf]/L2[chunks=1@0,rel=reduced-evaluation,qrm=14336,cqrm=0,eor=0,in=361984,out=229376;witness=ET,s=-,h=-,partial=-,quotient=-,src=canonical,dA=64,sec=Linf]/L3[chunks=1@0,rel=reduced-evaluation,qrm=9984,cqrm=0,eor=0,in=229376,out=114688;witness=ET,s=-,h=-,partial=-,quotient=-,src=canonical,dA=64,sec=L2]/T[method=ET,src=canonical,eor=0,input=114688,dA=64,sec=L2]
fp128_onehot	final=20:2;precommitted=14:1	300ca4fbf5ef9428b072ce4df3232ff78c75a436bbb117be7f17aa1de32f42cd	131072	131072	66995	5	b9ceba3647c4bbe8269528b3a875ec94c2851bfda9651b3debf655cd312322b9	cutover=L2;L0[chunks=1@0,rel=quotient,qrm=0,cqrm=0,eor=0,in=1048576,out=602112;witness=PACK,s=64,h=4,partial=64,quotient=64,src=canonical,dA=256,sec=Linf;pre0=PACK,s=128,h=1,partial=128,quotient=128,src=canonical,dA=128,sec=Linf]/L1[chunks=1@0,rel=quotient,qrm=0,cqrm=0,eor=0,in=602112,out=361984;witness=PACK,s=64,h=4,partial=64,quotient=64,src=canonical,dA=256,sec=Linf]/L2[chunks=1@0,rel=reduced-evaluation,qrm=14336,cqrm=0,eor=0,in=361984,out=229376;witness=ET,s=-,h=-,partial=-,quotient=-,src=canonical,dA=64,sec=Linf]/L3[chunks=1@0,rel=reduced-evaluation,qrm=9984,cqrm=0,eor=0,in=229376,out=114688;witness=ET,s=-,h=-,partial=-,quotient=-,src=canonical,dA=64,sec=L2]/T[method=ET,src=canonical,eor=0,input=114688,dA=64,sec=L2]
fp128_onehot	final=20:4;precommitted=	1af5783e63010bd55e2ba781c36f9bea6db9cbe9fa4389d166ef22c347deb309	176128	131072	67326	6	02bc6f81234ab4ea230d6679b541a9086e92290c23869b2e5c20737ee7c209ba	cutover=L2;L0[chunks=1@0,rel=quotient,qrm=0,cqrm=0,eor=0,in=1048576,out=926656;witness=PACK,s=64,h=4,partial=64,quotient=64,src=canonical,dA=256,sec=Linf]/L1[chunks=1@0,rel=quotient,qrm=0,cqrm=0,eor=0,in=926656,out=514304;witness=PACK,s=128,h=2,partial=128,quotient=128,src=canonical,dA=256,sec=Linf]/L2[chunks=1@0,rel=reduced-evaluation,qrm=19264,cqrm=2064,eor=0,in=514304,out=380928;witness=ET,s=-,h=-,partial=-,quotient=-,src=canonical,dA=64,sec=Linf]/L3[chunks=1@0,rel=reduced-evaluation,qrm=12288,cqrm=1536,eor=0,in=380928,out=217088;witness=ET,s=-,h=-,partial=-,quotient=-,src=canonical,dA=64,sec=L2]/L4[chunks=1@0,rel=reduced-evaluation,qrm=9984,cqrm=0,eor=0,in=217088,out=114688;witness=ET,s=-,h=-,partial=-,quotient=-,src=canonical,dA=64,sec=L2]/T[method=ET,src=canonical,eor=0,input=114688,dA=64,sec=L2]
fp128_onehot	final=20:4;precommitted=14:1,14:1	bfdc9d0b336ce0affa135756e4f6e944f2e5b602aa6dad821af515847d3511b2	139264	131072	68123	6	9b09717bf85e3c8ae90b44fcbe1bd498a82563db277ead998550e89246c06535	cutover=L2;L0[chunks=1@0,rel=quotient,qrm=0,cqrm=0,eor=0,in=1048576,out=1042432;witness=PACK,s=64,h=4,partial=64,quotient=64,src=canonical,dA=256,sec=Linf;pre0=PACK,s=128,h=1,partial=128,quotient=128,src=canonical,dA=128,sec=Linf;pre1=PACK,s=128,h=1,partial=128,quotient=128,src=canonical,dA=128,sec=Linf]/L1[chunks=1@0,rel=quotient,qrm=0,cqrm=0,eor=0,in=1042432,out=547072;witness=PACK,s=128,h=2,partial=128,quotient=128,src=canonical,dA=256,sec=Linf]/L2[chunks=1@0,rel=reduced-evaluation,qrm=14336,cqrm=1536,eor=0,in=547072,out=315392;witness=ET,s=-,h=-,partial=-,quotient=-,src=canonical,dA=64,sec=Linf]/L3[chunks=1@0,rel=reduced-evaluation,qrm=12288,cqrm=1536,eor=0,in=315392,out=217088;witness=ET,s=-,h=-,partial=-,quotient=-,src=canonical,dA=64,sec=L2]/L4[chunks=1@0,rel=reduced-evaluation,qrm=9984,cqrm=0,eor=0,in=217088,out=114688;witness=ET,s=-,h=-,partial=-,quotient=-,src=canonical,dA=64,sec=L2]/T[method=ET,src=canonical,eor=0,input=114688,dA=64,sec=L2]
fp128_onehot	final=20:4;precommitted=14:1,14:1,14:1	9de1d7fa4b642afbc66dcf95883ee7771dc78ae43f675b5f5b49259c7ab199c4	180224	131072	68252	6	fd96895b3ccfcb14051e43fb20362b857619601b4760ad2659c36a6393a98f1e	cutover=L2;L0[chunks=1@0,rel=quotient,qrm=0,cqrm=0,eor=0,in=1048576,out=1100032;witness=PACK,s=64,h=4,partial=64,quotient=64,src=canonical,dA=256,sec=Linf;pre0=PACK,s=128,h=1,partial=128,quotient=128,src=canonical,dA=128,sec=Linf;pre1=PACK,s=128,h=1,partial=128,quotient=128,src=canonical,dA=128,sec=Linf;pre2=PACK,s=128,h=1,partial=128,quotient=128,src=canonical,dA=128,sec=Linf]/L1[chunks=1@0,rel=quotient,qrm=0,cqrm=0,eor=0,in=1100032,out=697280;witness=PACK,s=64,h=4,partial=64,quotient=64,src=canonical,dA=256,sec=Linf]/L2[chunks=1@0,rel=reduced-evaluation,qrm=14336,cqrm=1536,eor=0,in=697280,out=348160;witness=ET,s=-,h=-,partial=-,quotient=-,src=canonical,dA=64,sec=Linf]/L3[chunks=1@0,rel=reduced-evaluation,qrm=12288,cqrm=1536,eor=0,in=348160,out=217088;witness=ET,s=-,h=-,partial=-,quotient=-,src=canonical,dA=64,sec=L2]/L4[chunks=1@0,rel=reduced-evaluation,qrm=9984,cqrm=0,eor=0,in=217088,out=114688;witness=ET,s=-,h=-,partial=-,quotient=-,src=canonical,dA=64,sec=L2]/T[method=ET,src=canonical,eor=0,input=114688,dA=64,sec=L2]
fp128_onehot	final=28:1;precommitted=	a46de3bb37f42fa48a71b95f2322aad4c4e9c8626b40c631cd6537cb251072a1	1048576	1048576	70415	6	6b1cb63260650ccba6e27558ad36c3a6812b778b628e18f5bb92afc605a82284	cutover=L2;L0[chunks=1@0,rel=quotient,qrm=0,cqrm=0,eor=0,in=268435456,out=6759360;witness=PACK,s=64,h=4,partial=64,quotient=64,src=canonical,dA=256,sec=Linf]/L1[chunks=1@0,rel=quotient,qrm=0,cqrm=0,eor=0,in=6759360,out=1497344;witness=PACK,s=128,h=2,partial=128,quotient=128,src=canonical,dA=256,sec=Linf]/L2[chunks=1@0,rel=reduced-evaluation,qrm=16384,cqrm=1536,eor=0,in=1497344,out=512000;witness=ET,s=-,h=-,partial=-,quotient=-,src=canonical,dA=64,sec=Linf]/L3[chunks=1@0,rel=reduced-evaluation,qrm=12288,cqrm=0,eor=0,in=512000,out=229376;witness=ET,s=-,h=-,partial=-,quotient=-,src=canonical,dA=64,sec=L2]/L4[chunks=1@0,rel=reduced-evaluation,qrm=9984,cqrm=0,eor=0,in=229376,out=114688;witness=ET,s=-,h=-,partial=-,quotient=-,src=canonical,dA=64,sec=L2]/T[method=ET,src=canonical,eor=0,input=114688,dA=64,sec=L2]
fp128_onehot	final=30:1;precommitted=	0661c6ea7796b195873f4f0afc34e1f8ab8b773648907a24b0f5110247bb10d2	2097152	2097152	71278	6	ed596ebaa9da690428a683d9103270c59be41929710eb12d03cd866008f9ffba	cutover=L2;L0[chunks=1@0,rel=quotient,qrm=0,cqrm=0,eor=0,in=1073741824,out=13444032;witness=PACK,s=64,h=4,partial=64,quotient=64,src=canonical,dA=256,sec=Linf]/L1[chunks=1@0,rel=quotient,qrm=0,cqrm=0,eor=0,in=13444032,out=1480192;witness=PACK,s=64,h=1,partial=64,quotient=64,src=canonical,dA=64,sec=Linf]/L2[chunks=1@0,rel=reduced-evaluation,qrm=16384,cqrm=1536,eor=0,in=1480192,out=512000;witness=ET,s=-,h=-,partial=-,quotient=-,src=canonical,dA=64,sec=Linf]/L3[chunks=1@0,rel=reduced-evaluation,qrm=12288,cqrm=0,eor=0,in=512000,out=229376;witness=ET,s=-,h=-,partial=-,quotient=-,src=canonical,dA=64,sec=L2]/L4[chunks=1@0,rel=reduced-evaluation,qrm=9984,cqrm=0,eor=0,in=229376,out=114688;witness=ET,s=-,h=-,partial=-,quotient=-,src=canonical,dA=64,sec=L2]/T[method=ET,src=canonical,eor=0,input=114688,dA=64,sec=L2]
fp128_onehot	final=30:4;precommitted=	619a78159ae3df6e54d9411603c43aba002307069fda024793c83803f33af61c	4194304	4194304	71907	7	6327b6a2a61795d5f4d38cd2f84bd24d5431a265d760050ed21cc28f2aa2bf5b	cutover=L2;L0[chunks=1@0,rel=quotient,qrm=0,cqrm=0,eor=0,in=1073741824,out=26813376;witness=PACK,s=64,h=4,partial=64,quotient=64,src=canonical,dA=256,sec=Linf]/L1[chunks=1@0,rel=quotient,qrm=0,cqrm=0,eor=0,in=26813376,out=3225920;witness=PACK,s=64,h=2,partial=64,quotient=64,src=canonical,dA=128,sec=Linf]/L2[chunks=1@0,rel=reduced-evaluation,qrm=22016,cqrm=2064,eor=0,in=3225920,out=1003520;witness=ET,s=-,h=-,partial=-,quotient=-,src=canonical,dA=64,sec=Linf]/L3[chunks=1@0,rel=reduced-evaluation,qrm=12288,cqrm=1536,eor=0,in=1003520,out=348160;witness=ET,s=-,h=-,partial=-,quotient=-,src=canonical,dA=64,sec=L2]/L4[chunks=1@0,rel=reduced-evaluation,qrm=12288,cqrm=1536,eor=0,in=348160,out=217088;witness=ET,s=-,h=-,partial=-,quotient=-,src=canonical,dA=64,sec=L2]/L5[chunks=1@0,rel=reduced-evaluation,qrm=9984,cqrm=0,eor=0,in=217088,out=114688;witness=ET,s=-,h=-,partial=-,quotient=-,src=canonical,dA=64,sec=L2]/T[method=ET,src=canonical,eor=0,input=114688,dA=64,sec=L2]
fp128_onehot	final=32:1;precommitted=	47272635f2438376271d1b13f43ae0fbb70effc54ee431f53fae213a90ff22bc	4194304	4194304	71905	7	7daf8e42f91af76f1a044f2030e2b3e0f0a736b356f84e71638a2259262b00e4	cutover=L2;L0[chunks=1@0,rel=quotient,qrm=0,cqrm=0,eor=0,in=4294967296,out=26813376;witness=PACK,s=64,h=4,partial=64,quotient=64,src=canonical,dA=256,sec=Linf]/L1[chunks=1@0,rel=quotient,qrm=0,cqrm=0,eor=0,in=26813376,out=3225920;witness=PACK,s=64,h=2,partial=64,quotient=64,src=canonical,dA=128,sec=Linf]/L2[chunks=1@0,rel=reduced-evaluation,qrm=22016,cqrm=2064,eor=0,in=3225920,out=1003520;witness=ET,s=-,h=-,partial=-,quotient=-,src=canonical,dA=64,sec=Linf]/L3[chunks=1@0,rel=reduced-evaluation,qrm=12288,cqrm=1536,eor=0,in=1003520,out=348160;witness=ET,s=-,h=-,partial=-,quotient=-,src=canonical,dA=64,sec=L2]/L4[chunks=1@0,rel=reduced-evaluation,qrm=12288,cqrm=1536,eor=0,in=348160,out=217088;witness=ET,s=-,h=-,partial=-,quotient=-,src=canonical,dA=64,sec=L2]/L5[chunks=1@0,rel=reduced-evaluation,qrm=9984,cqrm=0,eor=0,in=217088,out=114688;witness=ET,s=-,h=-,partial=-,quotient=-,src=canonical,dA=64,sec=L2]/T[method=ET,src=canonical,eor=0,input=114688,dA=64,sec=L2]
fp128_onehot	final=32:2;precommitted=16:1,16:1	068b89a74af4c3257adddb7b144ac88d3a0d90546ef747237e12d867d6ec54e2	8388608	8388608	72140	7	e6fb5cfba798c3f567b75c0e2c1e6046e97976a6e48cb2450183d62de26e7a99	cutover=L2;L0[chunks=1@0,rel=quotient,qrm=0,cqrm=0,eor=0,in=4294967296,out=42644224;witness=PACK,s=128,h=2,partial=128,quotient=128,src=canonical,dA=256,sec=Linf;pre0=PACK,s=64,h=4,partial=64,quotient=64,src=canonical,dA=256,sec=Linf;pre1=PACK,s=64,h=4,partial=64,quotient=64,src=canonical,dA=256,sec=Linf]/L1[chunks=1@0,rel=quotient,qrm=0,cqrm=0,eor=0,in=42644224,out=3856640;witness=PACK,s=64,h=1,partial=64,quotient=64,src=canonical,dA=64,sec=Linf]/L2[chunks=1@0,rel=reduced-evaluation,qrm=22016,cqrm=2064,eor=0,in=3856640,out=1069056;witness=ET,s=-,h=-,partial=-,quotient=-,src=canonical,dA=64,sec=Linf]/L3[chunks=1@0,rel=reduced-evaluation,qrm=12288,cqrm=1536,eor=0,in=1069056,out=380928;witness=ET,s=-,h=-,partial=-,quotient=-,src=canonical,dA=64,sec=L2]/L4[chunks=1@0,rel=reduced-evaluation,qrm=12288,cqrm=1536,eor=0,in=380928,out=217088;witness=ET,s=-,h=-,partial=-,quotient=-,src=canonical,dA=64,sec=L2]/L5[chunks=1@0,rel=reduced-evaluation,qrm=9984,cqrm=0,eor=0,in=217088,out=114688;witness=ET,s=-,h=-,partial=-,quotient=-,src=canonical,dA=64,sec=L2]/T[method=ET,src=canonical,eor=0,input=114688,dA=64,sec=L2]
fp128_onehot	final=32:4;precommitted=	a2afe07e7869624cdd9ab4baf165bb0251f452bca51d8a64041fbe6d462a9864	8388608	8388608	72371	7	de3c86fdb9d68b47025b2aee484af486638b4d655a0c7e438196a73b5ed501cb	cutover=L2;L0[chunks=1@0,rel=quotient,qrm=0,cqrm=0,eor=0,in=4294967296,out=84539840;witness=PACK,s=64,h=8,partial=64,quotient=64,src=canonical,dA=512,sec=Linf]/L1[chunks=1@0,rel=quotient,qrm=0,cqrm=0,eor=0,in=84539840,out=5301184;witness=PACK,s=64,h=2,partial=64,quotient=64,src=canonical,dA=128,sec=Linf]/L2[chunks=1@0,rel=reduced-evaluation,qrm=22016,cqrm=2064,eor=0,in=5301184,out=1265664;witness=ET,s=-,h=-,partial=-,quotient=-,src=canonical,dA=64,sec=Linf]/L3[chunks=1@0,rel=reduced-evaluation,qrm=12288,cqrm=1536,eor=0,in=1265664,out=380928;witness=ET,s=-,h=-,partial=-,quotient=-,src=canonical,dA=64,sec=L2]/L4[chunks=1@0,rel=reduced-evaluation,qrm=12288,cqrm=1536,eor=0,in=380928,out=217088;witness=ET,s=-,h=-,partial=-,quotient=-,src=canonical,dA=64,sec=L2]/L5[chunks=1@0,rel=reduced-evaluation,qrm=9984,cqrm=0,eor=0,in=217088,out=114688;witness=ET,s=-,h=-,partial=-,quotient=-,src=canonical,dA=64,sec=L2]/T[method=ET,src=canonical,eor=0,input=114688,dA=64,sec=L2]
fp128_onehot	final=34:2;precommitted=16:1,16:1	5b0ad828da4ebab84158ff1efcf46385e0b62c3d3fa44c7c52636164507d5753	16777216	16777216	72372	7	f7f66b82992dadfd1f89ecfdb282dcabefc4feefc3d0fb1a1ee6ddf5c82761c0	cutover=L2;L0[chunks=1@0,rel=quotient,qrm=0,cqrm=0,eor=0,in=17179869184,out=84587264;witness=PACK,s=128,h=2,partial=128,quotient=128,src=canonical,dA=256,sec=Linf;pre0=PACK,s=64,h=4,partial=64,quotient=64,src=canonical,dA=256,sec=Linf;pre1=PACK,s=64,h=4,partial=64,quotient=64,src=canonical,dA=256,sec=Linf]/L1[chunks=1@0,rel=quotient,qrm=0,cqrm=0,eor=0,in=84587264,out=5301184;witness=PACK,s=64,h=2,partial=64,quotient=64,src=canonical,dA=128,sec=Linf]/L2[chunks=1@0,rel=reduced-evaluation,qrm=22016,cqrm=2064,eor=0,in=5301184,out=1265664;witness=ET,s=-,h=-,partial=-,quotient=-,src=canonical,dA=64,sec=Linf]/L3[chunks=1@0,rel=reduced-evaluation,qrm=12288,cqrm=1536,eor=0,in=1265664,out=380928;witness=ET,s=-,h=-,partial=-,quotient=-,src=canonical,dA=64,sec=L2]/L4[chunks=1@0,rel=reduced-evaluation,qrm=12288,cqrm=1536,eor=0,in=380928,out=217088;witness=ET,s=-,h=-,partial=-,quotient=-,src=canonical,dA=64,sec=L2]/L5[chunks=1@0,rel=reduced-evaluation,qrm=9984,cqrm=0,eor=0,in=217088,out=114688;witness=ET,s=-,h=-,partial=-,quotient=-,src=canonical,dA=64,sec=L2]/T[method=ET,src=canonical,eor=0,input=114688,dA=64,sec=L2]
fp128_onehot	final=36:1;precommitted=	b9f19e5b22668a057b75ac8efda23eb70064baa0dde95e015463454c195a7713	16777216	16777216	73899	7	6ab092b8cdc15177bb12c9c2805789aa3f83c59e52acfc32e4184480b35eb0ab	cutover=L2;L0[chunks=1@0,rel=quotient,qrm=0,cqrm=0,eor=0,in=68719476736,out=168950208;witness=PACK,s=64,h=8,partial=64,quotient=64,src=canonical,dA=512,sec=Linf]/L1[chunks=1@0,rel=quotient,qrm=0,cqrm=0,eor=0,in=168950208,out=6235648;witness=PACK,s=64,h=8,partial=64,quotient=64,src=canonical,dA=512,sec=Linf]/L2[chunks=1@0,rel=reduced-evaluation,qrm=16384,cqrm=1536,eor=0,in=6235648,out=1003520;witness=ET,s=-,h=-,partial=-,quotient=-,src=canonical,dA=64,sec=Linf]/L3[chunks=1@0,rel=reduced-evaluation,qrm=14336,cqrm=1536,eor=0,in=1003520,out=380928;witness=ET,s=-,h=-,partial=-,quotient=-,src=canonical,dA=64,sec=L2]/L4[chunks=1@0,rel=reduced-evaluation,qrm=12288,cqrm=1536,eor=0,in=380928,out=217088;witness=ET,s=-,h=-,partial=-,quotient=-,src=canonical,dA=64,sec=L2]/L5[chunks=1@0,rel=reduced-evaluation,qrm=9984,cqrm=0,eor=0,in=217088,out=114688;witness=ET,s=-,h=-,partial=-,quotient=-,src=canonical,dA=64,sec=L2]/T[method=ET,src=canonical,eor=0,input=114688,dA=64,sec=L2]
fp128_onehot	final=40:1;precommitted=	b5096196e31d7c94b6e34c5a093fd4bb202586423c3e6d14f78920e3d5d954c3	90177536	134217728	74636	7	536633be89c8d3ae899f5cb7cc56515714437046d9ec745d4b928a8c6c4e8371	cutover=L2;L0[chunks=1@0,rel=quotient,qrm=0,cqrm=0,eor=0,in=1099511627776,out=675423360;witness=PACK,s=64,h=8,partial=64,quotient=64,src=canonical,dA=512,sec=Linf]/L1[chunks=1@0,rel=quotient,qrm=0,cqrm=0,eor=0,in=675423360,out=14727424;witness=PACK,s=64,h=2,partial=64,quotient=64,src=canonical,dA=128,sec=Linf]/L2[chunks=1@0,rel=reduced-evaluation,qrm=22016,cqrm=2064,eor=0,in=14727424,out=2052096;witness=ET,s=-,h=-,partial=-,quotient=-,src=canonical,dA=64,sec=Linf]/L3[chunks=1@0,rel=reduced-evaluation,qrm=12288,cqrm=1536,eor=0,in=2052096,out=479232;witness=ET,s=-,h=-,partial=-,quotient=-,src=canonical,dA=64,sec=L2]/L4[chunks=1@0,rel=reduced-evaluation,qrm=12288,cqrm=0,eor=0,in=479232,out=229376;witness=ET,s=-,h=-,partial=-,quotient=-,src=canonical,dA=64,sec=L2]/L5[chunks=1@0,rel=reduced-evaluation,qrm=9984,cqrm=0,eor=0,in=229376,out=114688;witness=ET,s=-,h=-,partial=-,quotient=-,src=canonical,dA=64,sec=L2]/T[method=ET,src=canonical,eor=0,input=114688,dA=64,sec=L2]
fp128_onehot	final=44:1;precommitted=	59108197889e16b1363957b8a7c59570842f3b60502857dee9a4456586d7081e	360710144	536870912	75919	8	fefdc1dec2b713f4f4d8b91a186b37becbdb27cbfc4b01856dbd59b090480197	cutover=L2;L0[chunks=1@0,rel=quotient,qrm=0,cqrm=0,eor=0,in=17592186044416,out=2877435776;witness=PACK,s=128,h=4,partial=128,quotient=128,src=canonical,dA=512,sec=Linf]/L1[chunks=1@0,rel=quotient,qrm=0,cqrm=0,eor=0,in=2877435776,out=32053632;witness=PACK,s=128,h=1,partial=128,quotient=128,src=canonical,dA=128,sec=Linf]/L2[chunks=1@0,rel=reduced-evaluation,qrm=22016,cqrm=2064,eor=0,in=32053632,out=3166208;witness=ET,s=-,h=-,partial=-,quotient=-,src=canonical,dA=64,sec=Linf]/L3[chunks=1@0,rel=reduced-evaluation,qrm=22016,cqrm=2064,eor=0,in=3166208,out=1003520;witness=ET,s=-,h=-,partial=-,quotient=-,src=canonical,dA=64,sec=Linf]/L4[chunks=1@0,rel=reduced-evaluation,qrm=12288,cqrm=1536,eor=0,in=1003520,out=348160;witness=ET,s=-,h=-,partial=-,quotient=-,src=canonical,dA=64,sec=L2]/L5[chunks=1@0,rel=reduced-evaluation,qrm=12288,cqrm=1536,eor=0,in=348160,out=217088;witness=ET,s=-,h=-,partial=-,quotient=-,src=canonical,dA=64,sec=L2]/L6[chunks=1@0,rel=reduced-evaluation,qrm=9984,cqrm=0,eor=0,in=217088,out=114688;witness=ET,s=-,h=-,partial=-,quotient=-,src=canonical,dA=64,sec=L2]/T[method=ET,src=canonical,eor=0,input=114688,dA=64,sec=L2]
fp128_onehot	final=50:1;precommitted=	270f16c2966b092473ac7c4025e71c8e4bb127f40148ad4d279309ce24502a77	2885681152	4294967296	76730	8	5ea14efc02bb1ac3dc904fc3bd2eab66a0128cd0a4fe69c2c7b929c8b8dea370	cutover=L2;L0[chunks=1@0,rel=quotient,qrm=0,cqrm=0,eor=0,in=1125899906842624,out=23723123840;witness=PACK,s=64,h=8,partial=64,quotient=64,src=canonical,dA=512,sec=Linf]/L1[chunks=1@0,rel=quotient,qrm=0,cqrm=0,eor=0,in=23723123840,out=104394368;witness=PACK,s=128,h=1,partial=128,quotient=128,src=canonical,dA=128,sec=Linf]/L2[chunks=1@0,rel=reduced-evaluation,qrm=22016,cqrm=2064,eor=0,in=104394368,out=5525504;witness=ET,s=-,h=-,partial=-,quotient=-,src=canonical,dA=64,sec=Linf]/L3[chunks=1@0,rel=reduced-evaluation,qrm=22016,cqrm=2064,eor=0,in=5525504,out=1265664;witness=ET,s=-,h=-,partial=-,quotient=-,src=canonical,dA=64,sec=Linf]/L4[chunks=1@0,rel=reduced-evaluation,qrm=12288,cqrm=1536,eor=0,in=1265664,out=380928;witness=ET,s=-,h=-,partial=-,quotient=-,src=canonical,dA=64,sec=L2]/L5[chunks=1@0,rel=reduced-evaluation,qrm=12288,cqrm=1536,eor=0,in=380928,out=217088;witness=ET,s=-,h=-,partial=-,quotient=-,src=canonical,dA=64,sec=L2]/L6[chunks=1@0,rel=reduced-evaluation,qrm=9984,cqrm=0,eor=0,in=217088,out=114688;witness=ET,s=-,h=-,partial=-,quotient=-,src=canonical,dA=64,sec=L2]/T[method=ET,src=canonical,eor=0,input=114688,dA=64,sec=L2]
fp128_onehot_multi_chunk	final=16:1;precommitted=	619d5acd56307a5aff5911635e36969a167028482b33cc55f9f90598a55554be	327680	131072	78375	6	2216048fb069f84d6fb9241e3a48de1209cdcff88ca58de687fd2dad90fb1833	cutover=L2;L0[chunks=8@2,rel=quotient,qrm=0,cqrm=0,eor=0,in=65536,out=1178048;witness=PACK,s=64,h=8,partial=64,quotient=64,src=canonical,dA=512,sec=Linf]/L1[chunks=8@2,rel=quotient,qrm=0,cqrm=0,eor=0,in=1178048,out=1159040;witness=PACK,s=64,h=1,partial=64,quotient=64,src=canonical,dA=64,sec=Linf]/L2[chunks=1@0,rel=reduced-evaluation,qrm=11264,cqrm=1056,eor=0,in=1159040,out=315392;witness=ET,s=-,h=-,partial=-,quotient=-,src=canonical,dA=64,sec=Linf]/L3[chunks=1@0,rel=reduced-evaluation,qrm=9856,cqrm=0,eor=0,in=315392,out=147456;witness=ET,s=-,h=-,partial=-,quotient=-,src=canonical,dA=64,sec=Linf]/L4[chunks=1@0,rel=reduced-evaluation,qrm=9856,cqrm=0,eor=0,in=147456,out=98304;witness=ET,s=-,h=-,partial=-,quotient=-,src=canonical,dA=64,sec=Linf]/T[method=ET,src=canonical,eor=0,input=98304,dA=64,sec=L2]
fp128_onehot_multi_chunk	final=32:1;precommitted=	47272635f2438376271d1b13f43ae0fbb70effc54ee431f53fae213a90ff22bc	4194304	4194304	75166	7	5b355d511ab6f797dee8e98f0285da56adbc9aa2d54d4ba010e3dd02b83d22ea	cutover=L2;L0[chunks=8@2,rel=quotient,qrm=0,cqrm=0,eor=0,in=4294967296,out=128055744;witness=PACK,s=64,h=8,partial=64,quotient=64,src=canonical,dA=512,sec=Linf]/L1[chunks=8@2,rel=quotient,qrm=0,cqrm=0,eor=0,in=128055744,out=18998336;witness=PACK,s=64,h=2,partial=64,quotient=64,src=canonical,dA=128,sec=Linf]/L2[chunks=1@0,rel=reduced-evaluation,qrm=16384,cqrm=1536,eor=0,in=18998336,out=1724416;witness=ET,s=-,h=-,partial=-,quotient=-,src=canonical,dA=64,sec=Linf]/L3[chunks=1@0,rel=reduced-evaluation,qrm=14336,cqrm=1536,eor=0,in=1724416,out=512000;witness=ET,s=-,h=-,partial=-,quotient=-,src=canonical,dA=64,sec=L2]/L4[chunks=1@0,rel=reduced-evaluation,qrm=12288,cqrm=0,eor=0,in=512000,out=229376;witness=ET,s=-,h=-,partial=-,quotient=-,src=canonical,dA=64,sec=L2]/L5[chunks=1@0,rel=reduced-evaluation,qrm=9984,cqrm=0,eor=0,in=229376,out=114688;witness=ET,s=-,h=-,partial=-,quotient=-,src=canonical,dA=64,sec=L2]/T[method=ET,src=canonical,eor=0,input=114688,dA=64,sec=L2]
fp128_onehot_multi_chunk	final=32:2;precommitted=16:1,16:1	b1af2baa3f1cd4c8a77d92f88734bab4403d9377dcccfa4f885822f132506dc6	5812224	8388608	75455	8	15dccab52a69d2ec9d452a00d6774bd5ee56f44920db699cf3667d37068650df	cutover=L2;L0[chunks=8@2,rel=quotient,qrm=0,cqrm=0,eor=0,in=4294967296,out=153452544;witness=PACK,s=64,h=8,partial=64,quotient=64,src=canonical,dA=512,sec=Linf;pre0=PACK,s=64,h=8,partial=64,quotient=64,src=canonical,dA=512,sec=Linf;pre1=PACK,s=64,h=8,partial=64,quotient=64,src=canonical,dA=512,sec=Linf]/L1[chunks=8@2,rel=quotient,qrm=0,cqrm=0,eor=0,in=153452544,out=21095488;witness=PACK,s=64,h=1,partial=64,quotient=64,src=canonical,dA=64,sec=Linf]/L2[chunks=1@0,rel=reduced-evaluation,qrm=22016,cqrm=2064,eor=0,in=21095488,out=2510848;witness=ET,s=-,h=-,partial=-,quotient=-,src=canonical,dA=64,sec=Linf]/L3[chunks=1@0,rel=reduced-evaluation,qrm=22016,cqrm=2064,eor=0,in=2510848,out=937984;witness=ET,s=-,h=-,partial=-,quotient=-,src=canonical,dA=64,sec=Linf]/L4[chunks=1@0,rel=reduced-evaluation,qrm=12288,cqrm=1536,eor=0,in=937984,out=348160;witness=ET,s=-,h=-,partial=-,quotient=-,src=canonical,dA=64,sec=L2]/L5[chunks=1@0,rel=reduced-evaluation,qrm=12288,cqrm=1536,eor=0,in=348160,out=217088;witness=ET,s=-,h=-,partial=-,quotient=-,src=canonical,dA=64,sec=L2]/L6[chunks=1@0,rel=reduced-evaluation,qrm=9984,cqrm=0,eor=0,in=217088,out=114688;witness=ET,s=-,h=-,partial=-,quotient=-,src=canonical,dA=64,sec=L2]/T[method=ET,src=canonical,eor=0,input=114688,dA=64,sec=L2]
fp128_onehot_multi_chunk	final=34:2;precommitted=16:1,16:1	418bce9bd474b57ce061831417be3dd051d57be5e5b7d7bdc9cb550f40527ae6	16777216	16777216	75571	8	933242478dae9cb87ceeff29f6806447daae2ebe86c7ff0ef8cf6065504f689b	cutover=L2;L0[chunks=8@2,rel=quotient,qrm=0,cqrm=0,eor=0,in=17179869184,out=306544640;witness=PACK,s=64,h=4,partial=64,quotient=64,src=canonical,dA=256,sec=Linf;pre0=PACK,s=64,h=8,partial=64,quotient=64,src=canonical,dA=512,sec=Linf;pre1=PACK,s=64,h=8,partial=64,quotient=64,src=canonical,dA=512,sec=Linf]/L1[chunks=8@2,rel=quotient,qrm=0,cqrm=0,eor=0,in=306544640,out=29484096;witness=PACK,s=64,h=2,partial=64,quotient=64,src=canonical,dA=128,sec=Linf]/L2[chunks=1@0,rel=reduced-evaluation,qrm=22016,cqrm=2064,eor=0,in=29484096,out=3035136;witness=ET,s=-,h=-,partial=-,quotient=-,src=canonical,dA=64,sec=Linf]/L3[chunks=1@0,rel=reduced-evaluation,qrm=22016,cqrm=2064,eor=0,in=3035136,out=1003520;witness=ET,s=-,h=-,partial=-,quotient=-,src=canonical,dA=64,sec=Linf]/L4[chunks=1@0,rel=reduced-evaluation,qrm=12288,cqrm=1536,eor=0,in=1003520,out=348160;witness=ET,s=-,h=-,partial=-,quotient=-,src=canonical,dA=64,sec=L2]/L5[chunks=1@0,rel=reduced-evaluation,qrm=12288,cqrm=1536,eor=0,in=348160,out=217088;witness=ET,s=-,h=-,partial=-,quotient=-,src=canonical,dA=64,sec=L2]/L6[chunks=1@0,rel=reduced-evaluation,qrm=9984,cqrm=0,eor=0,in=217088,out=114688;witness=ET,s=-,h=-,partial=-,quotient=-,src=canonical,dA=64,sec=L2]/T[method=ET,src=canonical,eor=0,input=114688,dA=64,sec=L2]
fp128_onehot_multi_chunk_w2r2	final=14:1;precommitted=	235fdc37cb4e83e243a17cafde8597967ef2316443a2656dee73a57dc55cac8e	131072	32768	72621	5	82bc87f4c155f53933f95835e38918c6a215f6a0d36ddcdc28bb833a2b238079	cutover=L2;L0[chunks=2@2,rel=quotient,qrm=0,cqrm=0,eor=0,in=16384,out=260544;witness=PACK,s=64,h=8,partial=64,quotient=64,src=canonical,dA=512,sec=Linf]/L1[chunks=2@2,rel=quotient,qrm=0,cqrm=0,eor=0,in=260544,out=272640;witness=PACK,s=64,h=4,partial=64,quotient=64,src=canonical,dA=256,sec=Linf]/L2[chunks=1@0,rel=reduced-evaluation,qrm=9856,cqrm=0,eor=0,in=272640,out=131072;witness=ET,s=-,h=-,partial=-,quotient=-,src=canonical,dA=64,sec=Linf]/L3[chunks=1@0,rel=reduced-evaluation,qrm=9856,cqrm=0,eor=0,in=131072,out=98304;witness=ET,s=-,h=-,partial=-,quotient=-,src=canonical,dA=64,sec=Linf]/T[method=ET,src=canonical,eor=0,input=98304,dA=64,sec=L2]
fp128_onehot_multi_chunk_w2r2	final=14:1;precommitted=14:1	e991695d9b1b47abc74767d72e83196911af3d6dfc4b52e3e51caf5e67280563	163840	32768	68259	6	e82b1816fa8dc69abe84c676fb71c8a100cc51f05bb44321bcbe8f05b774de2e	cutover=L2;L0[chunks=2@2,rel=quotient,qrm=0,cqrm=0,eor=0,in=16384,out=430592;witness=PACK,s=64,h=4,partial=64,quotient=64,src=canonical,dA=256,sec=Linf;pre0=PACK,s=64,h=8,partial=64,quotient=64,src=canonical,dA=512,sec=Linf]/L1[chunks=2@2,rel=quotient,qrm=0,cqrm=0,eor=0,in=430592,out=464384;witness=PACK,s=64,h=1,partial=64,quotient=64,src=canonical,dA=64,sec=Linf]/L2[chunks=1@0,rel=reduced-evaluation,qrm=14336,cqrm=1536,eor=0,in=464384,out=282624;witness=ET,s=-,h=-,partial=-,quotient=-,src=canonical,dA=64,sec=Linf]/L3[chunks=1@0,rel=reduced-evaluation,qrm=14336,cqrm=1536,eor=0,in=282624,out=217088;witness=ET,s=-,h=-,partial=-,quotient=-,src=canonical,dA=64,sec=Linf]/L4[chunks=1@0,rel=reduced-evaluation,qrm=9984,cqrm=0,eor=0,in=217088,out=114688;witness=ET,s=-,h=-,partial=-,quotient=-,src=canonical,dA=64,sec=L2]/T[method=ET,src=canonical,eor=0,input=114688,dA=64,sec=L2]
fp128_onehot_multi_chunk_w2r2	final=32:1;precommitted=	47272635f2438376271d1b13f43ae0fbb70effc54ee431f53fae213a90ff22bc	4194304	4194304	72253	7	47d9430f817db45e666b478b3519aa6b9f044f0704a48bea7be131f6dff01a8a	cutover=L2;L0[chunks=2@2,rel=quotient,qrm=0,cqrm=0,eor=0,in=4294967296,out=50985408;witness=PACK,s=64,h=8,partial=64,quotient=64,src=canonical,dA=512,sec=Linf]/L1[chunks=2@2,rel=quotient,qrm=0,cqrm=0,eor=0,in=50985408,out=5582464;witness=PACK,s=64,h=1,partial=64,quotient=64,src=canonical,dA=64,sec=Linf]/L2[chunks=1@0,rel=reduced-evaluation,qrm=22016,cqrm=2064,eor=0,in=5582464,out=1265664;witness=ET,s=-,h=-,partial=-,quotient=-,src=canonical,dA=64,sec=Linf]/L3[chunks=1@0,rel=reduced-evaluation,qrm=12288,cqrm=1536,eor=0,in=1265664,out=380928;witness=ET,s=-,h=-,partial=-,quotient=-,src=canonical,dA=64,sec=L2]/L4[chunks=1@0,rel=reduced-evaluation,qrm=12288,cqrm=1536,eor=0,in=380928,out=217088;witness=ET,s=-,h=-,partial=-,quotient=-,src=canonical,dA=64,sec=L2]/L5[chunks=1@0,rel=reduced-evaluation,qrm=9984,cqrm=0,eor=0,in=217088,out=114688;witness=ET,s=-,h=-,partial=-,quotient=-,src=canonical,dA=64,sec=L2]/T[method=ET,src=canonical,eor=0,input=114688,dA=64,sec=L2]
fp128_onehot_multi_chunk_w4r2	final=32:1;precommitted=	47272635f2438376271d1b13f43ae0fbb70effc54ee431f53fae213a90ff22bc	4194304	4194304	74288	7	1333c38878ad6cc7543227ebc50fcd543e91be95dc9ff82e1f45e66cc25ab313	cutover=L2;L0[chunks=4@2,rel=quotient,qrm=0,cqrm=0,eor=0,in=4294967296,out=76675520;witness=PACK,s=64,h=8,partial=64,quotient=64,src=canonical,dA=512,sec=Linf]/L1[chunks=4@2,rel=quotient,qrm=0,cqrm=0,eor=0,in=76675520,out=10609728;witness=PACK,s=64,h=2,partial=64,quotient=64,src=canonical,dA=128,sec=Linf]/L2[chunks=1@0,rel=reduced-evaluation,qrm=22016,cqrm=2064,eor=0,in=10609728,out=1789952;witness=ET,s=-,h=-,partial=-,quotient=-,src=canonical,dA=64,sec=Linf]/L3[chunks=1@0,rel=reduced-evaluation,qrm=12288,cqrm=1536,eor=0,in=1789952,out=446464;witness=ET,s=-,h=-,partial=-,quotient=-,src=canonical,dA=64,sec=L2]/L4[chunks=1@0,rel=reduced-evaluation,qrm=12288,cqrm=0,eor=0,in=446464,out=229376;witness=ET,s=-,h=-,partial=-,quotient=-,src=canonical,dA=64,sec=L2]/L5[chunks=1@0,rel=reduced-evaluation,qrm=9984,cqrm=0,eor=0,in=229376,out=114688;witness=ET,s=-,h=-,partial=-,quotient=-,src=canonical,dA=64,sec=L2]/T[method=ET,src=canonical,eor=0,input=114688,dA=64,sec=L2]
fp128_onehot_recursive	final=32:2;precommitted=16:1,16:1	068b89a74af4c3257adddb7b144ac88d3a0d90546ef747237e12d867d6ec54e2	8388608	2097152	76250	7	c0103b39f4ece852c19ee83eaeacbd190b1901de3f2c577394e8855c5f55957e	cutover=L2;L0[chunks=1@0,rel=quotient,qrm=0,cqrm=0,eor=0,in=4294967296,out=42682624;witness=PACK,s=128,h=2,partial=128,quotient=128,src=canonical,dA=256,sec=Linf;pre0=PACK,s=128,h=2,partial=128,quotient=128,src=canonical,dA=256,sec=Linf;pre1=PACK,s=128,h=2,partial=128,quotient=128,src=canonical,dA=256,sec=Linf]/L1[chunks=1@0,rel=quotient,qrm=0,cqrm=0,eor=0,in=42682624,out=9810176;witness=PACK,s=128,h=2,partial=128,quotient=128,src=canonical,dA=256,sec=Linf;prefix=PACK,s=128,h=2,partial=128,quotient=128,src=canonical,dA=256,sec=Linf]/L2[chunks=1@0,rel=reduced-evaluation,qrm=16384,cqrm=1536,eor=0,in=9810176,out=1331200;witness=ET,s=-,h=-,partial=-,quotient=-,src=canonical,dA=64,sec=Linf]/L3[chunks=1@0,rel=reduced-evaluation,qrm=16384,cqrm=1536,eor=0,in=1331200,out=479232;witness=ET,s=-,h=-,partial=-,quotient=-,src=canonical,dA=64,sec=Linf]/L4[chunks=1@0,rel=reduced-evaluation,qrm=12288,cqrm=0,eor=0,in=479232,out=229376;witness=ET,s=-,h=-,partial=-,quotient=-,src=canonical,dA=64,sec=L2]/L5[chunks=1@0,rel=reduced-evaluation,qrm=9984,cqrm=0,eor=0,in=229376,out=114688;witness=ET,s=-,h=-,partial=-,quotient=-,src=canonical,dA=64,sec=L2]/T[method=ET,src=canonical,eor=0,input=114688,dA=64,sec=L2]
fp128_onehot_recursive	final=34:2;precommitted=16:1,16:1	5b0ad828da4ebab84158ff1efcf46385e0b62c3d3fa44c7c52636164507d5753	16777216	2097152	90263	8	700053e95fa6b646f8d6803b57f4ab35ef12f3a1e00dcc97647663d46923577f	cutover=L2;L0[chunks=1@0,rel=quotient,qrm=0,cqrm=0,eor=0,in=17179869184,out=107225088;witness=PACK,s=128,h=4,partial=128,quotient=128,src=canonical,dA=512,sec=Linf;pre0=PACK,s=128,h=2,partial=128,quotient=128,src=canonical,dA=256,sec=Linf;pre1=PACK,s=128,h=2,partial=128,quotient=128,src=canonical,dA=256,sec=Linf]/L1[chunks=1@0,rel=quotient,qrm=0,cqrm=0,eor=0,in=107225088,out=13479936;witness=PACK,s=512,h=1,partial=512,quotient=512,src=canonical,dA=512,sec=Linf;prefix=PACK,s=512,h=1,partial=512,quotient=512,src=canonical,dA=512,sec=Linf]/L2[chunks=1@0,rel=reduced-evaluation,qrm=15488,cqrm=1056,eor=0,in=13479936,out=1404928;witness=ET,s=-,h=-,partial=-,quotient=-,src=canonical,dA=64,sec=Linf]/L3[chunks=1@0,rel=reduced-evaluation,qrm=14080,cqrm=1056,eor=0,in=1404928,out=479232;witness=ET,s=-,h=-,partial=-,quotient=-,src=canonical,dA=64,sec=Linf]/L4[chunks=1@0,rel=reduced-evaluation,qrm=11264,cqrm=1056,eor=0,in=479232,out=249856;witness=ET,s=-,h=-,partial=-,quotient=-,src=canonical,dA=64,sec=Linf]/L5[chunks=1@0,rel=reduced-evaluation,qrm=9856,cqrm=0,eor=0,in=249856,out=131072;witness=ET,s=-,h=-,partial=-,quotient=-,src=canonical,dA=64,sec=Linf]/L6[chunks=1@0,rel=reduced-evaluation,qrm=9856,cqrm=0,eor=0,in=131072,out=98304;witness=ET,s=-,h=-,partial=-,quotient=-,src=canonical,dA=64,sec=Linf]/T[method=ET,src=canonical,eor=0,input=98304,dA=64,sec=L2]
fp128_onehot_recursive	final=36:1;precommitted=	b9f19e5b22668a057b75ac8efda23eb70064baa0dde95e015463454c195a7713	16777216	4194304	76526	7	9d8db5958802e5a8d15e661f99857df21b7861d7a587efef5da6133b7ec45179	cutover=L2;L0[chunks=1@0,rel=quotient,qrm=0,cqrm=0,eor=0,in=68719476736,out=168950208;witness=PACK,s=64,h=8,partial=64,quotient=64,src=canonical,dA=512,sec=Linf]/L1[chunks=1@0,rel=quotient,qrm=0,cqrm=0,eor=0,in=168950208,out=14227712;witness=PACK,s=64,h=2,partial=64,quotient=64,src=canonical,dA=128,sec=Linf;prefix=PACK,s=64,h=2,partial=64,quotient=64,src=canonical,dA=128,sec=Linf]/L2[chunks=1@0,rel=reduced-evaluation,qrm=16384,cqrm=1536,eor=0,in=14227712,out=1527808;witness=ET,s=-,h=-,partial=-,quotient=-,src=canonical,dA=64,sec=Linf]/L3[chunks=1@0,rel=reduced-evaluation,qrm=16384,cqrm=1536,eor=0,in=1527808,out=512000;witness=ET,s=-,h=-,partial=-,quotient=-,src=canonical,dA=64,sec=Linf]/L4[chunks=1@0,rel=reduced-evaluation,qrm=12288,cqrm=0,eor=0,in=512000,out=229376;witness=ET,s=-,h=-,partial=-,quotient=-,src=canonical,dA=64,sec=L2]/L5[chunks=1@0,rel=reduced-evaluation,qrm=9984,cqrm=0,eor=0,in=229376,out=114688;witness=ET,s=-,h=-,partial=-,quotient=-,src=canonical,dA=64,sec=L2]/T[method=ET,src=canonical,eor=0,input=114688,dA=64,sec=L2]
fp128_onehot_recursive_multi_chunk_w8r2	final=32:2;precommitted=16:1,16:1	b1af2baa3f1cd4c8a77d92f88734bab4403d9377dcccfa4f885822f132506dc6	8388608	4194304	78461	8	4726db2667199785bbea57d48d85bbc44de0c8ae648e2152b47bea7813d5e213	cutover=L2;L0[chunks=8@2,rel=quotient,qrm=0,cqrm=0,eor=0,in=4294967296,out=153452544;witness=PACK,s=64,h=4,partial=64,quotient=64,src=canonical,dA=256,sec=Linf;pre0=PACK,s=64,h=8,partial=64,quotient=64,src=canonical,dA=512,sec=Linf;pre1=PACK,s=64,h=8,partial=64,quotient=64,src=canonical,dA=512,sec=Linf]/L1[chunks=8@2,rel=quotient,qrm=0,cqrm=0,eor=0,in=153452544,out=33646848;witness=PACK,s=64,h=2,partial=64,quotient=64,src=canonical,dA=128,sec=Linf;prefix=PACK,s=64,h=2,partial=64,quotient=64,src=canonical,dA=128,sec=Linf]/L2[chunks=1@0,rel=reduced-evaluation,qrm=18432,cqrm=1536,eor=0,in=33646848,out=3035136;witness=ET,s=-,h=-,partial=-,quotient=-,src=canonical,dA=64,sec=Linf]/L3[chunks=1@0,rel=reduced-evaluation,qrm=16384,cqrm=1536,eor=0,in=3035136,out=708608;witness=ET,s=-,h=-,partial=-,quotient=-,src=canonical,dA=64,sec=Linf]/L4[chunks=1@0,rel=reduced-evaluation,qrm=14336,cqrm=1536,eor=0,in=708608,out=348160;witness=ET,s=-,h=-,partial=-,quotient=-,src=canonical,dA=64,sec=Linf]/L5[chunks=1@0,rel=reduced-evaluation,qrm=12288,cqrm=1536,eor=0,in=348160,out=217088;witness=ET,s=-,h=-,partial=-,quotient=-,src=canonical,dA=64,sec=L2]/L6[chunks=1@0,rel=reduced-evaluation,qrm=9984,cqrm=0,eor=0,in=217088,out=114688;witness=ET,s=-,h=-,partial=-,quotient=-,src=canonical,dA=64,sec=L2]/T[method=ET,src=canonical,eor=0,input=114688,dA=64,sec=L2]
fp128_onehot_recursive_multi_chunk_w8r2	final=34:2;precommitted=16:1,16:1	418bce9bd474b57ce061831417be3dd051d57be5e5b7d7bdc9cb550f40527ae6	16777216	4194304	81680	8	80f44ea5acff1c7c6b5cd375415758783aaf7e7f300409d4bdf94804ef07b01c	cutover=L3;L0[chunks=8@2,rel=quotient,qrm=0,cqrm=0,eor=0,in=17179869184,out=306544640;witness=PACK,s=64,h=4,partial=64,quotient=64,src=canonical,dA=256,sec=Linf;pre0=PACK,s=64,h=8,partial=64,quotient=64,src=canonical,dA=512,sec=Linf;pre1=PACK,s=64,h=8,partial=64,quotient=64,src=canonical,dA=512,sec=Linf]/L1[chunks=8@2,rel=quotient,qrm=0,cqrm=0,eor=0,in=306544640,out=46760192;witness=PACK,s=64,h=1,partial=64,quotient=64,src=canonical,dA=64,sec=Linf;prefix=PACK,s=64,h=1,partial=64,quotient=64,src=canonical,dA=64,sec=Linf]/L2[chunks=1@0,rel=quotient,qrm=0,cqrm=0,eor=0,in=46760192,out=8978688;witness=ET,s=-,h=-,partial=-,quotient=-,src=canonical,dA=64,sec=Linf;prefix=ET,s=-,h=-,partial=-,quotient=-,src=canonical,dA=64,sec=Linf]/L3[chunks=1@0,rel=reduced-evaluation,qrm=16384,cqrm=1536,eor=0,in=8978688,out=1265664;witness=ET,s=-,h=-,partial=-,quotient=-,src=canonical,dA=64,sec=Linf]/L4[chunks=1@0,rel=reduced-evaluation,qrm=16384,cqrm=1536,eor=0,in=1265664,out=479232;witness=ET,s=-,h=-,partial=-,quotient=-,src=canonical,dA=64,sec=Linf]/L5[chunks=1@0,rel=reduced-evaluation,qrm=12288,cqrm=0,eor=0,in=479232,out=229376;witness=ET,s=-,h=-,partial=-,quotient=-,src=canonical,dA=64,sec=L2]/L6[chunks=1@0,rel=reduced-evaluation,qrm=9984,cqrm=0,eor=0,in=229376,out=114688;witness=ET,s=-,h=-,partial=-,quotient=-,src=canonical,dA=64,sec=L2]/T[method=ET,src=canonical,eor=0,input=114688,dA=64,sec=L2]
fp32_dense	final=20:1;precommitted=	7e615f063166da9e18d6e9eacc305f7128e85099f64b8b48278e935e02e876fe	524288	131072	63410	6	5baad4f3bc336dc8bd157b35f00dba457de328b4b45ba899ca896b9917fc0ce6	cutover=L2;L0[chunks=1@0,rel=quotient,qrm=0,cqrm=0,eor=0,in=1048576,out=1769024;witness=PACK,s=64,h=8,partial=256,quotient=256,src=canonical,dA=2048,sec=Linf]/L1[chunks=1@0,rel=quotient,qrm=0,cqrm=0,eor=0,in=1769024,out=777088;witness=PACK,s=128,h=1,partial=512,quotient=512,src=canonical,dA=512,sec=Linf]/L2[chunks=1@0,rel=reduced-evaluation,qrm=12288,cqrm=1536,eor=656,in=777088,out=344064;witness=ET,s=-,h=-,partial=-,quotient=-,src=tensor-k4,dA=128,sec=Linf]/L3[chunks=1@0,rel=reduced-evaluation,qrm=10752,cqrm=0,eor=624,in=344064,out=147456;witness=ET,s=-,h=-,partial=-,quotient=-,src=tensor-k4,dA=128,sec=Linf]/L4[chunks=1@0,rel=reduced-evaluation,qrm=8448,cqrm=0,eor=592,in=147456,out=81920;witness=ET,s=-,h=-,partial=-,quotient=-,src=tensor-k4,dA=128,sec=L2]/T[method=ET,src=tensor-k4,eor=560,input=81920,dA=128,sec=L2]
fp32_dense	final=20:1;precommitted=20:1	c1c8cc48e7b2f6ccce87fe79e055aa2b7bb1c720907c7533780b767bd93d8ecf	458752	262144	63838	6	6edfd448302019c76dc93ce04f0a7378c74d995a69c3cf40cf7a93eaa482b482	cutover=L2;L0[chunks=1@0,rel=quotient,qrm=0,cqrm=0,eor=0,in=1048576,out=3481600;witness=PACK,s=64,h=8,partial=256,quotient=256,src=canonical,dA=2048,sec=Linf;pre0=PACK,s=64,h=8,partial=256,quotient=256,src=canonical,dA=2048,sec=Linf]/L1[chunks=1@0,rel=quotient,qrm=0,cqrm=0,eor=0,in=3481600,out=1039232;witness=PACK,s=128,h=2,partial=512,quotient=512,src=canonical,dA=1024,sec=Linf]/L2[chunks=1@0,rel=reduced-evaluation,qrm=10752,cqrm=1344,eor=656,in=1039232,out=282624;witness=ET,s=-,h=-,partial=-,quotient=-,src=tensor-k4,dA=128,sec=Linf]/L3[chunks=1@0,rel=reduced-evaluation,qrm=8448,cqrm=1152,eor=624,in=282624,out=135168;witness=ET,s=-,h=-,partial=-,quotient=-,src=tensor-k4,dA=128,sec=L2]/L4[chunks=1@0,rel=reduced-evaluation,qrm=8448,cqrm=0,eor=592,in=135168,out=81920;witness=ET,s=-,h=-,partial=-,quotient=-,src=tensor-k4,dA=128,sec=L2]/T[method=ET,src=tensor-k4,eor=560,input=81920,dA=128,sec=L2]
fp32_dense	final=26:1;precommitted=	c93e949f727a2db762f7dbfe2fcdcdc29cf0a3b5fd10f76b3019de436810bc9b	1310720	1048576	65773	6	126daad00b2a4ed88ab4e7a53329f6b0214b8e5e429be23a05667191f6d1d210	cutover=L2;L0[chunks=1@0,rel=quotient,qrm=0,cqrm=0,eor=0,in=67108864,out=12975680;witness=PACK,s=64,h=8,partial=256,quotient=256,src=canonical,dA=2048,sec=Linf]/L1[chunks=1@0,rel=quotient,qrm=0,cqrm=0,eor=0,in=12975680,out=1945664;witness=PACK,s=64,h=1,partial=256,quotient=256,src=canonical,dA=256,sec=Linf]/L2[chunks=1@0,rel=reduced-evaluation,qrm=10752,cqrm=1344,eor=688,in=1945664,out=380928;witness=ET,s=-,h=-,partial=-,quotient=-,src=tensor-k4,dA=128,sec=Linf]/L3[chunks=1@0,rel=reduced-evaluation,qrm=8448,cqrm=0,eor=624,in=380928,out=131072;witness=ET,s=-,h=-,partial=-,quotient=-,src=tensor-k4,dA=128,sec=L2]/L4[chunks=1@0,rel=reduced-evaluation,qrm=9216,cqrm=0,eor=560,in=131072,out=81920;witness=ET,s=-,h=-,partial=-,quotient=-,src=tensor-k4,dA=128,sec=L2]/T[method=ET,src=tensor-k4,eor=560,input=81920,dA=128,sec=L2]
fp32_dense	final=28:1;precommitted=	a46de3bb37f42fa48a71b95f2322aad4c4e9c8626b40c631cd6537cb251072a1	2883584	4194304	67489	7	6d9e453171dcb4e02541d22e868af86fc3601a62ed8360270e9ee69d41560ccb	cutover=L2;L0[chunks=1@0,rel=quotient,qrm=0,cqrm=0,eor=0,in=268435456,out=27090304;witness=PACK,s=128,h=4,partial=512,quotient=512,src=canonical,dA=2048,sec=Linf]/L1[chunks=1@0,rel=quotient,qrm=0,cqrm=0,eor=0,in=27090304,out=3226688;witness=PACK,s=64,h=2,partial=256,quotient=256,src=canonical,dA=512,sec=Linf]/L2[chunks=1@0,rel=reduced-evaluation,qrm=16896,cqrm=2112,eor=720,in=3226688,out=868352;witness=ET,s=-,h=-,partial=-,quotient=-,src=tensor-k4,dA=128,sec=Linf]/L3[chunks=1@0,rel=reduced-evaluation,qrm=13312,cqrm=1536,eor=656,in=868352,out=348160;witness=ET,s=-,h=-,partial=-,quotient=-,src=tensor-k4,dA=128,sec=Linf]/L4[chunks=1@0,rel=reduced-evaluation,qrm=10752,cqrm=0,eor=624,in=348160,out=147456;witness=ET,s=-,h=-,partial=-,quotient=-,src=tensor-k4,dA=128,sec=Linf]/L5[chunks=1@0,rel=reduced-evaluation,qrm=8448,cqrm=0,eor=592,in=147456,out=81920;witness=ET,s=-,h=-,partial=-,quotient=-,src=tensor-k4,dA=128,sec=L2]/T[method=ET,src=tensor-k4,eor=560,input=81920,dA=128,sec=L2]
fp32_dense	final=30:1;precommitted=	0661c6ea7796b195873f4f0afc34e1f8ab8b773648907a24b0f5110247bb10d2	5767168	8388608	67915	7	3a44c3476d610c72903b8a7e882de5d2ad34bd85681a9fd1e052258ae9e3787f	cutover=L2;L0[chunks=1@0,rel=quotient,qrm=0,cqrm=0,eor=0,in=1073741824,out=58285440;witness=PACK,s=128,h=4,partial=512,quotient=512,src=canonical,dA=2048,sec=Linf]/L1[chunks=1@0,rel=quotient,qrm=0,cqrm=0,eor=0,in=58285440,out=4108352;witness=PACK,s=64,h=1,partial=256,quotient=256,src=canonical,dA=256,sec=Linf]/L2[chunks=1@0,rel=reduced-evaluation,qrm=16896,cqrm=2112,eor=720,in=4108352,out=999424;witness=ET,s=-,h=-,partial=-,quotient=-,src=tensor-k4,dA=128,sec=Linf]/L3[chunks=1@0,rel=reduced-evaluation,qrm=10752,cqrm=1344,eor=656,in=999424,out=282624;witness=ET,s=-,h=-,partial=-,quotient=-,src=tensor-k4,dA=128,sec=Linf]/L4[chunks=1@0,rel=reduced-evaluation,qrm=8448,cqrm=1152,eor=624,in=282624,out=135168;witness=ET,s=-,h=-,partial=-,quotient=-,src=tensor-k4,dA=128,sec=L2]/L5[chunks=1@0,rel=reduced-evaluation,qrm=8448,cqrm=0,eor=592,in=135168,out=81920;witness=ET,s=-,h=-,partial=-,quotient=-,src=tensor-k4,dA=128,sec=L2]/T[method=ET,src=tensor-k4,eor=560,input=81920,dA=128,sec=L2]
fp32_dense_recursive	final=20:1;precommitted=	7e615f063166da9e18d6e9eacc305f7128e85099f64b8b48278e935e02e876fe	131072	131072	165307	3	b01ca256590ca3cd086b97e24806d10c737c79bd77399bafe9704652e1c8d131	cutover=none;L0[chunks=1@0,rel=quotient,qrm=0,cqrm=0,eor=0,in=1048576,out=1769024;witness=PACK,s=64,h=8,partial=256,quotient=256,src=canonical,dA=2048,sec=Linf]/L1[chunks=1@0,rel=quotient,qrm=0,cqrm=0,eor=0,in=1769024,out=472192;witness=PACK,s=128,h=2,partial=512,quotient=512,src=canonical,dA=1024,sec=Linf]/T[method=ET,src=tensor-k4,eor=624,input=472192,dA=128,sec=Linf]
fp32_dense_recursive	final=22:1;precommitted=	43c57a9c37004f9565033f2c8ae56fdc6891e2e8ee936abeb6267fa9a84e3696	262144	262144	65716	6	e9618e5a8fa5fc919a5a869792de919999ecf2551a69a248816bfdfba684fc11	cutover=L2;L0[chunks=1@0,rel=quotient,qrm=0,cqrm=0,eor=0,in=4194304,out=3407424;witness=PACK,s=64,h=8,partial=256,quotient=256,src=canonical,dA=2048,sec=Linf]/L1[chunks=1@0,rel=quotient,qrm=0,cqrm=0,eor=0,in=3407424,out=603264;witness=PACK,s=128,h=2,partial=512,quotient=512,src=canonical,dA=1024,sec=Linf]/L2[chunks=1@0,rel=reduced-evaluation,qrm=9984,cqrm=1152,eor=656,in=603264,out=249856;witness=ET,s=-,h=-,partial=-,quotient=-,src=tensor-k4,dA=128,sec=Linf]/L3[chunks=1@0,rel=reduced-evaluation,qrm=9216,cqrm=1152,eor=592,in=249856,out=135168;witness=ET,s=-,h=-,partial=-,quotient=-,src=tensor-k4,dA=128,sec=L2]/L4[chunks=1@0,rel=reduced-evaluation,qrm=8448,cqrm=0,eor=592,in=135168,out=81920;witness=ET,s=-,h=-,partial=-,quotient=-,src=tensor-k4,dA=128,sec=L2]/T[method=ET,src=tensor-k4,eor=560,input=81920,dA=128,sec=L2]
fp32_dense_recursive	final=24:1;precommitted=	94e7a14c6d0dc602c7ebc7e2d1dd26de309a4ccf1ba006bd7c284ecae724ca0d	524288	262144	70187	7	b94a3850caabfd15c7c934c957e4400e2ddff71fba9ecbd4e9e0672ef3bd11fc	cutover=L2;L0[chunks=1@0,rel=quotient,qrm=0,cqrm=0,eor=0,in=16777216,out=6684224;witness=PACK,s=64,h=8,partial=256,quotient=256,src=canonical,dA=2048,sec=Linf]/L1[chunks=1@0,rel=quotient,qrm=0,cqrm=0,eor=0,in=6684224,out=1574912;witness=PACK,s=128,h=2,partial=512,quotient=512,src=canonical,dA=1024,sec=Linf;prefix=PACK,s=128,h=2,partial=512,quotient=512,src=canonical,dA=1024,sec=Linf]/L2[chunks=1@0,rel=reduced-evaluation,qrm=9984,cqrm=1152,eor=688,in=1574912,out=348160;witness=ET,s=-,h=-,partial=-,quotient=-,src=tensor-k4,dA=128,sec=Linf]/L3[chunks=1@0,rel=reduced-evaluation,qrm=9984,cqrm=0,eor=624,in=348160,out=147456;witness=ET,s=-,h=-,partial=-,quotient=-,src=tensor-k4,dA=128,sec=Linf]/L4[chunks=1@0,rel=reduced-evaluation,qrm=9984,cqrm=0,eor=592,in=147456,out=98304;witness=ET,s=-,h=-,partial=-,quotient=-,src=tensor-k4,dA=128,sec=Linf]/L5[chunks=1@0,rel=reduced-evaluation,qrm=8448,cqrm=0,eor=560,in=98304,out=65536;witness=ET,s=-,h=-,partial=-,quotient=-,src=tensor-k4,dA=128,sec=L2]/T[method=ET,src=tensor-k4,eor=528,input=65536,dA=128,sec=L2]
fp32_dense_recursive	final=26:1;precommitted=	c93e949f727a2db762f7dbfe2fcdcdc29cf0a3b5fd10f76b3019de436810bc9b	1048576	524288	69582	7	41e7d88845f5408aed13612d90f1d3f932916224bb5ecf67e247b725a94c65c2	cutover=L2;L0[chunks=1@0,rel=quotient,qrm=0,cqrm=0,eor=0,in=67108864,out=12975680;witness=PACK,s=64,h=8,partial=256,quotient=256,src=canonical,dA=2048,sec=Linf]/L1[chunks=1@0,rel=quotient,qrm=0,cqrm=0,eor=0,in=12975680,out=2982400;witness=PACK,s=64,h=2,partial=256,quotient=256,src=canonical,dA=512,sec=Linf;prefix=PACK,s=64,h=2,partial=256,quotient=256,src=canonical,dA=512,sec=Linf]/L2[chunks=1@0,rel=reduced-evaluation,qrm=13312,cqrm=1536,eor=720,in=2982400,out=643072;witness=ET,s=-,h=-,partial=-,quotient=-,src=tensor-k4,dA=128,sec=Linf]/L3[chunks=1@0,rel=reduced-evaluation,qrm=13312,cqrm=1536,eor=656,in=643072,out=315392;witness=ET,s=-,h=-,partial=-,quotient=-,src=tensor-k4,dA=128,sec=Linf]/L4[chunks=1@0,rel=reduced-evaluation,qrm=10752,cqrm=0,eor=624,in=315392,out=147456;witness=ET,s=-,h=-,partial=-,quotient=-,src=tensor-k4,dA=128,sec=Linf]/L5[chunks=1@0,rel=reduced-evaluation,qrm=8448,cqrm=0,eor=592,in=147456,out=81920;witness=ET,s=-,h=-,partial=-,quotient=-,src=tensor-k4,dA=128,sec=L2]/T[method=ET,src=tensor-k4,eor=560,input=81920,dA=128,sec=L2]
fp32_dense_recursive	final=28:1;precommitted=	a46de3bb37f42fa48a71b95f2322aad4c4e9c8626b40c631cd6537cb251072a1	4194304	1048576	69951	7	f18b0d9fb63b317e1f3b250950ae653ad474a26308604bda3ca366adaf58e8e9	cutover=L2;L0[chunks=1@0,rel=quotient,qrm=0,cqrm=0,eor=0,in=268435456,out=27090304;witness=PACK,s=128,h=2,partial=512,quotient=512,src=canonical,dA=1024,sec=Linf]/L1[chunks=1@0,rel=quotient,qrm=0,cqrm=0,eor=0,in=27090304,out=4403712;witness=PACK,s=64,h=2,partial=256,quotient=256,src=canonical,dA=512,sec=Linf;prefix=PACK,s=64,h=2,partial=256,quotient=256,src=canonical,dA=512,sec=Linf]/L2[chunks=1@0,rel=reduced-evaluation,qrm=13312,cqrm=1536,eor=752,in=4403712,out=741376;witness=ET,s=-,h=-,partial=-,quotient=-,src=tensor-k4,dA=128,sec=Linf]/L3[chunks=1@0,rel=reduced-evaluation,qrm=12288,cqrm=1536,eor=656,in=741376,out=344064;witness=ET,s=-,h=-,partial=-,quotient=-,src=tensor-k4,dA=128,sec=Linf]/L4[chunks=1@0,rel=reduced-evaluation,qrm=10752,cqrm=0,eor=624,in=344064,out=147456;witness=ET,s=-,h=-,partial=-,quotient=-,src=tensor-k4,dA=128,sec=Linf]/L5[chunks=1@0,rel=reduced-evaluation,qrm=8448,cqrm=0,eor=592,in=147456,out=81920;witness=ET,s=-,h=-,partial=-,quotient=-,src=tensor-k4,dA=128,sec=L2]/T[method=ET,src=tensor-k4,eor=560,input=81920,dA=128,sec=L2]
fp32_dense_recursive	final=30:1;precommitted=	0661c6ea7796b195873f4f0afc34e1f8ab8b773648907a24b0f5110247bb10d2	8388608	1048576	70826	7	9f1c785db99fea8787d0c5a8b6869eb89b40ad3afdf23db96215f4c0514ae2b9	cutover=L2;L0[chunks=1@0,rel=quotient,qrm=0,cqrm=0,eor=0,in=1073741824,out=57758272;witness=PACK,s=64,h=8,partial=256,quotient=256,src=canonical,dA=2048,sec=Linf]/L1[chunks=1@0,rel=quotient,qrm=0,cqrm=0,eor=0,in=57758272,out=7033856;witness=PACK,s=64,h=4,partial=256,quotient=256,src=canonical,dA=1024,sec=Linf;prefix=PACK,s=64,h=4,partial=256,quotient=256,src=canonical,dA=1024,sec=Linf]/L2[chunks=1@0,rel=reduced-evaluation,qrm=13312,cqrm=1536,eor=752,in=7033856,out=937984;witness=ET,s=-,h=-,partial=-,quotient=-,src=tensor-k4,dA=128,sec=Linf]/L3[chunks=1@0,rel=reduced-evaluation,qrm=13312,cqrm=1536,eor=656,in=937984,out=380928;witness=ET,s=-,h=-,partial=-,quotient=-,src=tensor-k4,dA=128,sec=Linf]/L4[chunks=1@0,rel=reduced-evaluation,qrm=9856,cqrm=0,eor=624,in=380928,out=147456;witness=ET,s=-,h=-,partial=-,quotient=-,src=tensor-k4,dA=128,sec=L2]/L5[chunks=1@0,rel=reduced-evaluation,qrm=8448,cqrm=0,eor=592,in=147456,out=81920;witness=ET,s=-,h=-,partial=-,quotient=-,src=tensor-k4,dA=128,sec=L2]/T[method=ET,src=tensor-k4,eor=560,input=81920,dA=128,sec=L2]
fp32_onehot	final=14:1;precommitted=	235fdc37cb4e83e243a17cafde8597967ef2316443a2656dee73a57dc55cac8e	98304	16384	39095	2	8fdbb3f8d500c250220de2a659b284a443da85ec03cb4c54d4cff954b45ea99a	cutover=none;L0[chunks=1@0,rel=quotient,qrm=0,cqrm=0,eor=0,in=16384,out=77696;witness=PACK,s=128,h=1,partial=512,quotient=512,src=canonical,dA=512,sec=Linf]/T[method=ET,src=tensor-k4,eor=560,input=77696,dA=128,sec=Linf]
fp32_onehot	final=16:1;precommitted=	619d5acd56307a5aff5911635e36969a167028482b33cc55f9f90598a55554be	212992	16384	55628	2	0f7afa8cf05d48a15666a7b402a98331a34211f1d3f03a0f12cafba8c2b32498	cutover=none;L0[chunks=1@0,rel=quotient,qrm=0,cqrm=0,eor=0,in=65536,out=146112;witness=PACK,s=64,h=4,partial=256,quotient=256,src=canonical,dA=1024,sec=Linf]/T[method=ET,src=tensor-k4,eor=592,input=146112,dA=64,sec=Linf]
fp32_onehot	final=16:2;precommitted=	1d3119b577401489425a46a52a8368829ffee0287db544156fcb790c4c1190e1	131072	32768	56992	5	92c67db299d77618c023ae8271b1d84bd95813ac074c77c149db8290b1707da8	cutover=L2;L0[chunks=1@0,rel=quotient,qrm=0,cqrm=0,eor=0,in=65536,out=178880;witness=PACK,s=64,h=4,partial=256,quotient=256,src=canonical,dA=1024,sec=Linf]/L1[chunks=1@0,rel=quotient,qrm=0,cqrm=0,eor=0,in=178880,out=147072;witness=PACK,s=64,h=2,partial=256,quotient=256,src=canonical,dA=512,sec=Linf]/L2[chunks=1@0,rel=reduced-evaluation,qrm=9984,cqrm=0,eor=592,in=147072,out=98304;witness=ET,s=-,h=-,partial=-,quotient=-,src=tensor-k4,dA=128,sec=Linf]/L3[chunks=1@0,rel=reduced-evaluation,qrm=8448,cqrm=0,eor=560,in=98304,out=65536;witness=ET,s=-,h=-,partial=-,quotient=-,src=tensor-k4,dA=128,sec=L2]/T[method=ET,src=tensor-k4,eor=528,input=65536,dA=128,sec=L2]
fp32_onehot	final=20:1;precommitted=	7e615f063166da9e18d6e9eacc305f7128e85099f64b8b48278e935e02e876fe	229376	65536	59862	5	09e06e2f343f907bbf2e05934653f1d425b1520725f66487eeae8ccb07d97bd9	cutover=L2;L0[chunks=1@0,rel=quotient,qrm=0,cqrm=0,eor=0,in=1048576,out=501312;witness=PACK,s=64,h=4,partial=256,quotient=256,src=canonical,dA=1024,sec=Linf]/L1[chunks=1@0,rel=quotient,qrm=0,cqrm=0,eor=0,in=501312,out=329216;witness=PACK,s=64,h=4,partial=256,quotient=256,src=canonical,dA=1024,sec=Linf]/L2[chunks=1@0,rel=reduced-evaluation,qrm=10752,cqrm=0,eor=624,in=329216,out=147456;witness=ET,s=-,h=-,partial=-,quotient=-,src=tensor-k4,dA=128,sec=Linf]/L3[chunks=1@0,rel=reduced-evaluation,qrm=8448,cqrm=0,eor=592,in=147456,out=81920;witness=ET,s=-,h=-,partial=-,quotient=-,src=tensor-k4,dA=128,sec=L2]/T[method=ET,src=tensor-k4,eor=560,input=81920,dA=128,sec=L2]
fp32_onehot	final=20:1;precommitted=14:1	474c6a482ed91153fd6eef1fdf41a919979a4d028621bf34593eae5868f8cf66	229376	65536	59981	5	6e4d75bf81c947cde0bcf506697f6376e0c962c39c92457f9310d5ae1911f5f6	cutover=L2;L0[chunks=1@0,rel=quotient,qrm=0,cqrm=0,eor=0,in=1048576,out=581632;witness=PACK,s=64,h=4,partial=256,quotient=256,src=canonical,dA=1024,sec=Linf;pre0=PACK,s=128,h=1,partial=512,quotient=512,src=canonical,dA=512,sec=Linf]/L1[chunks=1@0,rel=quotient,qrm=0,cqrm=0,eor=0,in=581632,out=341504;witness=PACK,s=64,h=2,partial=256,quotient=256,src=canonical,dA=512,sec=Linf]/L2[chunks=1@0,rel=reduced-evaluation,qrm=10752,cqrm=0,eor=624,in=341504,out=147456;witness=ET,s=-,h=-,partial=-,quotient=-,src=tensor-k4,dA=128,sec=Linf]/L3[chunks=1@0,rel=reduced-evaluation,qrm=8448,cqrm=0,eor=592,in=147456,out=81920;witness=ET,s=-,h=-,partial=-,quotient=-,src=tensor-k4,dA=128,sec=L2]/T[method=ET,src=tensor-k4,eor=560,input=81920,dA=128,sec=L2]
fp32_onehot	final=28:1;precommitted=	a46de3bb37f42fa48a71b95f2322aad4c4e9c8626b40c631cd6537cb251072a1	1048576	1048576	65266	6	200c5a02b3a19af226de00f1d467105bc7fb76d0b49a44a2aac7bf6613f4a3e1	cutover=L2;L0[chunks=1@0,rel=quotient,qrm=0,cqrm=0,eor=0,in=268435456,out=6891072;witness=PACK,s=64,h=4,partial=256,quotient=256,src=canonical,dA=1024,sec=Linf]/L1[chunks=1@0,rel=quotient,qrm=0,cqrm=0,eor=0,in=6891072,out=1097216;witness=PACK,s=128,h=2,partial=512,quotient=512,src=canonical,dA=1024,sec=Linf]/L2[chunks=1@0,rel=reduced-evaluation,qrm=13312,cqrm=1536,eor=688,in=1097216,out=380928;witness=ET,s=-,h=-,partial=-,quotient=-,src=tensor-k4,dA=128,sec=Linf]/L3[chunks=1@0,rel=reduced-evaluation,qrm=9856,cqrm=0,eor=624,in=380928,out=147456;witness=ET,s=-,h=-,partial=-,quotient=-,src=tensor-k4,dA=128,sec=L2]/L4[chunks=1@0,rel=reduced-evaluation,qrm=8448,cqrm=0,eor=592,in=147456,out=81920;witness=ET,s=-,h=-,partial=-,quotient=-,src=tensor-k4,dA=128,sec=L2]/T[method=ET,src=tensor-k4,eor=560,input=81920,dA=128,sec=L2]
fp32_onehot	final=30:1;precommitted=	0661c6ea7796b195873f4f0afc34e1f8ab8b773648907a24b0f5110247bb10d2	2097152	2097152	67488	7	afcaa8251562087d5aa3595d9a0da8a3507da9940416fc9608c0d68b8def8a0b	cutover=L2;L0[chunks=1@0,rel=quotient,qrm=0,cqrm=0,eor=0,in=1073741824,out=21626432;witness=PACK,s=64,h=8,partial=256,quotient=256,src=canonical,dA=2048,sec=Linf]/L1[chunks=1@0,rel=quotient,qrm=0,cqrm=0,eor=0,in=21626432,out=2745920;witness=PACK,s=64,h=2,partial=256,quotient=256,src=canonical,dA=512,sec=Linf]/L2[chunks=1@0,rel=reduced-evaluation,qrm=16896,cqrm=2112,eor=720,in=2745920,out=868352;witness=ET,s=-,h=-,partial=-,quotient=-,src=tensor-k4,dA=128,sec=Linf]/L3[chunks=1@0,rel=reduced-evaluation,qrm=13312,cqrm=1536,eor=656,in=868352,out=348160;witness=ET,s=-,h=-,partial=-,quotient=-,src=tensor-k4,dA=128,sec=Linf]/L4[chunks=1@0,rel=reduced-evaluation,qrm=10752,cqrm=0,eor=624,in=348160,out=147456;witness=ET,s=-,h=-,partial=-,quotient=-,src=tensor-k4,dA=128,sec=Linf]/L5[chunks=1@0,rel=reduced-evaluation,qrm=8448,cqrm=0,eor=592,in=147456,out=81920;witness=ET,s=-,h=-,partial=-,quotient=-,src=tensor-k4,dA=128,sec=L2]/T[method=ET,src=tensor-k4,eor=560,input=81920,dA=128,sec=L2]
fp32_onehot	final=34:1;precommitted=	66a207dd2ca7efff383d2cbfb09722aa71c0b3e44ba990a146833ebba9496679	8388608	8388608	68330	7	2eab1e5f04bb49107532492aa24c9fa7839864db6ed62bfa184f0fbce709f70a	cutover=L2;L0[chunks=1@0,rel=quotient,qrm=0,cqrm=0,eor=0,in=17179869184,out=85589568;witness=PACK,s=64,h=8,partial=256,quotient=256,src=canonical,dA=2048,sec=Linf]/L1[chunks=1@0,rel=quotient,qrm=0,cqrm=0,eor=0,in=85589568,out=5432896;witness=PACK,s=64,h=2,partial=256,quotient=256,src=canonical,dA=512,sec=Linf]/L2[chunks=1@0,rel=reduced-evaluation,qrm=16896,cqrm=2112,eor=752,in=5432896,out=1130496;witness=ET,s=-,h=-,partial=-,quotient=-,src=tensor-k4,dA=128,sec=Linf]/L3[chunks=1@0,rel=reduced-evaluation,qrm=10752,cqrm=1344,eor=688,in=1130496,out=282624;witness=ET,s=-,h=-,partial=-,quotient=-,src=tensor-k4,dA=128,sec=Linf]/L4[chunks=1@0,rel=reduced-evaluation,qrm=8448,cqrm=1152,eor=624,in=282624,out=135168;witness=ET,s=-,h=-,partial=-,quotient=-,src=tensor-k4,dA=128,sec=L2]/L5[chunks=1@0,rel=reduced-evaluation,qrm=8448,cqrm=0,eor=592,in=135168,out=81920;witness=ET,s=-,h=-,partial=-,quotient=-,src=tensor-k4,dA=128,sec=L2]/T[method=ET,src=tensor-k4,eor=560,input=81920,dA=128,sec=L2]
fp64_dense	final=14:1;precommitted=	235fdc37cb4e83e243a17cafde8597967ef2316443a2656dee73a57dc55cac8e	196608	32768	62333	5	1b0aa7362f1c7c9588d3b119a06f0e38109603782b94d6bb376b01d3049ce48a	cutover=L2;L0[chunks=1@0,rel=quotient,qrm=0,cqrm=0,eor=0,in=16384,out=348736;witness=PACK,s=64,h=8,partial=128,quotient=128,src=canonical,dA=1024,sec=Linf]/L1[chunks=1@0,rel=quotient,qrm=0,cqrm=0,eor=0,in=348736,out=337216;witness=PACK,s=64,h=1,partial=128,quotient=128,src=canonical,dA=128,sec=Linf]/L2[chunks=1@0,rel=reduced-evaluation,qrm=16896,cqrm=2112,eor=624,in=337216,out=249856;witness=ET,s=-,h=-,partial=-,quotient=-,src=tensor-k2,dA=128,sec=Linf]/L3[chunks=1@0,rel=reduced-evaluation,qrm=9152,cqrm=0,eor=592,in=249856,out=114688;witness=ET,s=-,h=-,partial=-,quotient=-,src=tensor-k2,dA=64,sec=L2]/T[method=ET,src=tensor-k2,eor=560,input=114688,dA=64,sec=L2]
fp64_dense	final=16:1;precommitted=	619d5acd56307a5aff5911635e36969a167028482b33cc55f9f90598a55554be	131072	65536	63178	5	e004c3ee80c15253585c830a541ea4112e1bb3566509e64609164a268a90a540	cutover=L2;L0[chunks=1@0,rel=quotient,qrm=0,cqrm=0,eor=0,in=65536,out=578112;witness=PACK,s=64,h=8,partial=128,quotient=128,src=canonical,dA=1024,sec=Linf]/L1[chunks=1@0,rel=quotient,qrm=0,cqrm=0,eor=0,in=578112,out=272640;witness=PACK,s=64,h=2,partial=128,quotient=128,src=canonical,dA=256,sec=Linf]/L2[chunks=1@0,rel=reduced-evaluation,qrm=9856,cqrm=0,eor=624,in=272640,out=131072;witness=ET,s=-,h=-,partial=-,quotient=-,src=tensor-k2,dA=128,sec=Linf]/L3[chunks=1@0,rel=reduced-evaluation,qrm=8448,cqrm=0,eor=560,in=131072,out=81920;witness=ET,s=-,h=-,partial=-,quotient=-,src=tensor-k2,dA=128,sec=L2]/T[method=ET,src=tensor-k2,eor=560,input=81920,dA=128,sec=L2]
fp64_dense	final=20:1;precommitted=	7e615f063166da9e18d6e9eacc305f7128e85099f64b8b48278e935e02e876fe	262144	262144	66729	6	f8d389d5c5f59d62a75c89170f52e5ffc954853057a4497c3b7e7338ff820183	cutover=L2;L0[chunks=1@0,rel=quotient,qrm=0,cqrm=0,eor=0,in=1048576,out=2186624;witness=PACK,s=128,h=4,partial=256,quotient=256,src=canonical,dA=1024,sec=Linf]/L1[chunks=1@0,rel=quotient,qrm=0,cqrm=0,eor=0,in=2186624,out=908160;witness=PACK,s=128,h=2,partial=256,quotient=256,src=canonical,dA=512,sec=Linf]/L2[chunks=1@0,rel=reduced-evaluation,qrm=11648,cqrm=1248,eor=656,in=908160,out=282624;witness=ET,s=-,h=-,partial=-,quotient=-,src=tensor-k2,dA=128,sec=Linf]/L3[chunks=1@0,rel=reduced-evaluation,qrm=9856,cqrm=0,eor=624,in=282624,out=131072;witness=ET,s=-,h=-,partial=-,quotient=-,src=tensor-k2,dA=128,sec=Linf]/L4[chunks=1@0,rel=reduced-evaluation,qrm=8448,cqrm=0,eor=560,in=131072,out=81920;witness=ET,s=-,h=-,partial=-,quotient=-,src=tensor-k2,dA=128,sec=L2]/T[method=ET,src=tensor-k2,eor=560,input=81920,dA=128,sec=L2]
fp64_dense	final=20:1;precommitted=16:1	3c5ba7256078ff330e2aca0d9e34b1358d1ea63a3d988e70c41608492806b46d	262144	262144	66731	6	7a03544d9d9cb6f51c17c13d59fc118f7b2826474adbd053a8fd85f39e7262e9	cutover=L2;L0[chunks=1@0,rel=quotient,qrm=0,cqrm=0,eor=0,in=1048576,out=2786304;witness=PACK,s=128,h=4,partial=256,quotient=256,src=canonical,dA=1024,sec=Linf;pre0=PACK,s=128,h=4,partial=256,quotient=256,src=canonical,dA=1024,sec=Linf]/L1[chunks=1@0,rel=quotient,qrm=0,cqrm=0,eor=0,in=2786304,out=973696;witness=PACK,s=128,h=2,partial=256,quotient=256,src=canonical,dA=512,sec=Linf]/L2[chunks=1@0,rel=reduced-evaluation,qrm=11648,cqrm=1248,eor=656,in=973696,out=282624;witness=ET,s=-,h=-,partial=-,quotient=-,src=tensor-k2,dA=128,sec=Linf]/L3[chunks=1@0,rel=reduced-evaluation,qrm=9856,cqrm=0,eor=624,in=282624,out=131072;witness=ET,s=-,h=-,partial=-,quotient=-,src=tensor-k2,dA=128,sec=Linf]/L4[chunks=1@0,rel=reduced-evaluation,qrm=8448,cqrm=0,eor=560,in=131072,out=81920;witness=ET,s=-,h=-,partial=-,quotient=-,src=tensor-k2,dA=128,sec=L2]/T[method=ET,src=tensor-k2,eor=560,input=81920,dA=128,sec=L2]
fp64_dense	final=26:1;precommitted=	c93e949f727a2db762f7dbfe2fcdcdc29cf0a3b5fd10f76b3019de436810bc9b	1572864	2097152	70142	6	b13b300b0f4490568e311ac41c66a58d768bff2c85fe47098cee6647bd6d50cb	cutover=L2;L0[chunks=1@0,rel=quotient,qrm=0,cqrm=0,eor=0,in=67108864,out=18439552;witness=PACK,s=128,h=4,partial=256,quotient=256,src=canonical,dA=1024,sec=Linf]/L1[chunks=1@0,rel=quotient,qrm=0,cqrm=0,eor=0,in=18439552,out=1742336;witness=PACK,s=64,h=1,partial=128,quotient=128,src=canonical,dA=128,sec=Linf]/L2[chunks=1@0,rel=reduced-evaluation,qrm=14336,cqrm=1536,eor=688,in=1742336,out=512000;witness=ET,s=-,h=-,partial=-,quotient=-,src=tensor-k2,dA=128,sec=Linf]/L3[chunks=1@0,rel=reduced-evaluation,qrm=12288,cqrm=0,eor=624,in=512000,out=229376;witness=ET,s=-,h=-,partial=-,quotient=-,src=tensor-k2,dA=128,sec=L2]/L4[chunks=1@0,rel=reduced-evaluation,qrm=9984,cqrm=0,eor=592,in=229376,out=114688;witness=ET,s=-,h=-,partial=-,quotient=-,src=tensor-k2,dA=128,sec=L2]/T[method=ET,src=tensor-k2,eor=560,input=114688,dA=64,sec=L2]
fp64_dense	final=28:1;precommitted=	a46de3bb37f42fa48a71b95f2322aad4c4e9c8626b40c631cd6537cb251072a1	4194304	4194304	70817	7	0149f52b078bc1b0430058147369711094a5bb128ce02ec1da5a2b10885096e9	cutover=L2;L0[chunks=1@0,rel=quotient,qrm=0,cqrm=0,eor=0,in=268435456,out=39935360;witness=PACK,s=128,h=4,partial=256,quotient=256,src=canonical,dA=1024,sec=Linf]/L1[chunks=1@0,rel=quotient,qrm=0,cqrm=0,eor=0,in=39935360,out=4149824;witness=PACK,s=64,h=8,partial=128,quotient=128,src=canonical,dA=1024,sec=Linf]/L2[chunks=1@0,rel=reduced-evaluation,qrm=19712,cqrm=2112,eor=720,in=4149824,out=1003520;witness=ET,s=-,h=-,partial=-,quotient=-,src=tensor-k2,dA=128,sec=Linf]/L3[chunks=1@0,rel=reduced-evaluation,qrm=12288,cqrm=1536,eor=656,in=1003520,out=348160;witness=ET,s=-,h=-,partial=-,quotient=-,src=tensor-k2,dA=128,sec=L2]/L4[chunks=1@0,rel=reduced-evaluation,qrm=8448,cqrm=0,eor=624,in=348160,out=131072;witness=ET,s=-,h=-,partial=-,quotient=-,src=tensor-k2,dA=128,sec=L2]/L5[chunks=1@0,rel=reduced-evaluation,qrm=8448,cqrm=0,eor=560,in=131072,out=81920;witness=ET,s=-,h=-,partial=-,quotient=-,src=tensor-k2,dA=128,sec=L2]/T[method=ET,src=tensor-k2,eor=560,input=81920,dA=128,sec=L2]
fp64_dense	final=29:1;precommitted=	a082674574a73638bfa1560ac8173d4e86d4e1bc9f62665c28e7c58fcc4f0d9c	4194304	4194304	71409	7	39f98532862c99ff72b9a757842bdeb8d3baac92503e3b83b01a4c706e352ffd	cutover=L2;L0[chunks=1@0,rel=quotient,qrm=0,cqrm=0,eor=0,in=536870912,out=64119168;witness=PACK,s=128,h=8,partial=256,quotient=256,src=canonical,dA=2048,sec=Linf]/L1[chunks=1@0,rel=quotient,qrm=0,cqrm=0,eor=0,in=64119168,out=5373504;witness=PACK,s=64,h=8,partial=128,quotient=128,src=canonical,dA=1024,sec=Linf]/L2[chunks=1@0,rel=reduced-evaluation,qrm=19712,cqrm=2112,eor=752,in=5373504,out=1134592;witness=ET,s=-,h=-,partial=-,quotient=-,src=tensor-k2,dA=128,sec=Linf]/L3[chunks=1@0,rel=reduced-evaluation,qrm=11648,cqrm=1248,eor=688,in=1134592,out=315392;witness=ET,s=-,h=-,partial=-,quotient=-,src=tensor-k2,dA=128,sec=Linf]/L4[chunks=1@0,rel=reduced-evaluation,qrm=8448,cqrm=0,eor=624,in=315392,out=131072;witness=ET,s=-,h=-,partial=-,quotient=-,src=tensor-k2,dA=128,sec=L2]/L5[chunks=1@0,rel=reduced-evaluation,qrm=8448,cqrm=0,eor=560,in=131072,out=81920;witness=ET,s=-,h=-,partial=-,quotient=-,src=tensor-k2,dA=128,sec=L2]/T[method=ET,src=tensor-k2,eor=560,input=81920,dA=128,sec=L2]
fp64_dense	final=30:1;precommitted=	0661c6ea7796b195873f4f0afc34e1f8ab8b773648907a24b0f5110247bb10d2	5767168	8388608	71524	7	e20d4379ee9b6c2b5a713f9a637356be844df6d135d7461527ee3cb5803b0c70	cutover=L2;L0[chunks=1@0,rel=quotient,qrm=0,cqrm=0,eor=0,in=1073741824,out=86638144;witness=PACK,s=64,h=8,partial=128,quotient=128,src=canonical,dA=1024,sec=Linf]/L1[chunks=1@0,rel=quotient,qrm=0,cqrm=0,eor=0,in=86638144,out=5432896;witness=PACK,s=64,h=2,partial=128,quotient=128,src=canonical,dA=256,sec=Linf]/L2[chunks=1@0,rel=reduced-evaluation,qrm=19712,cqrm=2112,eor=752,in=5432896,out=1200128;witness=ET,s=-,h=-,partial=-,quotient=-,src=tensor-k2,dA=128,sec=Linf]/L3[chunks=1@0,rel=reduced-evaluation,qrm=11648,cqrm=1248,eor=688,in=1200128,out=315392;witness=ET,s=-,h=-,partial=-,quotient=-,src=tensor-k2,dA=128,sec=Linf]/L4[chunks=1@0,rel=reduced-evaluation,qrm=8448,cqrm=0,eor=624,in=315392,out=131072;witness=ET,s=-,h=-,partial=-,quotient=-,src=tensor-k2,dA=128,sec=L2]/L5[chunks=1@0,rel=reduced-evaluation,qrm=8448,cqrm=0,eor=560,in=131072,out=81920;witness=ET,s=-,h=-,partial=-,quotient=-,src=tensor-k2,dA=128,sec=L2]/T[method=ET,src=tensor-k2,eor=560,input=81920,dA=128,sec=L2]
fp64_dense_recursive	final=21:1;precommitted=	4f021af291010debd97a561631f77ec725a00685e86c7a86cbbba0d0d21f2afa	262144	262144	67028	6	be35409550d7f03e44c46c51c48a321694e22cd518bfe6907d883e81a860307b	cutover=L2;L0[chunks=1@0,rel=quotient,qrm=0,cqrm=0,eor=0,in=2097152,out=3145280;witness=PACK,s=64,h=8,partial=128,quotient=128,src=canonical,dA=1024,sec=Linf]/L1[chunks=1@0,rel=quotient,qrm=0,cqrm=0,eor=0,in=3145280,out=1039232;witness=PACK,s=128,h=2,partial=256,quotient=256,src=canonical,dA=512,sec=Linf]/L2[chunks=1@0,rel=reduced-evaluation,qrm=11648,cqrm=1248,eor=656,in=1039232,out=315392;witness=ET,s=-,h=-,partial=-,quotient=-,src=tensor-k2,dA=128,sec=Linf]/L3[chunks=1@0,rel=reduced-evaluation,qrm=8448,cqrm=0,eor=624,in=315392,out=131072;witness=ET,s=-,h=-,partial=-,quotient=-,src=tensor-k2,dA=128,sec=L2]/L4[chunks=1@0,rel=reduced-evaluation,qrm=8448,cqrm=0,eor=560,in=131072,out=81920;witness=ET,s=-,h=-,partial=-,quotient=-,src=tensor-k2,dA=128,sec=L2]/T[method=ET,src=tensor-k2,eor=560,input=81920,dA=128,sec=L2]
fp64_dense_recursive	final=23:1;precommitted=	2fcfd5127478a426862f40c03ac86273c00151e8c0068bc578b1578281e1aee2	524288	262144	75654	7	3e6a816cdbfac4452154b5d61b2afcc810020288b4eed471dee33563a9e9f3e1	cutover=L2;L0[chunks=1@0,rel=quotient,qrm=0,cqrm=0,eor=0,in=8388608,out=6159936;witness=PACK,s=64,h=8,partial=128,quotient=128,src=canonical,dA=1024,sec=Linf]/L1[chunks=1@0,rel=quotient,qrm=0,cqrm=0,eor=0,in=6159936,out=1673216;witness=PACK,s=64,h=8,partial=128,quotient=128,src=canonical,dA=1024,sec=Linf;prefix=PACK,s=64,h=8,partial=128,quotient=128,src=canonical,dA=1024,sec=Linf]/L2[chunks=1@0,rel=reduced-evaluation,qrm=12672,cqrm=1056,eor=688,in=1673216,out=479232;witness=ET,s=-,h=-,partial=-,quotient=-,src=tensor-k2,dA=128,sec=Linf]/L3[chunks=1@0,rel=reduced-evaluation,qrm=9856,cqrm=1056,eor=624,in=479232,out=217088;witness=ET,s=-,h=-,partial=-,quotient=-,src=tensor-k2,dA=128,sec=Linf]/L4[chunks=1@0,rel=reduced-evaluation,qrm=9856,cqrm=0,eor=592,in=217088,out=131072;witness=ET,s=-,h=-,partial=-,quotient=-,src=tensor-k2,dA=128,sec=Linf]/L5[chunks=1@0,rel=reduced-evaluation,qrm=8448,cqrm=0,eor=560,in=131072,out=81920;witness=ET,s=-,h=-,partial=-,quotient=-,src=tensor-k2,dA=128,sec=L2]/T[method=ET,src=tensor-k2,eor=560,input=81920,dA=128,sec=L2]
fp64_dense_recursive	final=25:1;precommitted=	8b93e9363d0087a49725b9a1ca103902ab185fff9c1a43773c7025ac4bc11bc9	1048576	524288	72455	7	c7f1aa1fbe0a8923d132dea503e1eaedef6ed44f355c9d599636d0fd1fa01774	cutover=L2;L0[chunks=1@0,rel=quotient,qrm=0,cqrm=0,eor=0,in=33554432,out=12189248;witness=PACK,s=64,h=8,partial=128,quotient=128,src=canonical,dA=1024,sec=Linf]/L1[chunks=1@0,rel=quotient,qrm=0,cqrm=0,eor=0,in=12189248,out=3097088;witness=PACK,s=128,h=2,partial=256,quotient=256,src=canonical,dA=512,sec=Linf;prefix=PACK,s=128,h=2,partial=256,quotient=256,src=canonical,dA=512,sec=Linf]/L2[chunks=1@0,rel=reduced-evaluation,qrm=14336,cqrm=1536,eor=720,in=3097088,out=675840;witness=ET,s=-,h=-,partial=-,quotient=-,src=tensor-k2,dA=128,sec=Linf]/L3[chunks=1@0,rel=reduced-evaluation,qrm=14336,cqrm=1536,eor=656,in=675840,out=348160;witness=ET,s=-,h=-,partial=-,quotient=-,src=tensor-k2,dA=128,sec=Linf]/L4[chunks=1@0,rel=reduced-evaluation,qrm=8448,cqrm=0,eor=624,in=348160,out=131072;witness=ET,s=-,h=-,partial=-,quotient=-,src=tensor-k2,dA=128,sec=L2]/L5[chunks=1@0,rel=reduced-evaluation,qrm=8448,cqrm=0,eor=560,in=131072,out=81920;witness=ET,s=-,h=-,partial=-,quotient=-,src=tensor-k2,dA=128,sec=L2]/T[method=ET,src=tensor-k2,eor=560,input=81920,dA=128,sec=L2]
fp64_dense_recursive	final=27:1;precommitted=	a6c2f122b8b925f416c9bbe519d0f2bedbd9063119ff80f478764499448c6dc8	2097152	1048576	73120	7	ce9427d952d21774598014a8ada83ea97d34480b0ce96cd269940140a96be504	cutover=L2;L0[chunks=1@0,rel=quotient,qrm=0,cqrm=0,eor=0,in=134217728,out=31348288;witness=PACK,s=64,h=16,partial=128,quotient=128,src=canonical,dA=2048,sec=Linf]/L1[chunks=1@0,rel=quotient,qrm=0,cqrm=0,eor=0,in=31348288,out=4665600;witness=PACK,s=64,h=2,partial=128,quotient=128,src=canonical,dA=256,sec=Linf;prefix=PACK,s=64,h=2,partial=128,quotient=128,src=canonical,dA=256,sec=Linf]/L2[chunks=1@0,rel=reduced-evaluation,qrm=14336,cqrm=1536,eor=752,in=4665600,out=806912;witness=ET,s=-,h=-,partial=-,quotient=-,src=tensor-k2,dA=128,sec=Linf]/L3[chunks=1@0,rel=reduced-evaluation,qrm=11648,cqrm=1248,eor=656,in=806912,out=282624;witness=ET,s=-,h=-,partial=-,quotient=-,src=tensor-k2,dA=128,sec=Linf]/L4[chunks=1@0,rel=reduced-evaluation,qrm=9856,cqrm=0,eor=624,in=282624,out=131072;witness=ET,s=-,h=-,partial=-,quotient=-,src=tensor-k2,dA=128,sec=Linf]/L5[chunks=1@0,rel=reduced-evaluation,qrm=8448,cqrm=0,eor=560,in=131072,out=81920;witness=ET,s=-,h=-,partial=-,quotient=-,src=tensor-k2,dA=128,sec=L2]/T[method=ET,src=tensor-k2,eor=560,input=81920,dA=128,sec=L2]
fp64_dense_recursive	final=29:1;precommitted=	a082674574a73638bfa1560ac8173d4e86d4e1bc9f62665c28e7c58fcc4f0d9c	4194304	1048576	73279	7	63572f444a84e1429d4ccd3562fbcf03f46fb4360fb3bcac194bec7825b237ca	cutover=L2;L0[chunks=1@0,rel=quotient,qrm=0,cqrm=0,eor=0,in=536870912,out=62543424;witness=PACK,s=64,h=16,partial=128,quotient=128,src=canonical,dA=2048,sec=Linf]/L1[chunks=1@0,rel=quotient,qrm=0,cqrm=0,eor=0,in=62543424,out=7168512;witness=PACK,s=128,h=2,partial=256,quotient=256,src=canonical,dA=512,sec=Linf;prefix=PACK,s=128,h=2,partial=256,quotient=256,src=canonical,dA=512,sec=Linf]/L2[chunks=1@0,rel=reduced-evaluation,qrm=14336,cqrm=1536,eor=752,in=7168512,out=1003520;witness=ET,s=-,h=-,partial=-,quotient=-,src=tensor-k2,dA=128,sec=Linf]/L3[chunks=1@0,rel=reduced-evaluation,qrm=12288,cqrm=1536,eor=656,in=1003520,out=348160;witness=ET,s=-,h=-,partial=-,quotient=-,src=tensor-k2,dA=128,sec=L2]/L4[chunks=1@0,rel=reduced-evaluation,qrm=8448,cqrm=0,eor=624,in=348160,out=131072;witness=ET,s=-,h=-,partial=-,quotient=-,src=tensor-k2,dA=128,sec=L2]/L5[chunks=1@0,rel=reduced-evaluation,qrm=8448,cqrm=0,eor=560,in=131072,out=81920;witness=ET,s=-,h=-,partial=-,quotient=-,src=tensor-k2,dA=128,sec=L2]/T[method=ET,src=tensor-k2,eor=560,input=81920,dA=128,sec=L2]
fp64_onehot	final=28:1;precommitted=	a46de3bb37f42fa48a71b95f2322aad4c4e9c8626b40c631cd6537cb251072a1	1048576	1048576	67302	6	00170bc1ebf24cfa5a81132c18f40d073aefe47e4548cb561c4609d9302d6c3f	cutover=L2;L0[chunks=1@0,rel=quotient,qrm=0,cqrm=0,eor=0,in=268435456,out=6891072;witness=PACK,s=64,h=4,partial=128,quotient=128,src=canonical,dA=512,sec=Linf]/L1[chunks=1@0,rel=quotient,qrm=0,cqrm=0,eor=0,in=6891072,out=1497984;witness=PACK,s=128,h=1,partial=256,quotient=256,src=canonical,dA=256,sec=Linf]/L2[chunks=1@0,rel=reduced-evaluation,qrm=11648,cqrm=1248,eor=688,in=1497984,out=348160;witness=ET,s=-,h=-,partial=-,quotient=-,src=tensor-k2,dA=128,sec=Linf]/L3[chunks=1@0,rel=reduced-evaluation,qrm=8448,cqrm=0,eor=624,in=348160,out=131072;witness=ET,s=-,h=-,partial=-,quotient=-,src=tensor-k2,dA=128,sec=L2]/L4[chunks=1@0,rel=reduced-evaluation,qrm=8448,cqrm=0,eor=560,in=131072,out=81920;witness=ET,s=-,h=-,partial=-,quotient=-,src=tensor-k2,dA=128,sec=L2]/T[method=ET,src=tensor-k2,eor=560,input=81920,dA=128,sec=L2]
fp64_onehot	final=30:1;precommitted=	0661c6ea7796b195873f4f0afc34e1f8ab8b773648907a24b0f5110247bb10d2	2097152	2097152	69753	7	de195a5c5eec6f1025a08ce4e2bdbbfd486aa63a2b270914b5822eb411bc963a	cutover=L2;L0[chunks=1@0,rel=quotient,qrm=0,cqrm=0,eor=0,in=1073741824,out=13706816;witness=PACK,s=64,h=4,partial=128,quotient=128,src=canonical,dA=512,sec=Linf]/L1[chunks=1@0,rel=quotient,qrm=0,cqrm=0,eor=0,in=13706816,out=2011200;witness=PACK,s=64,h=1,partial=128,quotient=128,src=canonical,dA=128,sec=Linf]/L2[chunks=1@0,rel=reduced-evaluation,qrm=14336,cqrm=1536,eor=688,in=2011200,out=544768;witness=ET,s=-,h=-,partial=-,quotient=-,src=tensor-k2,dA=128,sec=Linf]/L3[chunks=1@0,rel=reduced-evaluation,qrm=13312,cqrm=1536,eor=656,in=544768,out=282624;witness=ET,s=-,h=-,partial=-,quotient=-,src=tensor-k2,dA=64,sec=Linf]/L4[chunks=1@0,rel=reduced-evaluation,qrm=10240,cqrm=0,eor=624,in=282624,out=163840;witness=ET,s=-,h=-,partial=-,quotient=-,src=tensor-k2,dA=64,sec=L2]/L5[chunks=1@0,rel=reduced-evaluation,qrm=9152,cqrm=0,eor=592,in=163840,out=98304;witness=ET,s=-,h=-,partial=-,quotient=-,src=tensor-k2,dA=64,sec=L2]/T[method=ET,src=tensor-k2,eor=560,input=98304,dA=64,sec=L2]
fp64_onehot	final=34:1;precommitted=	66a207dd2ca7efff383d2cbfb09722aa71c0b3e44ba990a146833ebba9496679	8388608	8388608	71524	7	6e3280f6598715c62f181ba41dc52657cbfc378fd7a2984feae83b3ee6360ea6	cutover=L2;L0[chunks=1@0,rel=quotient,qrm=0,cqrm=0,eor=0,in=17179869184,out=85589568;witness=PACK,s=64,h=8,partial=128,quotient=128,src=canonical,dA=1024,sec=Linf]/L1[chunks=1@0,rel=quotient,qrm=0,cqrm=0,eor=0,in=85589568,out=5432896;witness=PACK,s=64,h=2,partial=128,quotient=128,src=canonical,dA=256,sec=Linf]/L2[chunks=1@0,rel=reduced-evaluation,qrm=19712,cqrm=2112,eor=752,in=5432896,out=1200128;witness=ET,s=-,h=-,partial=-,quotient=-,src=tensor-k2,dA=128,sec=Linf]/L3[chunks=1@0,rel=reduced-evaluation,qrm=11648,cqrm=1248,eor=688,in=1200128,out=315392;witness=ET,s=-,h=-,partial=-,quotient=-,src=tensor-k2,dA=128,sec=Linf]/L4[chunks=1@0,rel=reduced-evaluation,qrm=8448,cqrm=0,eor=624,in=315392,out=131072;witness=ET,s=-,h=-,partial=-,quotient=-,src=tensor-k2,dA=128,sec=L2]/L5[chunks=1@0,rel=reduced-evaluation,qrm=8448,cqrm=0,eor=560,in=131072,out=81920;witness=ET,s=-,h=-,partial=-,quotient=-,src=tensor-k2,dA=128,sec=L2]/T[method=ET,src=tensor-k2,eor=560,input=81920,dA=128,sec=L2]
fp64_onehot	final=35:1;precommitted=	bfb5adcb7db566d2caa4ca8d06480c0b099cf7f3e72a2b1f762b149ecb03e830	16777216	16777216	71525	7	a146624ba58c83f5c5be242eff37a47b188bbb00173baff31986d5ddbc8bcdfd	cutover=L2;L0[chunks=1@0,rel=quotient,qrm=0,cqrm=0,eor=0,in=34359738368,out=84990848;witness=PACK,s=128,h=2,partial=256,quotient=256,src=canonical,dA=512,sec=Linf]/L1[chunks=1@0,rel=quotient,qrm=0,cqrm=0,eor=0,in=84990848,out=5432896;witness=PACK,s=64,h=2,partial=128,quotient=128,src=canonical,dA=256,sec=Linf]/L2[chunks=1@0,rel=reduced-evaluation,qrm=19712,cqrm=2112,eor=752,in=5432896,out=1200128;witness=ET,s=-,h=-,partial=-,quotient=-,src=tensor-k2,dA=128,sec=Linf]/L3[chunks=1@0,rel=reduced-evaluation,qrm=11648,cqrm=1248,eor=688,in=1200128,out=315392;witness=ET,s=-,h=-,partial=-,quotient=-,src=tensor-k2,dA=128,sec=Linf]/L4[chunks=1@0,rel=reduced-evaluation,qrm=8448,cqrm=0,eor=624,in=315392,out=131072;witness=ET,s=-,h=-,partial=-,quotient=-,src=tensor-k2,dA=128,sec=L2]/L5[chunks=1@0,rel=reduced-evaluation,qrm=8448,cqrm=0,eor=560,in=131072,out=81920;witness=ET,s=-,h=-,partial=-,quotient=-,src=tensor-k2,dA=128,sec=L2]/T[method=ET,src=tensor-k2,eor=560,input=81920,dA=128,sec=L2]
